{"type":"FeatureCollection","crs":{"type":"name","properties":{"name":"EPSG:4326"}},"features":[{"type":"Feature","geometry":{"type":"MultiPolygon","coordinates":[[[[-121.16837,41.18439],[-121.15943,41.18443],[-121.16248,41.18439],[-121.16837,41.18439]]],[[[-124.16609,40.80788],[-124.16339,40.81087],[-124.15793,40.81271],[-124.15554,40.81168],[-124.15872,40.80826],[-124.16609,40.80788]]],[[[-124.1784,40.80756],[-124.17324,40.81629],[-124.1695,40.81826],[-124.16613,40.81777],[-124.16739,40.81999],[-124.16278,40.81848],[-124.15961,40.81966],[-124.1568,40.81785],[-124.15781,40.81522],[-124.17176,40.80862],[-124.1784,40.80756]]],[[[-122.37483,40.63269],[-122.37485,40.63624],[-122.3884,40.63575],[-122.38614,40.63796],[-122.38747,40.64982],[-122.3841,40.64967],[-122.38334,40.64024],[-122.37962,40.63979],[-122.37844,40.63778],[-122.375,40.63902],[-122.37505,40.64533],[-122.36893,40.64533],[-122.36891,40.63994],[-122.36607,40.63995],[-122.36809,40.63431],[-122.36885,40.63273],[-122.37483,40.63269]]],[[[-122.49992,37.88619],[-122.50295,37.89061],[-122.50241,37.89192],[-122.50073,37.8915],[-122.49892,37.88638],[-122.49992,37.88619]]],[[[-122.41897,37.85248],[-122.42908,37.8555],[-122.43466,37.85361],[-122.44079,37.85527],[-122.44259,37.85868],[-122.44636,37.86124],[-122.4412,37.86286],[-122.43876,37.86849],[-122.43719,37.8666],[-122.43462,37.86706],[-122.43462,37.86962],[-122.43174,37.87176],[-122.42457,37.87063],[-122.42181,37.86386],[-122.4187,37.86214],[-122.42111,37.85892],[-122.41897,37.85248]]],[[[-122.42145,37.82502],[-122.42557,37.82827],[-122.4207,37.8266],[-122.42145,37.82502]]],[[[-121.55706,37.81572],[-121.55706,37.81573],[-121.55697,37.81683],[-121.55706,37.81572]]],[[[-122.36216,37.807],[-122.36706,37.80747],[-122.37281,37.81076],[-122.37132,37.81489],[-122.37914,37.82679],[-122.37772,37.83038],[-122.37267,37.8332],[-122.37316,37.83222],[-122.36862,37.8311],[-122.36749,37.82936],[-122.36689,37.83035],[-122.36292,37.82255],[-122.36357,37.82084],[-122.36052,37.82009],[-122.36371,37.82051],[-122.36428,37.81855],[-122.37111,37.81599],[-122.36986,37.81331],[-122.36738,37.81224],[-122.35888,37.81477],[-122.36103,37.81236],[-122.36121,37.81024],[-122.36031,37.81082],[-122.36216,37.807]]],[[[-122.24655,37.77884],[-122.25237,37.78207],[-122.25384,37.7853],[-122.24818,37.78372],[-122.24619,37.78183],[-122.24655,37.77884]]],[[[-122.38503,37.76744],[-122.38469,37.76813],[-122.38246,37.76784],[-122.38503,37.76744]]],[[[-122.38468,37.76668],[-122.3836,37.7671],[-122.38328,37.76696],[-122.38468,37.76668]]],[[[-122.28292,37.76374],[-122.28886,37.76553],[-122.28789,37.76875],[-122.28442,37.76857],[-122.28442,37.76717],[-122.28653,37.7678],[-122.28723,37.76627],[-122.28292,37.76374]]],[[[-122.23674,37.74986],[-122.27064,37.76126],[-122.27613,37.76802],[-122.27802,37.76848],[-122.28072,37.7663],[-122.2799,37.76813],[-122.28158,37.76834],[-122.28166,37.77109],[-122.28441,37.76916],[-122.28946,37.76987],[-122.29136,37.76841],[-122.29174,37.76978],[-122.29957,37.77203],[-122.30499,37.77213],[-122.30092,37.77242],[-122.30077,37.77354],[-122.306,37.77438],[-122.2998,37.77542],[-122.31557,37.77648],[-122.31809,37.77953],[-122.33167,37.78139],[-122.33195,37.7962],[-122.33069,37.79721],[-122.30084,37.79037],[-122.28982,37.79031],[-122.28979,37.79183],[-122.28837,37.79035],[-122.28815,37.79197],[-122.2873,37.79036],[-122.28727,37.79206],[-122.27588,37.79079],[-122.27478,37.78806],[-122.27123,37.78767],[-122.27176,37.78664],[-122.26806,37.78327],[-122.26548,37.78401],[-122.26101,37.78255],[-122.26064,37.77804],[-122.25928,37.78235],[-122.2576,37.78186],[-122.2562,37.78103],[-122.258,37.77801],[-122.25135,37.77828],[-122.24864,37.77557],[-122.24532,37.77548],[-122.24609,37.77424],[-122.24377,37.77512],[-122.22659,37.76606],[-122.22469,37.76212],[-122.22541,37.75577],[-122.23343,37.74996],[-122.23508,37.75098],[-122.23674,37.74986]]],[[[-122.28919,37.56824],[-122.29073,37.56892],[-122.28999,37.56973],[-122.28738,37.56888],[-122.28919,37.56824]]],[[[-122.23435,37.54916],[-122.24149,37.55009],[-122.24341,37.55236],[-122.23249,37.55251],[-122.2287,37.55035],[-122.23435,37.54916]]],[[[-122.0941,37.45414],[-122.0995,37.45539],[-122.10004,37.45749],[-122.09665,37.45834],[-122.0941,37.45414]]],[[[-119.44567,34.34677],[-119.44614,34.3479],[-119.44485,34.34825],[-119.44567,34.34677]]],[[[-118.44374,34.27366],[-118.45596,34.28513],[-118.43254,34.30502],[-118.42142,34.29474],[-118.41859,34.29682],[-118.41596,34.29435],[-118.4188,34.29227],[-118.41712,34.29066],[-118.4341,34.27817],[-118.43562,34.27958],[-118.44374,34.27366]]],[[[-118.41746,34.10545],[-118.41754,34.11271],[-118.41627,34.11268],[-118.41574,34.11604],[-118.41393,34.11604],[-118.41398,34.11991],[-118.41186,34.11992],[-118.40933,34.1124],[-118.41393,34.11222],[-118.41392,34.11095],[-118.40965,34.1091],[-118.40966,34.10544],[-118.41746,34.10545]]],[[[-118.40725,34.05435],[-118.41409,34.06308],[-118.41841,34.07277],[-118.42092,34.07569],[-118.42326,34.07605],[-118.42276,34.0833],[-118.42705,34.08333],[-118.42699,34.09095],[-118.42267,34.09092],[-118.42268,34.09451],[-118.41389,34.09453],[-118.41156,34.09252],[-118.40862,34.09742],[-118.40891,34.10179],[-118.40535,34.10172],[-118.4053,34.09657],[-118.40219,34.09379],[-118.40081,34.09422],[-118.4009,34.10901],[-118.39856,34.10896],[-118.39912,34.11172],[-118.39105,34.11268],[-118.3903,34.10955],[-118.392,34.10656],[-118.39201,34.0991],[-118.39647,34.09638],[-118.39584,34.09123],[-118.38612,34.09121],[-118.38444,34.09399],[-118.38119,34.09355],[-118.38123,34.09231],[-118.36838,34.09823],[-118.36749,34.09709],[-118.36156,34.09752],[-118.36156,34.09472],[-118.34343,34.09465],[-118.34344,34.0892],[-118.35282,34.08924],[-118.35286,34.08748],[-118.36271,34.08751],[-118.36273,34.0891],[-118.36646,34.0893],[-118.36647,34.08747],[-118.37025,34.08741],[-118.37101,34.08588],[-118.37242,34.08623],[-118.37245,34.09057],[-118.37638,34.08933],[-118.37709,34.08346],[-118.37032,34.08347],[-118.37029,34.08046],[-118.37422,34.08047],[-118.37529,34.08233],[-118.37526,34.08046],[-118.37725,34.08045],[-118.37706,34.07663],[-118.39073,34.07673],[-118.39076,34.07235],[-118.38375,34.07234],[-118.38371,34.0699],[-118.37586,34.07054],[-118.37226,34.06255],[-118.37731,34.05966],[-118.37728,34.06321],[-118.38353,34.06321],[-118.38369,34.05745],[-118.40595,34.05731],[-118.40562,34.05436],[-118.40725,34.05435]]],[[[-118.4522,34.04736],[-118.45408,34.04956],[-118.45665,34.04801],[-118.46797,34.0612],[-118.46899,34.06618],[-118.46686,34.068],[-118.46011,34.06063],[-118.45691,34.06253],[-118.45962,34.06573],[-118.45466,34.06703],[-118.44398,34.05361],[-118.4483,34.05253],[-118.44669,34.05067],[-118.4522,34.04736]]],[[[-118.48522,33.99454],[-118.49342,34.00543],[-118.4972,34.00837],[-118.5001,34.00755],[-118.49807,34.00898],[-118.51748,34.02466],[-118.5087,34.03329],[-118.50795,34.03963],[-118.50354,34.04113],[-118.49451,34.05083],[-118.48382,34.04167],[-118.47732,34.04687],[-118.45921,34.0316],[-118.45322,34.02851],[-118.44347,34.01679],[-118.48522,33.99454]]],[[[-118.42004,33.99051],[-118.42047,33.9917],[-118.41599,33.99393],[-118.42004,33.99051]]],[[[-118.44817,33.96003],[-118.4516,33.96481],[-118.44674,33.96782],[-118.44647,33.97448],[-118.44117,33.97709],[-118.44191,33.97811],[-118.4465,33.97592],[-118.44645,33.97734],[-118.44124,33.97984],[-118.4422,33.98126],[-118.44641,33.97926],[-118.44303,33.9825],[-118.45666,33.98297],[-118.44981,33.98211],[-118.45795,33.98044],[-118.45706,33.97918],[-118.44973,33.97944],[-118.45778,33.97845],[-118.45776,33.97681],[-118.44972,33.97693],[-118.45746,33.97588],[-118.45655,33.97426],[-118.44975,33.97427],[-118.45626,33.97318],[-118.45501,33.9717],[-118.4497,33.97171],[-118.45294,33.96683],[-118.4635,33.98131],[-118.45513,33.98664],[-118.44631,33.98453],[-118.44745,33.9858],[-118.44394,33.9875],[-118.44282,33.98629],[-118.43465,33.99025],[-118.42861,33.98173],[-118.42515,33.98598],[-118.4197,33.9891],[-118.41717,33.98631],[-118.40569,33.99332],[-118.39993,34.0022],[-118.40264,34.00368],[-118.40588,33.99942],[-118.41424,34.00404],[-118.41959,33.99798],[-118.43109,33.99667],[-118.42975,33.99003],[-118.43087,33.98943],[-118.43719,33.99552],[-118.44706,33.99076],[-118.44841,33.99357],[-118.44338,33.99555],[-118.44251,33.99373],[-118.42857,34.00165],[-118.42582,33.99803],[-118.4206,33.99868],[-118.4183,34.00103],[-118.42128,34.00467],[-118.4174,34.00706],[-118.42155,34.01067],[-118.40686,34.01885],[-118.4056,34.01719],[-118.40043,34.02017],[-118.40146,34.02142],[-118.39902,34.02102],[-118.39752,34.02192],[-118.39855,34.02318],[-118.38717,34.02965],[-118.3695,34.03539],[-118.37187,34.0302],[-118.37626,34.02887],[-118.37813,34.02155],[-118.38553,34.01981],[-118.3817,34.01806],[-118.37268,34.01867],[-118.37413,34.01527],[-118.37317,34.01219],[-118.37266,34.01611],[-118.36675,34.01589],[-118.36727,34.00754],[-118.36501,34.00599],[-118.36146,34.00886],[-118.3576,34.0095],[-118.35919,34.00197],[-118.35779,33.99749],[-118.35141,34.00491],[-118.34176,34.00494],[-118.33569,34.00859],[-118.3316,34.00239],[-118.3317,33.99648],[-118.33722,33.99641],[-118.33723,33.98875],[-118.35257,33.98955],[-118.3526,33.98329],[-118.37161,33.98322],[-118.37175,33.97762],[-118.38051,33.97658],[-118.38601,33.97713],[-118.40067,33.98414],[-118.40463,33.97712],[-118.41885,33.97262],[-118.42281,33.97021],[-118.42361,33.96723],[-118.42625,33.96546],[-118.43261,33.96714],[-118.44817,33.96003]]],[[[-118.2992,33.84744],[-118.29923,33.85864],[-118.29703,33.85864],[-118.29704,33.84757],[-118.2992,33.84744]]],[[[-118.30921,33.73824],[-118.3092,33.74186],[-118.30431,33.74186],[-118.30413,33.74015],[-118.30221,33.73966],[-118.30308,33.74185],[-118.30175,33.74186],[-118.30171,33.74364],[-118.29671,33.74363],[-118.29675,33.73821],[-118.30921,33.73824]]],[[[-118.24729,33.71532],[-118.25776,33.71688],[-118.26032,33.72372],[-118.258,33.72869],[-118.241,33.73366],[-118.24731,33.74879],[-118.25056,33.7507],[-118.25413,33.74545],[-118.25217,33.74466],[-118.25327,33.74242],[-118.25018,33.73501],[-118.24798,33.73484],[-118.26426,33.73047],[-118.26267,33.73103],[-118.26496,33.73088],[-118.26344,33.73458],[-118.26553,33.7353],[-118.26681,33.73388],[-118.265,33.73611],[-118.26636,33.73862],[-118.27093,33.73671],[-118.26754,33.73369],[-118.26836,33.72975],[-118.26476,33.72246],[-118.26768,33.72174],[-118.2705,33.7289],[-118.26886,33.7294],[-118.27083,33.73003],[-118.26908,33.73069],[-118.2715,33.73018],[-118.27039,33.73521],[-118.2716,33.73615],[-118.2725,33.73268],[-118.27474,33.74068],[-118.26996,33.74864],[-118.25773,33.75944],[-118.2253,33.76837],[-118.22036,33.76143],[-118.21853,33.75371],[-118.22295,33.75243],[-118.22482,33.75683],[-118.22907,33.75556],[-118.22816,33.7523],[-118.22947,33.75544],[-118.24579,33.75067],[-118.2425,33.74375],[-118.23348,33.74229],[-118.23282,33.74516],[-118.23325,33.74225],[-118.23139,33.74198],[-118.22725,33.74316],[-118.22674,33.74544],[-118.22704,33.74324],[-118.22513,33.7438],[-118.22436,33.7466],[-118.22486,33.7439],[-118.2198,33.74535],[-118.21745,33.74442],[-118.23111,33.74048],[-118.2443,33.74255],[-118.23711,33.72783],[-118.25117,33.72359],[-118.24598,33.71631],[-118.24729,33.71532]]],[[[-118.31729,33.71395],[-118.32336,33.71875],[-118.34257,33.72601],[-118.35146,33.72715],[-118.35706,33.73414],[-118.36343,33.73791],[-118.36786,33.73784],[-118.3694,33.73636],[-118.37214,33.73845],[-118.37411,33.73706],[-118.37612,33.74031],[-118.38164,33.74234],[-118.39837,33.73621],[-118.40383,33.74117],[-118.41151,33.74112],[-118.41087,33.7432],[-118.41463,33.75156],[-118.41328,33.75311],[-118.41861,33.76034],[-118.41752,33.76205],[-118.42242,33.76343],[-118.42193,33.76557],[-118.42467,33.76725],[-118.42217,33.76837],[-118.42263,33.77142],[-118.42827,33.77395],[-118.41874,33.78641],[-118.40738,33.79132],[-118.40863,33.79697],[-118.40448,33.8003],[-118.39464,33.80398],[-118.39102,33.81733],[-118.3907,33.83644],[-118.3924,33.83875],[-118.3912,33.83918],[-118.39176,33.84078],[-118.39429,33.84184],[-118.39113,33.84068],[-118.39175,33.84257],[-118.39653,33.84386],[-118.39826,33.84615],[-118.39471,33.84513],[-118.39588,33.84851],[-118.39889,33.84827],[-118.39871,33.84683],[-118.39997,33.84843],[-118.39679,33.84923],[-118.39745,33.85096],[-118.40167,33.84842],[-118.39953,33.84382],[-118.39543,33.84093],[-118.3997,33.84363],[-118.40182,33.84777],[-118.39958,33.85259],[-118.40484,33.86685],[-118.42403,33.90704],[-118.42997,33.9165],[-118.42222,33.91653],[-118.42224,33.92024],[-118.42439,33.92026],[-118.42441,33.92203],[-118.42659,33.92205],[-118.42773,33.92387],[-118.42874,33.93118],[-118.37843,33.93119],[-118.37841,33.9294],[-118.36831,33.92942],[-118.3683,33.93124],[-118.37006,33.93122],[-118.37004,33.94206],[-118.36794,33.95052],[-118.37004,33.9505],[-118.37009,33.953],[-118.37873,33.9529],[-118.37874,33.95914],[-118.37125,33.96372],[-118.37289,33.96798],[-118.37008,33.96846],[-118.37033,33.98193],[-118.33511,33.98199],[-118.33514,33.97297],[-118.33294,33.97299],[-118.33299,33.96752],[-118.32645,33.96754],[-118.3264,33.97118],[-118.31773,33.97118],[-118.31774,33.94576],[-118.31338,33.94576],[-118.3134,33.93849],[-118.30902,33.93849],[-118.30902,33.94208],[-118.30521,33.94211],[-118.30519,33.94574],[-118.30248,33.94576],[-118.30244,33.9503],[-118.30028,33.95029],[-118.30023,33.95987],[-118.2916,33.95986],[-118.29055,33.86658],[-118.30914,33.86588],[-118.3082,33.8095],[-118.30936,33.80922],[-118.30876,33.78548],[-118.30991,33.78227],[-118.30951,33.77929],[-118.30781,33.77974],[-118.30104,33.75799],[-118.30899,33.75804],[-118.30965,33.74718],[-118.3185,33.74717],[-118.31971,33.74231],[-118.3186,33.73678],[-118.32041,33.73608],[-118.31864,33.73516],[-118.31864,33.73234],[-118.32101,33.73141],[-118.32124,33.7297],[-118.31255,33.72963],[-118.30901,33.72613],[-118.31011,33.72659],[-118.31006,33.71761],[-118.31197,33.7142],[-118.31729,33.71395]]],[[[-115.05121,33.42848],[-115.03005,33.4286],[-115.04667,33.42845],[-115.05121,33.42848]]],[[[-116.06118,33.42597],[-116.0594,33.42611],[-116.05954,33.42598],[-116.06118,33.42597]]],[[[-116.10373,32.83776],[-116.10373,32.83784],[-116.10367,32.83857],[-116.10373,32.83776]]],[[[-117.2389,32.77093],[-117.24243,32.77497],[-117.24203,32.77675],[-117.23884,32.77756],[-117.23771,32.77604],[-117.2369,32.7776],[-117.2322,32.77891],[-117.23404,32.77206],[-117.2389,32.77093]]],[[[-117.12486,32.53416],[-117.12857,32.55486],[-117.13171,32.5578],[-117.13346,32.56594],[-117.13277,32.59196],[-117.1345,32.60914],[-117.14022,32.62739],[-117.15288,32.65189],[-117.1643,32.66721],[-117.17417,32.67652],[-117.18067,32.67895],[-117.17889,32.6797],[-117.18028,32.68157],[-117.18955,32.68639],[-117.19153,32.68431],[-117.21284,32.68649],[-117.22375,32.68284],[-117.22663,32.68883],[-117.22716,32.69757],[-117.22285,32.70505],[-117.2167,32.71039],[-117.2045,32.71453],[-117.19826,32.71468],[-117.19144,32.71397],[-117.18803,32.71186],[-117.19057,32.70662],[-117.16666,32.69795],[-117.16345,32.68869],[-117.1658,32.67999],[-117.16795,32.67874],[-117.17302,32.68239],[-117.17529,32.6797],[-117.16714,32.675],[-117.16367,32.67559],[-117.15762,32.68047],[-117.15403,32.67762],[-117.15986,32.67225],[-117.16029,32.66662],[-117.15674,32.66519],[-117.15425,32.65831],[-117.15144,32.65863],[-117.14825,32.65568],[-117.14793,32.6541],[-117.15027,32.65336],[-117.15026,32.65175],[-117.14598,32.65151],[-117.14434,32.64987],[-117.13835,32.63852],[-117.14113,32.63664],[-117.13844,32.63101],[-117.13331,32.63302],[-117.13177,32.6317],[-117.13755,32.63014],[-117.13606,32.62969],[-117.13543,32.62626],[-117.1353,32.62977],[-117.13093,32.62975],[-117.13488,32.62909],[-117.13187,32.62885],[-117.13209,32.62758],[-117.13488,32.62791],[-117.13334,32.62733],[-117.13486,32.62637],[-117.13207,32.62711],[-117.13196,32.62592],[-117.136,32.62609],[-117.13402,32.62523],[-117.13369,32.62297],[-117.13345,32.62525],[-117.13095,32.6239],[-117.12976,32.62752],[-117.12859,32.62202],[-117.13084,32.62362],[-117.13213,32.62077],[-117.13352,32.62259],[-117.13242,32.62048],[-117.1335,32.61881],[-117.13068,32.62136],[-117.12935,32.62074],[-117.13235,32.61882],[-117.12979,32.61973],[-117.13126,32.61763],[-117.12894,32.62049],[-117.12801,32.61948],[-117.13224,32.61557],[-117.13273,32.61007],[-117.12971,32.60687],[-117.11962,32.60344],[-117.1052,32.60292],[-117.09864,32.60515],[-117.09879,32.61269],[-117.09657,32.61364],[-117.0984,32.61489],[-117.09717,32.62031],[-117.10348,32.61876],[-117.10424,32.62225],[-117.10226,32.62001],[-117.10001,32.62071],[-117.10189,32.62571],[-117.10579,32.62503],[-117.10846,32.62965],[-117.10532,32.63216],[-117.10881,32.63648],[-117.11398,32.63813],[-117.11948,32.64634],[-117.12235,32.65681],[-117.118,32.65732],[-117.11924,32.66657],[-117.11976,32.66911],[-117.12322,32.66862],[-117.12363,32.66999],[-117.12102,32.66987],[-117.11608,32.67412],[-117.11888,32.67229],[-117.12909,32.68449],[-117.13304,32.6822],[-117.13069,32.68406],[-117.13346,32.68692],[-117.1291,32.68789],[-117.13817,32.68637],[-117.13954,32.68715],[-117.1376,32.68769],[-117.13849,32.68993],[-117.14206,32.68989],[-117.15192,32.697],[-117.15477,32.69627],[-117.16126,32.70075],[-117.1579,32.70198],[-117.16282,32.70536],[-117.16374,32.70278],[-117.16635,32.70489],[-117.16357,32.70587],[-117.16902,32.70841],[-117.16749,32.70537],[-117.17183,32.7089],[-117.17332,32.71221],[-117.17573,32.71145],[-117.17582,32.71283],[-117.17357,32.71268],[-117.17344,32.71387],[-117.17669,32.7141],[-117.17346,32.71476],[-117.17671,32.71556],[-117.17346,32.71592],[-117.17671,32.71688],[-117.17669,32.71799],[-117.17346,32.71802],[-117.17342,32.72338],[-117.17503,32.72332],[-117.17344,32.72403],[-117.17524,32.72392],[-117.17358,32.72463],[-117.17537,32.72451],[-117.17361,32.72478],[-117.1756,32.72686],[-117.1798,32.72724],[-117.18097,32.72561],[-117.18598,32.72841],[-117.18828,32.72703],[-117.19541,32.72738],[-117.19486,32.72591],[-117.18813,32.72405],[-117.20146,32.72505],[-117.21331,32.72391],[-117.19899,32.72605],[-117.19945,32.72858],[-117.20539,32.72867],[-117.21522,32.72795],[-117.21762,32.72193],[-117.22374,32.72472],[-117.22727,32.72419],[-117.22751,32.72111],[-117.22244,32.71829],[-117.22038,32.71972],[-117.22029,32.71827],[-117.23235,32.70818],[-117.23467,32.70875],[-117.22426,32.71736],[-117.22728,32.71991],[-117.22902,32.71767],[-117.23113,32.71884],[-117.23529,32.71609],[-117.23564,32.714],[-117.23291,32.715],[-117.23679,32.71129],[-117.23618,32.70362],[-117.2381,32.70129],[-117.23608,32.70139],[-117.2375,32.69905],[-117.23681,32.7006],[-117.23887,32.69975],[-117.23983,32.69447],[-117.23934,32.69007],[-117.23725,32.69028],[-117.23849,32.6886],[-117.23503,32.68968],[-117.23816,32.68838],[-117.23773,32.68735],[-117.23425,32.68855],[-117.23662,32.6867],[-117.23243,32.68628],[-117.23761,32.68146],[-117.23693,32.66835],[-117.24209,32.66486],[-117.24458,32.66632],[-117.24543,32.67402],[-117.25055,32.68359],[-117.2508,32.68955],[-117.25373,32.69233],[-117.25605,32.69798],[-117.25564,32.71555],[-117.25792,32.72522],[-117.25584,32.72749],[-117.2569,32.73341],[-117.25518,32.73776],[-117.2554,32.74577],[-117.25224,32.75665],[-117.25846,32.75591],[-117.24383,32.75806],[-117.24125,32.76193],[-117.24045,32.75935],[-117.23423,32.76012],[-117.23443,32.76195],[-117.23834,32.76469],[-117.24151,32.76323],[-117.24216,32.76461],[-117.24041,32.76725],[-117.23718,32.76793],[-117.23505,32.76647],[-117.23551,32.76873],[-117.23416,32.76963],[-117.2317,32.76675],[-117.22741,32.76784],[-117.21791,32.76545],[-117.21752,32.76382],[-117.21125,32.76638],[-117.21019,32.7688],[-117.21658,32.767],[-117.22142,32.77283],[-117.22267,32.77231],[-117.22,32.76955],[-117.22096,32.76775],[-117.22958,32.77044],[-117.22502,32.77517],[-117.2183,32.78793],[-117.21534,32.78986],[-117.21229,32.78748],[-117.21676,32.78323],[-117.21375,32.77687],[-117.21919,32.77743],[-117.21622,32.77419],[-117.21159,32.77243],[-117.21081,32.76924],[-117.20817,32.77027],[-117.21254,32.77887],[-117.21182,32.78367],[-117.20998,32.78228],[-117.20864,32.78725],[-117.21089,32.78944],[-117.20953,32.79339],[-117.21086,32.79668],[-117.21595,32.79657],[-117.21608,32.79487],[-117.21154,32.79373],[-117.21676,32.79232],[-117.21989,32.79508],[-117.22309,32.7946],[-117.22383,32.79297],[-117.22477,32.79511],[-117.22728,32.7946],[-117.23174,32.78892],[-117.23268,32.78251],[-117.23621,32.77939],[-117.23999,32.78275],[-117.24203,32.78961],[-117.24962,32.79112],[-117.25227,32.7869],[-117.25069,32.78326],[-117.24962,32.7854],[-117.24843,32.785],[-117.24816,32.78183],[-117.25056,32.78231],[-117.25115,32.77889],[-117.24821,32.77998],[-117.24678,32.77816],[-117.25122,32.77794],[-117.25083,32.77593],[-117.2487,32.7724],[-117.24686,32.77288],[-117.24716,32.77568],[-117.24565,32.7757],[-117.24537,32.77124],[-117.24274,32.76971],[-117.24621,32.76368],[-117.24643,32.76873],[-117.24884,32.7694],[-117.24955,32.76348],[-117.24726,32.76076],[-117.24536,32.76193],[-117.24581,32.76027],[-117.2584,32.75845],[-117.25311,32.75924],[-117.25366,32.7812],[-117.25711,32.79557],[-117.26405,32.80698],[-117.26807,32.80802],[-117.27328,32.81425],[-117.27385,32.81799],[-117.27594,32.81797],[-117.28076,32.82226],[-117.28008,32.82619],[-117.28254,32.83291],[-117.28141,32.83543],[-117.28243,32.84019],[-117.27935,32.84431],[-117.27917,32.8473],[-117.27342,32.85113],[-117.2651,32.84889],[-117.2607,32.85252],[-117.25614,32.8595],[-117.25157,32.87437],[-117.25567,32.90635],[-117.25947,32.91455],[-117.26021,32.931],[-117.26856,32.95934],[-117.27023,32.97503],[-117.27827,33.0004],[-117.27976,33.01163],[-117.29033,33.03113],[-117.29661,33.03705],[-117.30168,33.05684],[-117.30977,33.07454],[-117.31424,33.09011],[-117.3184,33.0957],[-117.32864,33.122],[-117.33684,33.13125],[-117.34065,33.14074],[-117.34441,33.14478],[-117.34358,33.14588],[-117.34483,33.14528],[-117.36166,33.16795],[-117.39055,33.20087],[-117.39766,33.20719],[-117.39975,33.20576],[-117.39982,33.20727],[-117.39632,33.20775],[-117.39141,33.20395],[-117.38924,33.20519],[-117.38955,33.20655],[-117.39242,33.20627],[-117.39436,33.20804],[-117.39429,33.21262],[-117.39783,33.21036],[-117.3957,33.20857],[-117.40019,33.21151],[-117.40549,33.21127],[-117.40284,33.20549],[-117.40581,33.20927],[-117.40484,33.21508],[-117.416,33.23196],[-117.41784,33.23256],[-117.45467,33.27773],[-117.4863,33.31349],[-117.51346,33.33921],[-117.5457,33.36271],[-117.56424,33.37174],[-117.57541,33.37993],[-117.58909,33.38237],[-117.59515,33.38596],[-117.60056,33.3971],[-117.62111,33.42097],[-117.6405,33.43745],[-117.65475,33.44702],[-117.68126,33.46127],[-117.68907,33.46128],[-117.68964,33.45931],[-117.69453,33.45674],[-117.70821,33.46062],[-117.71477,33.45998],[-117.71711,33.46668],[-117.72711,33.48311],[-117.7344,33.48453],[-117.73364,33.487],[-117.73788,33.48867],[-117.73697,33.48954],[-117.73828,33.48955],[-117.74166,33.49788],[-117.74425,33.49783],[-117.74391,33.49935],[-117.74633,33.50059],[-117.75545,33.51253],[-117.75789,33.51267],[-117.75881,33.51438],[-117.76063,33.51326],[-117.76219,33.51829],[-117.76632,33.52347],[-117.77212,33.52695],[-117.78493,33.54166],[-117.79247,33.54308],[-117.79567,33.54528],[-117.79872,33.54562],[-117.80001,33.54404],[-117.80146,33.54654],[-117.80603,33.54672],[-117.80557,33.54809],[-117.80692,33.54785],[-117.80922,33.5516],[-117.81246,33.55236],[-117.81427,33.55024],[-117.81544,33.55356],[-117.81996,33.55328],[-117.82042,33.55771],[-117.82434,33.56164],[-117.8332,33.56559],[-117.84295,33.57509],[-117.86409,33.58489],[-117.87244,33.59213],[-117.88116,33.59356],[-117.87956,33.5881],[-117.88179,33.59363],[-117.90036,33.59975],[-117.9012,33.59838],[-117.90065,33.59987],[-117.90567,33.60148],[-117.92953,33.60702],[-117.93125,33.6058],[-117.92966,33.6072],[-117.93122,33.60975],[-117.94176,33.62074],[-117.96113,33.62963],[-118.00339,33.65576],[-118.00634,33.65303],[-118.00355,33.65591],[-118.03391,33.6803],[-118.06542,33.71056],[-118.06452,33.71157],[-118.06678,33.71156],[-118.08695,33.72996],[-118.08903,33.73086],[-118.09224,33.7293],[-118.09042,33.73012],[-118.09053,33.73201],[-118.09368,33.73395],[-118.08495,33.73119],[-118.08831,33.73539],[-118.09048,33.73499],[-118.09635,33.73833],[-118.09909,33.73571],[-118.09578,33.73457],[-118.10087,33.73404],[-118.10019,33.73507],[-118.10273,33.73679],[-118.11578,33.74026],[-118.11332,33.74542],[-118.11473,33.74555],[-118.11573,33.74911],[-118.11502,33.7519],[-118.11808,33.75264],[-118.12124,33.75032],[-118.11658,33.74601],[-118.11766,33.74378],[-118.12388,33.74784],[-118.14589,33.75705],[-118.1581,33.76048],[-118.17432,33.76372],[-118.18006,33.76333],[-118.18189,33.762],[-118.18086,33.76059],[-118.18315,33.76326],[-118.19096,33.75974],[-118.18755,33.757],[-118.1836,33.75816],[-118.18732,33.75656],[-118.19152,33.7596],[-118.19947,33.76132],[-118.19893,33.76325],[-118.20067,33.76328],[-118.20006,33.76157],[-118.20242,33.76119],[-118.20165,33.75897],[-118.19715,33.75544],[-118.18761,33.75167],[-118.19011,33.7496],[-118.18612,33.7385],[-118.19394,33.73854],[-118.1945,33.73659],[-118.18567,33.73663],[-118.18512,33.73304],[-118.19571,33.73291],[-118.19713,33.7362],[-118.20238,33.73629],[-118.20493,33.73858],[-118.20239,33.74063],[-118.19539,33.74066],[-118.19247,33.74379],[-118.19672,33.7438],[-118.19729,33.75119],[-118.19896,33.75109],[-118.19908,33.7439],[-118.20625,33.74457],[-118.207,33.75068],[-118.21295,33.74762],[-118.20682,33.74257],[-118.20662,33.74029],[-118.21553,33.74624],[-118.2152,33.75227],[-118.20743,33.75629],[-118.20766,33.763],[-118.20896,33.763],[-118.20987,33.75727],[-118.21379,33.75633],[-118.21392,33.76263],[-118.2151,33.7628],[-118.21511,33.75736],[-118.21634,33.75737],[-118.22051,33.7649],[-118.22027,33.76685],[-118.21671,33.76752],[-118.21801,33.76832],[-118.20906,33.77047],[-118.21049,33.7713],[-118.20868,33.77314],[-118.21965,33.76881],[-118.22093,33.77066],[-118.20978,33.77601],[-118.21014,33.77712],[-118.22685,33.77005],[-118.2427,33.76662],[-118.22096,33.78297],[-118.22787,33.79027],[-118.22264,33.8041],[-118.22265,33.8127],[-118.22684,33.82961],[-118.22863,33.82462],[-118.22419,33.80669],[-118.23006,33.79308],[-118.23763,33.80069],[-118.25848,33.79972],[-118.25654,33.80504],[-118.2645,33.80479],[-118.26456,33.79941],[-118.29912,33.79803],[-118.29921,33.8466],[-118.28601,33.84658],[-118.28604,33.8545],[-118.29056,33.85451],[-118.29057,33.85911],[-118.28158,33.86313],[-118.28319,33.89722],[-118.28203,33.92349],[-118.25346,33.92338],[-118.25415,33.92973],[-118.23034,33.92927],[-118.23092,33.93187],[-118.22861,33.93931],[-118.2302,33.94636],[-118.23489,33.9463],[-118.23487,33.94739],[-118.23048,33.94747],[-118.2305,33.94857],[-118.23403,33.94851],[-118.23399,33.95349],[-118.24744,33.95457],[-118.24881,33.95357],[-118.24912,33.94356],[-118.25356,33.94354],[-118.2535,33.95151],[-118.25595,33.95338],[-118.2565,33.96043],[-118.25642,33.9895],[-118.23789,33.98942],[-118.23954,34.01508],[-118.20816,34.01537],[-118.20696,34.01295],[-118.20497,34.0128],[-118.20498,34.01481],[-118.19131,34.01316],[-118.19258,34.06207],[-118.16535,34.06263],[-118.1619,34.07479],[-118.16044,34.07547],[-118.16057,34.09369],[-118.1553,34.09852],[-118.17792,34.09902],[-118.17796,34.11063],[-118.16887,34.11816],[-118.1675,34.12126],[-118.1684,34.12431],[-118.16605,34.12595],[-118.17049,34.12729],[-118.17267,34.12614],[-118.17328,34.12367],[-118.17693,34.12342],[-118.17643,34.12705],[-118.18009,34.12684],[-118.18127,34.12993],[-118.18252,34.12968],[-118.18269,34.13153],[-118.18603,34.13405],[-118.18549,34.13932],[-118.1807,34.14157],[-118.18441,34.1457],[-118.18356,34.14948],[-118.18157,34.15047],[-118.18415,34.15989],[-118.19083,34.17105],[-118.1913,34.17377],[-118.18861,34.17813],[-118.19073,34.18033],[-118.19699,34.18011],[-118.20599,34.18727],[-118.20812,34.18745],[-118.20788,34.19077],[-118.2121,34.19291],[-118.21286,34.19562],[-118.21673,34.1981],[-118.21761,34.20577],[-118.2206,34.20508],[-118.22051,34.20625],[-118.22778,34.20621],[-118.23304,34.20807],[-118.23529,34.20943],[-118.2352,34.21336],[-118.23926,34.21752],[-118.24322,34.21833],[-118.24435,34.22106],[-118.24872,34.22284],[-118.24846,34.2444],[-118.24349,34.24706],[-118.24331,34.25258],[-118.23893,34.25255],[-118.23855,34.28175],[-118.2736,34.282],[-118.27369,34.27838],[-118.28665,34.27863],[-118.28631,34.29296],[-118.29936,34.29343],[-118.29945,34.28625],[-118.32672,34.28635],[-118.32678,34.2827],[-118.35184,34.28277],[-118.35187,34.27921],[-118.3548,34.27915],[-118.36741,34.28087],[-118.36935,34.28361],[-118.37009,34.28209],[-118.37138,34.28258],[-118.36998,34.28629],[-118.37347,34.2863],[-118.37264,34.28304],[-118.38624,34.2852],[-118.38416,34.28808],[-118.38626,34.2918],[-118.3817,34.29181],[-118.3817,34.2936],[-118.38359,34.29362],[-118.38356,34.29749],[-118.38804,34.29751],[-118.38805,34.2989],[-118.39451,34.2989],[-118.39454,34.29745],[-118.39673,34.29742],[-118.3969,34.2937],[-118.39956,34.2937],[-118.4015,34.2867],[-118.40617,34.28623],[-118.41059,34.29197],[-118.40324,34.2931],[-118.40313,34.29727],[-118.40091,34.29728],[-118.4009,34.30094],[-118.4053,34.30093],[-118.40471,34.311],[-118.40072,34.31011],[-118.40074,34.31576],[-118.39747,34.31699],[-118.39614,34.32006],[-118.40072,34.31981],[-118.40496,34.32279],[-118.40514,34.33012],[-118.41343,34.3301],[-118.41227,34.32631],[-118.41553,34.32472],[-118.42051,34.32593],[-118.42055,34.32807],[-118.4179,34.32951],[-118.41984,34.3302],[-118.49276,34.33094],[-118.50374,34.33765],[-118.53404,34.31484],[-118.54626,34.31762],[-118.54562,34.31589],[-118.54721,34.31368],[-118.5438,34.30582],[-118.54437,34.30421],[-118.54135,34.30019],[-118.55434,34.29813],[-118.55725,34.30079],[-118.56167,34.30046],[-118.56779,34.29648],[-118.57081,34.30062],[-118.58121,34.30453],[-118.58709,34.30352],[-118.59259,34.27824],[-118.59794,34.27287],[-118.60361,34.27273],[-118.60024,34.27151],[-118.61264,34.27147],[-118.61256,34.26689],[-118.61492,34.26472],[-118.61479,34.25699],[-118.6235,34.25704],[-118.62348,34.25349],[-118.62803,34.25347],[-118.62788,34.24669],[-118.63253,34.24618],[-118.63251,34.23899],[-118.62996,34.23901],[-118.6314,34.23748],[-118.64695,34.23836],[-118.6496,34.22781],[-118.65396,34.22723],[-118.65407,34.21675],[-118.65231,34.21674],[-118.65328,34.21295],[-118.66291,34.21296],[-118.6629,34.20938],[-118.66773,34.20935],[-118.66767,34.20613],[-118.66089,34.20584],[-118.66083,34.20839],[-118.6548,34.20684],[-118.65766,34.18788],[-118.66734,34.18777],[-118.66729,34.17701],[-118.65857,34.17692],[-118.65862,34.16949],[-118.65425,34.16945],[-118.65421,34.16582],[-118.64549,34.16581],[-118.64546,34.16218],[-118.64193,34.16218],[-118.6399,34.15952],[-118.64131,34.1571],[-118.63852,34.15785],[-118.6293,34.14745],[-118.61507,34.1476],[-118.61509,34.14955],[-118.56482,34.13037],[-118.59936,34.07466],[-118.57036,34.06958],[-118.56985,34.04718],[-118.56696,34.04131],[-118.57207,34.0416],[-118.58367,34.03784],[-118.59227,34.03951],[-118.6038,34.03911],[-118.60979,34.03635],[-118.62379,34.03782],[-118.63616,34.03612],[-118.64671,34.0381],[-118.6706,34.03862],[-118.67646,34.037],[-118.67538,34.03563],[-118.67653,34.03696],[-118.67978,34.03207],[-118.6832,34.03069],[-118.69445,34.0326],[-118.70686,34.02955],[-118.71549,34.03159],[-118.74398,34.03248],[-118.75194,34.02973],[-118.75653,34.02578],[-118.76845,34.02489],[-118.78535,34.02099],[-118.79388,34.01087],[-118.79423,34.00747],[-118.80225,34.00547],[-118.80507,34.00068],[-118.80703,34.00044],[-118.8175,34.01064],[-118.83373,34.02305],[-118.85342,34.03413],[-118.86207,34.03452],[-118.87608,34.03807],[-118.89606,34.03927],[-118.9047,34.04176],[-118.9152,34.04172],[-118.92543,34.04605],[-118.93747,34.04335],[-118.95463,34.04852],[-118.97784,34.06008],[-118.98415,34.06076],[-118.99681,34.06597],[-119.00704,34.06606],[-119.03736,34.08323],[-119.04711,34.08519],[-119.06186,34.0854],[-119.08635,34.09835],[-119.09818,34.09935],[-119.10956,34.09457],[-119.12452,34.0981],[-119.13863,34.105],[-119.18275,34.13364],[-119.2016,34.14415],[-119.21479,34.14586],[-119.21631,34.14384],[-119.22117,34.15359],[-119.23021,34.15942],[-119.2313,34.16576],[-119.25704,34.2133],[-119.26636,34.23455],[-119.26798,34.24473],[-119.27036,34.24633],[-119.26849,34.24583],[-119.26814,34.24878],[-119.26637,34.24891],[-119.26448,34.24105],[-119.26175,34.24053],[-119.26163,34.24343],[-119.25807,34.24438],[-119.25862,34.24645],[-119.26346,34.24562],[-119.26437,34.24756],[-119.26261,34.24931],[-119.26686,34.25045],[-119.26709,34.25208],[-119.26189,34.25452],[-119.26285,34.25794],[-119.26329,34.25472],[-119.26555,34.26074],[-119.26692,34.26024],[-119.2653,34.25955],[-119.26405,34.25511],[-119.26574,34.25515],[-119.26791,34.25999],[-119.26591,34.25374],[-119.2688,34.25313],[-119.26814,34.2505],[-119.2724,34.24782],[-119.26931,34.2507],[-119.26951,34.25348],[-119.27557,34.26319],[-119.28228,34.27002],[-119.29085,34.27502],[-119.2927,34.2721],[-119.29111,34.27511],[-119.29224,34.27547],[-119.30491,34.27341],[-119.31121,34.27562],[-119.32078,34.28353],[-119.33788,34.291],[-119.34922,34.30433],[-119.36985,34.31955],[-119.37607,34.32118],[-119.3902,34.31807],[-119.40101,34.33127],[-119.41804,34.34204],[-119.43015,34.35421],[-119.4363,34.35596],[-119.44291,34.35529],[-119.46005,34.37371],[-119.47091,34.37611],[-119.47806,34.37285],[-119.48489,34.3805],[-119.49352,34.38424],[-119.50967,34.38579],[-119.52872,34.39496],[-119.53734,34.3961],[-119.54616,34.40423],[-119.56156,34.41438],[-119.56654,34.41498],[-119.57666,34.41235],[-119.59318,34.4182],[-119.60387,34.42017],[-119.61018,34.41848],[-119.61328,34.42083],[-119.61844,34.42059],[-119.62121,34.41841],[-119.62987,34.41933],[-119.63747,34.4159],[-119.64853,34.41755],[-119.66859,34.41626],[-119.67972,34.4144],[-119.68684,34.41145],[-119.68476,34.40805],[-119.68751,34.41103],[-119.69102,34.40749],[-119.68752,34.40811],[-119.68842,34.4046],[-119.68839,34.40742],[-119.69171,34.40545],[-119.692,34.40862],[-119.69412,34.40494],[-119.6916,34.40303],[-119.69828,34.40152],[-119.70244,34.39768],[-119.70903,34.39554],[-119.72915,34.39615],[-119.74274,34.40259],[-119.77227,34.41075],[-119.78706,34.41656],[-119.79599,34.4181],[-119.80921,34.41634],[-119.83061,34.41741],[-119.84088,34.41273],[-119.84439,34.40456],[-119.85786,34.40917],[-119.87167,34.40918],[-119.87827,34.40669],[-119.89049,34.41882],[-119.90108,34.42141],[-119.91915,34.43238],[-119.92838,34.43538],[-119.95005,34.43453],[-119.95722,34.43585],[-119.9648,34.4411],[-119.98333,34.44999],[-119.98983,34.44982],[-120.00746,34.46046],[-120.01797,34.46166],[-120.02297,34.4577],[-120.03858,34.46346],[-120.05902,34.46115],[-120.06971,34.46276],[-120.07447,34.46034],[-120.08784,34.4603],[-120.09645,34.46169],[-120.11867,34.47014],[-120.14121,34.47356],[-120.15342,34.47309],[-120.16869,34.46961],[-120.2283,34.47068],[-120.2386,34.46824],[-120.25721,34.46753],[-120.27274,34.46873],[-120.27873,34.46711],[-120.29579,34.47037],[-120.3035,34.46655],[-120.33236,34.4624],[-120.33687,34.4594],[-120.3416,34.4586],[-120.40799,34.45471],[-120.41807,34.45292],[-120.42013,34.4502],[-120.42468,34.44904],[-120.44332,34.45135],[-120.45181,34.44686],[-120.45292,34.44559],[-120.45177,34.44301],[-120.45336,34.44205],[-120.45916,34.44446],[-120.45907,34.44594],[-120.46419,34.449],[-120.46974,34.44892],[-120.47041,34.44758],[-120.47253,34.44864],[-120.47173,34.45127],[-120.4737,34.45367],[-120.47565,34.46847],[-120.47947,34.47863],[-120.48308,34.4833],[-120.48595,34.48376],[-120.49006,34.48749],[-120.49334,34.49358],[-120.49732,34.49515],[-120.50283,34.50943],[-120.51549,34.52543],[-120.54191,34.53929],[-120.55429,34.54099],[-120.56972,34.55139],[-120.58173,34.55636],[-120.60498,34.55707],[-120.60893,34.55656],[-120.61227,34.55358],[-120.62365,34.55401],[-120.63285,34.56178],[-120.63646,34.56047],[-120.63612,34.5625],[-120.6399,34.56367],[-120.63714,34.56491],[-120.63908,34.56717],[-120.63796,34.56998],[-120.63962,34.57096],[-120.63814,34.57186],[-120.64166,34.57278],[-120.64331,34.57501],[-120.64245,34.57584],[-120.65057,34.57683],[-120.64603,34.57901],[-120.64588,34.58556],[-120.6446,34.58619],[-120.6459,34.5877],[-120.64148,34.59047],[-120.63965,34.59894],[-120.64351,34.60378],[-120.64022,34.6044],[-120.6387,34.60722],[-120.63627,34.60777],[-120.63663,34.61289],[-120.62507,34.63538],[-120.6096,34.67505],[-120.60146,34.70626],[-120.60196,34.70993],[-120.60725,34.71405],[-120.60916,34.72138],[-120.61209,34.72309],[-120.61646,34.7332],[-120.6231,34.73733],[-120.6274,34.7377],[-120.62736,34.74111],[-120.63065,34.74441],[-120.62934,34.74914],[-120.63149,34.75304],[-120.63838,34.75578],[-120.6232,34.79282],[-120.61955,34.80545],[-120.61125,34.84098],[-120.61116,34.85854],[-120.61662,34.86708],[-120.6391,34.88028],[-120.63895,34.88934],[-120.64198,34.8912],[-120.64732,34.90056],[-120.65027,34.90178],[-120.66666,34.90082],[-120.6721,34.90306],[-120.66755,34.9082],[-120.66333,34.92238],[-120.66352,34.92774],[-120.66705,34.9301],[-120.66247,34.93446],[-120.66267,34.93689],[-120.66038,34.93933],[-120.64006,35.00391],[-120.63114,35.05253],[-120.63,35.07501],[-120.63179,35.10446],[-120.63722,35.12491],[-120.6455,35.141],[-120.6511,35.14775],[-120.66226,35.15325],[-120.66846,35.15195],[-120.67414,35.15282],[-120.68037,35.1584],[-120.68355,35.15764],[-120.69931,35.17131],[-120.70562,35.17393],[-120.71495,35.17601],[-120.71688,35.17546],[-120.71621,35.17381],[-120.72253,35.17561],[-120.72519,35.17419],[-120.72686,35.17643],[-120.73436,35.17806],[-120.73483,35.1743],[-120.73447,35.17808],[-120.73936,35.18044],[-120.73723,35.18121],[-120.73722,35.18001],[-120.73468,35.18303],[-120.73022,35.18191],[-120.73344,35.18347],[-120.73947,35.181],[-120.73821,35.17857],[-120.74159,35.17789],[-120.74062,35.16976],[-120.74231,35.17808],[-120.75101,35.17704],[-120.7558,35.17391],[-120.75587,35.17108],[-120.75323,35.16801],[-120.75593,35.17097],[-120.75708,35.16913],[-120.75614,35.16049],[-120.74985,35.1559],[-120.75598,35.15998],[-120.76116,35.15985],[-120.77075,35.16381],[-120.7744,35.16706],[-120.77855,35.16784],[-120.78642,35.17785],[-120.7942,35.17847],[-120.7963,35.18144],[-120.80703,35.18459],[-120.80705,35.18583],[-120.81242,35.18772],[-120.81258,35.18925],[-120.81819,35.18949],[-120.81794,35.19102],[-120.82035,35.19104],[-120.82267,35.19421],[-120.82794,35.19641],[-120.83487,35.19676],[-120.83879,35.20006],[-120.84068,35.19981],[-120.84157,35.20202],[-120.84654,35.20174],[-120.84504,35.20399],[-120.84953,35.20618],[-120.85471,35.20595],[-120.85614,35.20676],[-120.85382,35.20594],[-120.85327,35.20732],[-120.85703,35.20791],[-120.85698,35.20589],[-120.85895,35.20894],[-120.85667,35.2091],[-120.85641,35.21118],[-120.86198,35.21382],[-120.85938,35.21578],[-120.86433,35.21714],[-120.86383,35.21882],[-120.87013,35.21996],[-120.87337,35.22296],[-120.87242,35.22544],[-120.87506,35.22877],[-120.8864,35.23572],[-120.8871,35.23833],[-120.89694,35.24666],[-120.89484,35.24873],[-120.89699,35.25132],[-120.89605,35.25313],[-120.89972,35.25519],[-120.89739,35.25626],[-120.89719,35.2588],[-120.89503,35.25919],[-120.89545,35.26137],[-120.8937,35.26266],[-120.89345,35.2677],[-120.89625,35.27038],[-120.89504,35.27378],[-120.88865,35.27403],[-120.88979,35.27993],[-120.87883,35.296],[-120.86753,35.32593],[-120.86286,35.34857],[-120.86209,35.36243],[-120.86364,35.36741],[-120.8616,35.36928],[-120.85977,35.36847],[-120.85452,35.35974],[-120.85586,35.35774],[-120.85872,35.35728],[-120.85847,35.34991],[-120.85644,35.3475],[-120.85905,35.34117],[-120.85731,35.33529],[-120.85963,35.33441],[-120.86026,35.32537],[-120.86255,35.32352],[-120.8621,35.32136],[-120.86539,35.31701],[-120.86697,35.31112],[-120.86425,35.31555],[-120.85377,35.31826],[-120.85169,35.32035],[-120.8484,35.31887],[-120.85111,35.32084],[-120.85008,35.32192],[-120.84128,35.32296],[-120.8405,35.32604],[-120.84478,35.32845],[-120.8435,35.33163],[-120.84087,35.3328],[-120.83377,35.33135],[-120.82906,35.33672],[-120.8318,35.33926],[-120.83372,35.33896],[-120.83342,35.34047],[-120.83973,35.33935],[-120.84074,35.34083],[-120.84244,35.34032],[-120.83877,35.34131],[-120.84297,35.3414],[-120.84406,35.34521],[-120.83987,35.34523],[-120.84459,35.34667],[-120.84372,35.3499],[-120.8469,35.35557],[-120.85126,35.3581],[-120.8548,35.36909],[-120.86061,35.37223],[-120.86418,35.37052],[-120.86547,35.36786],[-120.86953,35.36693],[-120.8699,35.37105],[-120.86573,35.37146],[-120.86473,35.375],[-120.86743,35.39568],[-120.87414,35.41271],[-120.88765,35.43357],[-120.89938,35.44405],[-120.90718,35.44887],[-120.91089,35.44812],[-120.91487,35.44967],[-120.91937,35.44731],[-120.93,35.44806],[-120.94044,35.44611],[-120.94318,35.44799],[-120.94585,35.44686],[-120.95058,35.44795],[-120.9519,35.45243],[-120.96324,35.45598],[-120.96882,35.45993],[-120.9776,35.45908],[-120.97946,35.46045],[-120.98489,35.4603],[-120.99277,35.4638],[-120.998,35.46032],[-121.00533,35.46185],[-121.01392,35.47248],[-121.02313,35.48015],[-121.02324,35.48385],[-121.02839,35.48506],[-121.03296,35.49001],[-121.03662,35.48933],[-121.03848,35.49075],[-121.03831,35.49315],[-121.04284,35.49545],[-121.04239,35.49772],[-121.04674,35.5005],[-121.04846,35.50468],[-121.06177,35.51132],[-121.06297,35.51415],[-121.06983,35.51918],[-121.08072,35.53124],[-121.08645,35.53375],[-121.08776,35.53725],[-121.09159,35.53888],[-121.09833,35.54829],[-121.1012,35.54881],[-121.10479,35.5548],[-121.10321,35.55625],[-121.10382,35.55812],[-121.1092,35.56382],[-121.11446,35.57637],[-121.11814,35.5781],[-121.11895,35.58127],[-121.12156,35.58164],[-121.12344,35.58813],[-121.12799,35.59499],[-121.13367,35.59802],[-121.13195,35.59904],[-121.13354,35.60078],[-121.14443,35.606],[-121.14926,35.61479],[-121.1522,35.61527],[-121.15126,35.61773],[-121.15506,35.61782],[-121.16263,35.63115],[-121.16837,35.63649],[-121.17616,35.64021],[-121.18897,35.64325],[-121.19535,35.64094],[-121.19309,35.6353],[-121.19518,35.63464],[-121.20161,35.64133],[-121.2084,35.64173],[-121.21167,35.64756],[-121.22027,35.65171],[-121.24212,35.65267],[-121.24605,35.65571],[-121.25011,35.6555],[-121.25935,35.6635],[-121.26449,35.66269],[-121.27123,35.66643],[-121.27545,35.66532],[-121.2813,35.66682],[-121.28466,35.66353],[-121.28694,35.66481],[-121.28522,35.66603],[-121.28513,35.67266],[-121.28776,35.67566],[-121.28736,35.6837],[-121.2895,35.68587],[-121.29005,35.69101],[-121.29481,35.69674],[-121.30758,35.70453],[-121.30811,35.70772],[-121.31061,35.70951],[-121.30804,35.7098],[-121.31171,35.71012],[-121.31438,35.71342],[-121.31663,35.71373],[-121.31321,35.71833],[-121.3141,35.72337],[-121.31702,35.7248],[-121.31863,35.72848],[-121.3152,35.73132],[-121.31702,35.73536],[-121.31583,35.7389],[-121.3188,35.74544],[-121.31614,35.74641],[-121.31767,35.74844],[-121.31577,35.75061],[-121.31827,35.75621],[-121.3255,35.75738],[-121.32735,35.75971],[-121.32542,35.76038],[-121.32449,35.763],[-121.32531,35.77014],[-121.33332,35.78103],[-121.33202,35.78255],[-121.34337,35.79257],[-121.34882,35.79541],[-121.35068,35.79895],[-121.35679,35.80387],[-121.37022,35.81147],[-121.37418,35.81177],[-121.375,35.81562],[-121.38808,35.82331],[-121.39586,35.8336],[-121.40716,35.84467],[-121.40822,35.84888],[-121.41312,35.85594],[-121.42567,35.85984],[-121.43976,35.86712],[-121.44166,35.87044],[-121.4467,35.87197],[-121.44832,35.87623],[-121.45282,35.88053],[-121.45972,35.88353],[-121.46242,35.88591],[-121.46174,35.88817],[-121.46505,35.88899],[-121.4614,35.89208],[-121.46133,35.89799],[-121.46524,35.90033],[-121.4628,35.90404],[-121.46808,35.91104],[-121.47023,35.91181],[-121.47044,35.9141],[-121.47283,35.91494],[-121.4716,35.91791],[-121.47494,35.92021],[-121.47017,35.9215],[-121.4689,35.92674],[-121.47088,35.92922],[-121.47665,35.93151],[-121.47482,35.93311],[-121.47651,35.93553],[-121.47506,35.93666],[-121.47651,35.93785],[-121.47564,35.93933],[-121.48023,35.94404],[-121.479,35.94459],[-121.48059,35.94701],[-121.48001,35.94907],[-121.48317,35.94961],[-121.48189,35.95065],[-121.48591,35.97092],[-121.48845,35.97343],[-121.49057,35.98144],[-121.49679,35.98889],[-121.50038,35.99723],[-121.51148,36.0066],[-121.51989,36.00731],[-121.51988,36.00883],[-121.52468,36.00983],[-121.53211,36.01457],[-121.5411,36.0151],[-121.54527,36.0179],[-121.5536,36.01968],[-121.56709,36.01945],[-121.57352,36.02354],[-121.58231,36.03886],[-121.58212,36.04077],[-121.59192,36.05013],[-121.59016,36.05025],[-121.58945,36.05382],[-121.59258,36.05627],[-121.59326,36.06544],[-121.59925,36.06952],[-121.60682,36.07211],[-121.60731,36.07543],[-121.61915,36.08652],[-121.6186,36.08999],[-121.62167,36.09941],[-121.62628,36.1055],[-121.62626,36.10792],[-121.63243,36.11437],[-121.63177,36.11713],[-121.63335,36.12109],[-121.64487,36.12791],[-121.64977,36.13676],[-121.65701,36.1423],[-121.65945,36.14684],[-121.66538,36.15055],[-121.66556,36.15235],[-121.67314,36.15686],[-121.67149,36.15867],[-121.67465,36.15962],[-121.67859,36.16501],[-121.69307,36.17124],[-121.69483,36.17489],[-121.69624,36.17521],[-121.69663,36.17366],[-121.69731,36.17532],[-121.69885,36.1749],[-121.7016,36.18135],[-121.70792,36.18511],[-121.70833,36.18793],[-121.71512,36.19187],[-121.71646,36.19483],[-121.72978,36.20036],[-121.73219,36.20301],[-121.73791,36.204],[-121.7454,36.20983],[-121.7533,36.21071],[-121.76104,36.21719],[-121.77874,36.22682],[-121.78772,36.22847],[-121.79184,36.23203],[-121.79924,36.23454],[-121.81112,36.23335],[-121.81462,36.23494],[-121.81539,36.23723],[-121.82038,36.24102],[-121.8266,36.24171],[-121.83065,36.24742],[-121.83821,36.2497],[-121.8357,36.25121],[-121.83866,36.26006],[-121.84618,36.27176],[-121.85383,36.27975],[-121.86143,36.2811],[-121.86773,36.28691],[-121.87437,36.2893],[-121.88626,36.30245],[-121.89639,36.30542],[-121.89967,36.30296],[-121.9028,36.30617],[-121.89909,36.30769],[-121.89571,36.31578],[-121.89489,36.32572],[-121.89657,36.32688],[-121.89285,36.34015],[-121.89425,36.34425],[-121.89733,36.34554],[-121.89872,36.34925],[-121.90643,36.35682],[-121.90201,36.36718],[-121.90305,36.37135],[-121.90734,36.37352],[-121.90166,36.38163],[-121.90162,36.38777],[-121.90404,36.38848],[-121.90314,36.39363],[-121.90544,36.39565],[-121.90558,36.39849],[-121.91287,36.40143],[-121.91445,36.4037],[-121.91351,36.40747],[-121.91692,36.4109],[-121.91537,36.41275],[-121.91779,36.41735],[-121.91573,36.41744],[-121.91461,36.41949],[-121.91423,36.42566],[-121.91824,36.43025],[-121.91936,36.43598],[-121.92201,36.43657],[-121.92706,36.44835],[-121.92958,36.44889],[-121.93001,36.45332],[-121.92542,36.45432],[-121.92666,36.45611],[-121.92597,36.45933],[-121.92779,36.4618],[-121.92984,36.46138],[-121.92835,36.46316],[-121.93734,36.47196],[-121.93922,36.47634],[-121.93811,36.48101],[-121.94049,36.48202],[-121.94181,36.48494],[-121.94168,36.48912],[-121.94363,36.48979],[-121.9444,36.48761],[-121.94487,36.49044],[-121.94632,36.4906],[-121.94503,36.49335],[-121.9423,36.49338],[-121.93679,36.49834],[-121.94026,36.50101],[-121.93837,36.50116],[-121.93937,36.50336],[-121.93798,36.50499],[-121.93936,36.5069],[-121.94229,36.50687],[-121.94095,36.50807],[-121.9425,36.5091],[-121.9422,36.5118],[-121.94766,36.51383],[-121.94957,36.51704],[-121.95118,36.5159],[-121.9545,36.51862],[-121.95395,36.51985],[-121.95131,36.51965],[-121.95447,36.52186],[-121.95293,36.52425],[-121.9498,36.52114],[-121.94754,36.524],[-121.94447,36.52066],[-121.94175,36.52188],[-121.94001,36.52079],[-121.94056,36.51926],[-121.93849,36.51888],[-121.93632,36.52125],[-121.93683,36.52369],[-121.93402,36.52241],[-121.93323,36.52369],[-121.92877,36.52315],[-121.92594,36.52517],[-121.926,36.53071],[-121.92846,36.53721],[-121.93057,36.53984],[-121.93297,36.53999],[-121.93372,36.54347],[-121.92986,36.5461],[-121.93119,36.55483],[-121.93622,36.56241],[-121.9406,36.56126],[-121.93928,36.56342],[-121.94081,36.56581],[-121.9507,36.56714],[-121.95238,36.56102],[-121.96405,36.56858],[-121.97101,36.56994],[-121.97054,36.57206],[-121.97346,36.57427],[-121.9723,36.57541],[-121.97572,36.57727],[-121.9784,36.58122],[-121.97532,36.58012],[-121.97448,36.58328],[-121.97223,36.58414],[-121.9687,36.58282],[-121.96445,36.58805],[-121.9652,36.59112],[-121.96149,36.59647],[-121.96236,36.60003],[-121.9595,36.60447],[-121.9595,36.60926],[-121.95693,36.61036],[-121.95052,36.60927],[-121.94258,36.61768],[-121.9422,36.6239],[-121.94037,36.62403],[-121.94015,36.62682],[-121.93825,36.62713],[-121.93783,36.62895],[-121.93999,36.63446],[-121.93668,36.63623],[-121.93707,36.63813],[-121.93244,36.63694],[-121.93054,36.63813],[-121.92517,36.63549],[-121.92187,36.63212],[-121.92111,36.62831],[-121.91523,36.62704],[-121.91603,36.62511],[-121.9139,36.62346],[-121.90347,36.62193],[-121.89729,36.61542],[-121.89573,36.61042],[-121.88953,36.60847],[-121.89479,36.60841],[-121.894,36.60468],[-121.89215,36.60554],[-121.89286,36.60317],[-121.89103,36.60225],[-121.88985,36.60214],[-121.88943,36.60606],[-121.88877,36.60211],[-121.88559,36.60155],[-121.87463,36.60319],[-121.86715,36.60653],[-121.84945,36.62088],[-121.83816,36.63477],[-121.82321,36.66043],[-121.81498,36.68046],[-121.80788,36.71041],[-121.80475,36.75367],[-121.79734,36.78131],[-121.78866,36.80481],[-121.79121,36.81374],[-121.79867,36.82568],[-121.80837,36.84679],[-121.82791,36.8796],[-121.86192,36.93105],[-121.87309,36.94343],[-121.89768,36.96346],[-121.92125,36.97439],[-121.93425,36.97789],[-121.93935,36.9779],[-121.94921,36.97206],[-121.95295,36.97246],[-121.96539,36.95908],[-121.97262,36.95466],[-121.97623,36.95417],[-121.98357,36.95892],[-121.98398,36.96061],[-121.98875,36.95986],[-121.98945,36.96145],[-121.98999,36.95954],[-121.99272,36.95848],[-122.00125,36.96135],[-122.00239,36.96823],[-122.00048,36.96941],[-121.99924,36.97359],[-122.0035,36.9677],[-122.00176,36.96051],[-122.01215,36.96314],[-122.01216,36.96453],[-122.02211,36.96214],[-122.01645,36.95704],[-122.02288,36.96163],[-122.0253,36.95938],[-122.02313,36.95676],[-122.02644,36.95055],[-122.03997,36.95274],[-122.04583,36.94955],[-122.05917,36.95004],[-122.06588,36.9481],[-122.07549,36.95028],[-122.07686,36.95241],[-122.0861,36.95245],[-122.08726,36.95394],[-122.10589,36.95635],[-122.11472,36.96267],[-122.11919,36.96264],[-122.12283,36.96604],[-122.12619,36.96492],[-122.13276,36.96801],[-122.13482,36.96712],[-122.14173,36.97608],[-122.14723,36.97774],[-122.15298,36.97628],[-122.15547,36.981],[-122.16269,36.98819],[-122.16869,36.98908],[-122.17253,36.99401],[-122.17722,36.99705],[-122.18214,36.99788],[-122.18275,37.0009],[-122.18575,37.00106],[-122.18609,37.00341],[-122.19979,37.01261],[-122.20504,37.01354],[-122.21072,37.0199],[-122.21601,37.0215],[-122.21681,37.02423],[-122.22258,37.02489],[-122.22733,37.03163],[-122.23017,37.03982],[-122.24711,37.05405],[-122.24728,37.05653],[-122.25417,37.05941],[-122.25541,37.06469],[-122.26459,37.07741],[-122.26658,37.07859],[-122.26798,37.07736],[-122.2703,37.08474],[-122.27461,37.0874],[-122.27905,37.09501],[-122.29267,37.10769],[-122.30919,37.11646],[-122.31897,37.11669],[-122.32929,37.11238],[-122.33213,37.11691],[-122.33696,37.11718],[-122.33977,37.12095],[-122.3372,37.12911],[-122.33869,37.13663],[-122.34672,37.14587],[-122.35172,37.14523],[-122.35142,37.14649],[-122.35498,37.14741],[-122.35579,37.14912],[-122.36136,37.14933],[-122.35926,37.15125],[-122.36083,37.15825],[-122.35973,37.16037],[-122.36531,37.17037],[-122.37932,37.18117],[-122.38627,37.18327],[-122.39187,37.18293],[-122.39477,37.18111],[-122.39469,37.18282],[-122.39863,37.18498],[-122.39725,37.18669],[-122.39898,37.19141],[-122.40668,37.19748],[-122.40562,37.2033],[-122.40733,37.20435],[-122.40592,37.20773],[-122.40882,37.21039],[-122.40774,37.21297],[-122.40973,37.21383],[-122.4081,37.21509],[-122.40953,37.21711],[-122.40796,37.2189],[-122.41088,37.22423],[-122.40873,37.225],[-122.41006,37.22642],[-122.41144,37.22575],[-122.41103,37.22831],[-122.41682,37.23263],[-122.41617,37.23675],[-122.42086,37.24232],[-122.41899,37.24301],[-122.42009,37.24856],[-122.41791,37.25084],[-122.41887,37.25204],[-122.41642,37.25748],[-122.415,37.25749],[-122.41607,37.25976],[-122.41341,37.2633],[-122.41468,37.26676],[-122.41335,37.2678],[-122.41179,37.26669],[-122.41339,37.26977],[-122.40893,37.28662],[-122.40671,37.30316],[-122.40819,37.30358],[-122.40574,37.30728],[-122.40763,37.30804],[-122.40785,37.31081],[-122.40606,37.31353],[-122.40439,37.33376],[-122.40273,37.33704],[-122.40448,37.33751],[-122.40287,37.34102],[-122.40266,37.34626],[-122.40449,37.34644],[-122.40379,37.35338],[-122.40241,37.35256],[-122.40235,37.35462],[-122.40392,37.35472],[-122.40232,37.3557],[-122.40279,37.36154],[-122.40794,37.36266],[-122.40726,37.36508],[-122.40919,37.36636],[-122.4081,37.36747],[-122.40868,37.37545],[-122.41107,37.3769],[-122.41078,37.37916],[-122.41388,37.37942],[-122.4164,37.38384],[-122.41523,37.38538],[-122.41867,37.38701],[-122.42278,37.39232],[-122.42319,37.39802],[-122.42496,37.39861],[-122.42353,37.39931],[-122.42391,37.40132],[-122.42729,37.40599],[-122.42976,37.40627],[-122.42791,37.40997],[-122.43174,37.41118],[-122.43619,37.42347],[-122.44058,37.42695],[-122.44119,37.43186],[-122.44423,37.43282],[-122.44304,37.43383],[-122.44557,37.43746],[-122.44539,37.45601],[-122.44757,37.46974],[-122.45464,37.48503],[-122.46248,37.49467],[-122.46998,37.50066],[-122.47951,37.50353],[-122.48738,37.50358],[-122.4959,37.49951],[-122.49324,37.49307],[-122.4846,37.49392],[-122.49344,37.49297],[-122.49495,37.49522],[-122.49962,37.4955],[-122.49896,37.50113],[-122.51198,37.51395],[-122.51382,37.51955],[-122.51709,37.52203],[-122.51818,37.52813],[-122.51701,37.5297],[-122.51979,37.53403],[-122.51363,37.55625],[-122.51586,37.5586],[-122.51419,37.56137],[-122.51537,37.56241],[-122.51479,37.56662],[-122.51811,37.56803],[-122.51629,37.56923],[-122.51843,37.57127],[-122.51767,37.57302],[-122.52065,37.57392],[-122.51817,37.57647],[-122.51706,37.58914],[-122.52114,37.59438],[-122.51531,37.5956],[-122.51502,37.5986],[-122.5069,37.59621],[-122.5009,37.60095],[-122.49992,37.60416],[-122.50167,37.60741],[-122.49777,37.60859],[-122.49666,37.61141],[-122.49814,37.61415],[-122.49533,37.625],[-122.49396,37.64533],[-122.49419,37.66155],[-122.49634,37.6669],[-122.49747,37.68849],[-122.50704,37.72379],[-122.50888,37.74557],[-122.51474,37.78104],[-122.50609,37.78819],[-122.4995,37.78867],[-122.49633,37.78732],[-122.48705,37.78953],[-122.47996,37.80158],[-122.47781,37.81105],[-122.46331,37.80489],[-122.44005,37.80882],[-122.44747,37.80646],[-122.44718,37.8054],[-122.43583,37.8076],[-122.43264,37.80573],[-122.43265,37.80854],[-122.43206,37.80725],[-122.43179,37.80906],[-122.43103,37.80739],[-122.43065,37.80919],[-122.42994,37.80787],[-122.42672,37.80816],[-122.42512,37.81084],[-122.42635,37.80753],[-122.42387,37.80665],[-122.42109,37.80855],[-122.42275,37.81025],[-122.42043,37.80831],[-122.4164,37.8083],[-122.42038,37.81154],[-122.41537,37.80917],[-122.41239,37.80912],[-122.41272,37.8106],[-122.41056,37.80884],[-122.41043,37.81141],[-122.40794,37.80815],[-122.40655,37.80789],[-122.40621,37.8101],[-122.40531,37.80688],[-122.40432,37.80893],[-122.40395,37.80659],[-122.40238,37.8079],[-122.40282,37.80608],[-122.40041,37.80731],[-122.40097,37.80358],[-122.39855,37.80465],[-122.3996,37.80288],[-122.39752,37.80353],[-122.39942,37.80187],[-122.39712,37.80309],[-122.39613,37.80197],[-122.398,37.80027],[-122.39544,37.80118],[-122.39767,37.7999],[-122.39677,37.79888],[-122.39429,37.80012],[-122.39658,37.79869],[-122.39384,37.79899],[-122.39545,37.79745],[-122.39295,37.79802],[-122.39477,37.79678],[-122.39159,37.79623],[-122.39198,37.79391],[-122.38822,37.79003],[-122.3859,37.79094],[-122.38759,37.78984],[-122.3853,37.78984],[-122.38718,37.78881],[-122.38514,37.78815],[-122.38741,37.78727],[-122.3845,37.78744],[-122.38434,37.78573],[-122.38758,37.78548],[-122.38545,37.78471],[-122.38772,37.78393],[-122.38525,37.78379],[-122.38777,37.78291],[-122.38469,37.78256],[-122.38776,37.78183],[-122.38556,37.78195],[-122.38774,37.78145],[-122.38743,37.7784],[-122.3853,37.77844],[-122.39028,37.77714],[-122.3848,37.77635],[-122.38692,37.77436],[-122.38181,37.77464],[-122.38142,37.77198],[-122.38676,37.77328],[-122.38587,37.7707],[-122.38556,37.77225],[-122.38565,37.77057],[-122.38317,37.76972],[-122.38561,37.77021],[-122.38708,37.76357],[-122.38429,37.76216],[-122.38432,37.76407],[-122.38326,37.76232],[-122.38358,37.76426],[-122.38234,37.76248],[-122.38234,37.76464],[-122.3819,37.76243],[-122.38115,37.76495],[-122.38038,37.76022],[-122.37953,37.76351],[-122.37922,37.75997],[-122.38134,37.75959],[-122.3808,37.75526],[-122.38411,37.75472],[-122.38006,37.75206],[-122.37616,37.75228],[-122.37572,37.74872],[-122.3874,37.74759],[-122.39237,37.74856],[-122.39294,37.74751],[-122.37535,37.74699],[-122.36763,37.7402],[-122.37401,37.73962],[-122.3735,37.73865],[-122.36754,37.73834],[-122.37233,37.73706],[-122.37528,37.7381],[-122.37555,37.73312],[-122.37215,37.73427],[-122.36741,37.73193],[-122.36527,37.73386],[-122.36657,37.73216],[-122.36292,37.73223],[-122.36205,37.73015],[-122.35887,37.72981],[-122.36226,37.72853],[-122.35703,37.72869],[-122.35774,37.7263],[-122.36168,37.72526],[-122.35785,37.72468],[-122.36144,37.72393],[-122.36516,37.72597],[-122.36001,37.72167],[-122.36384,37.72216],[-122.35915,37.71936],[-122.36366,37.7191],[-122.35861,37.71591],[-122.36267,37.71806],[-122.36386,37.71677],[-122.3601,37.71437],[-122.36399,37.71661],[-122.36523,37.71539],[-122.36122,37.71279],[-122.36544,37.71529],[-122.36464,37.71652],[-122.37419,37.71893],[-122.37682,37.72403],[-122.38074,37.72181],[-122.38643,37.72448],[-122.38284,37.72192],[-122.38325,37.72013],[-122.37619,37.7161],[-122.38004,37.71068],[-122.37801,37.70868],[-122.37608,37.70975],[-122.37445,37.70868],[-122.39153,37.70967],[-122.39417,37.70737],[-122.39237,37.70517],[-122.39292,37.70138],[-122.38788,37.67863],[-122.38102,37.67729],[-122.38101,37.67305],[-122.38126,37.67173],[-122.38739,37.67168],[-122.38801,37.6687],[-122.39263,37.66835],[-122.39283,37.66643],[-122.39528,37.66502],[-122.38916,37.66606],[-122.38596,37.66496],[-122.38601,37.66767],[-122.38122,37.66822],[-122.38103,37.66468],[-122.38328,37.66439],[-122.38285,37.66322],[-122.37813,37.66384],[-122.37437,37.66231],[-122.37995,37.6605],[-122.37547,37.65495],[-122.37779,37.65467],[-122.3776,37.65221],[-122.38028,37.6481],[-122.39175,37.64778],[-122.39346,37.64561],[-122.39092,37.64447],[-122.38993,37.64062],[-122.39115,37.63912],[-122.38422,37.64008],[-122.38218,37.63601],[-122.37927,37.63534],[-122.38733,37.63475],[-122.3888,37.63091],[-122.38569,37.62879],[-122.3789,37.63158],[-122.37345,37.62798],[-122.3686,37.62733],[-122.36677,37.62889],[-122.36482,37.62683],[-122.368,37.62079],[-122.3549,37.61495],[-122.3588,37.60924],[-122.37135,37.61464],[-122.37857,37.60595],[-122.36997,37.60263],[-122.36575,37.5974],[-122.36411,37.59847],[-122.36008,37.59194],[-122.33459,37.59218],[-122.33372,37.58782],[-122.32126,37.59183],[-122.3145,37.59238],[-122.31833,37.59123],[-122.31767,37.58678],[-122.31724,37.59043],[-122.3166,37.58681],[-122.31537,37.58703],[-122.31532,37.59068],[-122.31398,37.59028],[-122.31547,37.58637],[-122.31405,37.58614],[-122.31662,37.58451],[-122.30569,37.57508],[-122.29695,37.57551],[-122.29696,37.57166],[-122.29443,37.57072],[-122.29388,37.56852],[-122.29202,37.56918],[-122.29253,37.56751],[-122.28722,37.56756],[-122.28778,37.56975],[-122.29133,37.56921],[-122.29363,37.57144],[-122.29205,37.57186],[-122.29117,37.57471],[-122.28777,37.57584],[-122.28465,37.5758],[-122.27955,37.57365],[-122.27868,37.57157],[-122.27349,37.57017],[-122.26266,37.5739],[-122.25176,37.56754],[-122.24525,37.5575],[-122.24539,37.55563],[-122.25426,37.54781],[-122.25263,37.54165],[-122.25971,37.5408],[-122.261,37.53394],[-122.26664,37.53378],[-122.26928,37.52858],[-122.26809,37.52825],[-122.26874,37.5292],[-122.26499,37.5334],[-122.26074,37.53272],[-122.25902,37.52963],[-122.25873,37.53981],[-122.25071,37.53921],[-122.24908,37.54145],[-122.25117,37.54637],[-122.24612,37.55063],[-122.24332,37.54892],[-122.22906,37.54953],[-122.22552,37.54753],[-122.22575,37.54439],[-122.23211,37.5353],[-122.24235,37.53093],[-122.24585,37.52712],[-122.24917,37.52053],[-122.24789,37.51935],[-122.24813,37.51211],[-122.24453,37.50842],[-122.24681,37.50615],[-122.24209,37.50871],[-122.24626,37.51298],[-122.24646,37.51742],[-122.24197,37.52776],[-122.23105,37.53166],[-122.22456,37.54237],[-122.21771,37.5425],[-122.21653,37.5398],[-122.21411,37.54148],[-122.2008,37.53922],[-122.19618,37.5364],[-122.19488,37.53388],[-122.19604,37.53051],[-122.20563,37.52408],[-122.20799,37.51986],[-122.21017,37.51891],[-122.21668,37.50743],[-122.21459,37.50247],[-122.21112,37.50769],[-122.20973,37.51325],[-122.20648,37.51497],[-122.20552,37.51783],[-122.20212,37.51863],[-122.20341,37.52058],[-122.20221,37.52233],[-122.19723,37.52401],[-122.18788,37.51706],[-122.18425,37.51736],[-122.18286,37.52025],[-122.17937,37.51238],[-122.17542,37.50801],[-122.15671,37.50058],[-122.13997,37.50722],[-122.13494,37.50656],[-122.13055,37.5035],[-122.12685,37.49609],[-122.12401,37.48564],[-122.12454,37.47611],[-122.12041,37.4768],[-122.12338,37.47413],[-122.12069,37.46827],[-122.11966,37.46864],[-122.12561,37.46815],[-122.12009,37.46753],[-122.11949,37.466],[-122.1193,37.4685],[-122.1182,37.46842],[-122.11294,37.46305],[-122.10101,37.462],[-122.10074,37.45955],[-122.10285,37.45654],[-122.10608,37.45632],[-122.10558,37.45894],[-122.10879,37.45593],[-122.10923,37.45282],[-122.10723,37.45139],[-122.10657,37.45515],[-122.10122,37.45635],[-122.08721,37.45089],[-122.08068,37.45165],[-122.07791,37.44814],[-122.07707,37.44981],[-122.07355,37.44866],[-122.06864,37.45027],[-122.06177,37.44525],[-122.04608,37.44808],[-122.03993,37.45116],[-122.03343,37.45128],[-122.02995,37.44992],[-122.03141,37.4455],[-122.02885,37.44791],[-122.02967,37.45114],[-122.03896,37.45494],[-122.03332,37.46029],[-121.99743,37.46481],[-121.97959,37.45962],[-121.9647,37.46104],[-121.96413,37.45986],[-121.96786,37.45684],[-121.96605,37.45214],[-121.9673,37.45751],[-121.9634,37.46023],[-121.96634,37.46172],[-121.96182,37.46272],[-121.95732,37.46164],[-121.95307,37.45651],[-121.94992,37.45671],[-121.94639,37.45312],[-121.94363,37.45375],[-121.94624,37.45323],[-121.95011,37.45697],[-121.95278,37.45664],[-121.95704,37.46171],[-121.96267,37.46316],[-121.9598,37.4639],[-121.96742,37.46333],[-121.96625,37.4674],[-121.95816,37.47126],[-121.96949,37.46848],[-121.97965,37.47132],[-121.98675,37.46655],[-122.0021,37.46864],[-122.04984,37.46674],[-122.05286,37.47307],[-122.05192,37.47829],[-122.05351,37.48795],[-122.05515,37.49006],[-122.05386,37.49098],[-122.03632,37.49101],[-122.03372,37.48814],[-122.02992,37.47833],[-122.02704,37.4772],[-122.02474,37.47858],[-122.02412,37.48321],[-122.02566,37.47793],[-122.02965,37.47869],[-122.03314,37.48909],[-122.03588,37.49172],[-122.04137,37.49329],[-122.05288,37.49323],[-122.0604,37.49777],[-122.08017,37.50161],[-122.07751,37.5051],[-122.07823,37.50934],[-122.08284,37.5079],[-122.08813,37.50135],[-122.103,37.49887],[-122.1069,37.50039],[-122.11051,37.50587],[-122.11046,37.52426],[-122.11228,37.53215],[-122.11829,37.54339],[-122.11748,37.54423],[-122.12811,37.55707],[-122.12696,37.55843],[-122.12869,37.55927],[-122.12985,37.56452],[-122.13292,37.56315],[-122.13432,37.5687],[-122.14256,37.58063],[-122.142,37.58329],[-122.14496,37.58235],[-122.14587,37.58368],[-122.14797,37.59387],[-122.14556,37.59594],[-122.14648,37.6005],[-122.14531,37.60225],[-122.14848,37.61458],[-122.15101,37.61733],[-122.15598,37.6168],[-122.15057,37.61915],[-122.15142,37.62597],[-122.14987,37.62794],[-122.15253,37.63013],[-122.1525,37.6315],[-122.15087,37.6316],[-122.15238,37.6322],[-122.15289,37.63603],[-122.14787,37.63754],[-122.15326,37.63853],[-122.15772,37.65932],[-122.15959,37.66061],[-122.16238,37.66993],[-122.16555,37.67224],[-122.16389,37.67526],[-122.16401,37.67389],[-122.16656,37.67374],[-122.16858,37.67765],[-122.17433,37.6816],[-122.17834,37.68238],[-122.18384,37.69129],[-122.1885,37.69085],[-122.19171,37.69401],[-122.19055,37.6948],[-122.18775,37.69109],[-122.18537,37.69154],[-122.18771,37.69435],[-122.18691,37.69579],[-122.19227,37.69552],[-122.18911,37.69664],[-122.1895,37.69841],[-122.19301,37.69814],[-122.19299,37.6949],[-122.19418,37.69546],[-122.19424,37.69852],[-122.18986,37.70082],[-122.19278,37.7094],[-122.19141,37.70437],[-122.19442,37.70325],[-122.19981,37.70414],[-122.20242,37.70812],[-122.2023,37.71216],[-122.19647,37.71455],[-122.20995,37.71116],[-122.21192,37.70924],[-122.21118,37.70191],[-122.21389,37.69932],[-122.21662,37.69973],[-122.25113,37.72425],[-122.24776,37.72823],[-122.26117,37.74025],[-122.26104,37.74328],[-122.25203,37.74806],[-122.22371,37.74771],[-122.22356,37.74565],[-122.2208,37.74549],[-122.21493,37.74081],[-122.20855,37.7315],[-122.21188,37.74049],[-122.21753,37.74797],[-122.21079,37.74229],[-122.20755,37.74332],[-122.21237,37.74932],[-122.20807,37.75291],[-122.21231,37.75195],[-122.21408,37.75517],[-122.21682,37.75622],[-122.21585,37.75714],[-122.21779,37.75946],[-122.21433,37.76137],[-122.21189,37.75926],[-122.21435,37.76173],[-122.22283,37.75892],[-122.22535,37.76633],[-122.23916,37.77349],[-122.24349,37.77888],[-122.24339,37.78374],[-122.24804,37.78648],[-122.25274,37.78781],[-122.25855,37.78582],[-122.26133,37.78693],[-122.25893,37.78942],[-122.26289,37.78767],[-122.26346,37.78971],[-122.26629,37.78899],[-122.26293,37.79105],[-122.26697,37.7891],[-122.27982,37.79563],[-122.28791,37.79496],[-122.28884,37.79624],[-122.2961,37.79339],[-122.30549,37.79371],[-122.32783,37.79846],[-122.3304,37.79937],[-122.32978,37.80068],[-122.32269,37.79969],[-122.32643,37.80138],[-122.32186,37.80216],[-122.32583,37.80351],[-122.3216,37.80285],[-122.32117,37.8041],[-122.32644,37.80529],[-122.3257,37.8069],[-122.33006,37.80708],[-122.33305,37.80505],[-122.34135,37.80366],[-122.34265,37.8058],[-122.33309,37.81102],[-122.32297,37.81014],[-122.31342,37.81916],[-122.30868,37.8188],[-122.30833,37.82107],[-122.31205,37.82213],[-122.31565,37.82168],[-122.31884,37.81866],[-122.32117,37.82097],[-122.33015,37.82033],[-122.33009,37.82165],[-122.32155,37.82303],[-122.3177,37.82475],[-122.31597,37.82782],[-122.305,37.82592],[-122.29943,37.8274],[-122.29782,37.82993],[-122.295,37.82923],[-122.29655,37.83285],[-122.29511,37.83383],[-122.29679,37.83389],[-122.29875,37.83702],[-122.31523,37.83722],[-122.31442,37.84252],[-122.31325,37.84212],[-122.3144,37.8385],[-122.3125,37.83733],[-122.30833,37.83736],[-122.3071,37.83966],[-122.29836,37.8402],[-122.29862,37.84501],[-122.30106,37.84754],[-122.30051,37.85295],[-122.30288,37.86159],[-122.30606,37.86298],[-122.30598,37.85953],[-122.30674,37.86587],[-122.31525,37.8625],[-122.31633,37.85893],[-122.3181,37.8661],[-122.31633,37.86412],[-122.31173,37.86529],[-122.31509,37.86898],[-122.31848,37.86698],[-122.32482,37.87444],[-122.31849,37.87585],[-122.31333,37.8695],[-122.30718,37.8706],[-122.30991,37.87783],[-122.31644,37.88549],[-122.31707,37.88906],[-122.32782,37.88857],[-122.32781,37.8915],[-122.32576,37.89078],[-122.32593,37.8925],[-122.32278,37.89],[-122.31394,37.89176],[-122.30978,37.88873],[-122.30912,37.89162],[-122.31074,37.89529],[-122.31555,37.89885],[-122.32232,37.89531],[-122.32488,37.89695],[-122.3252,37.90116],[-122.31985,37.90393],[-122.32519,37.90162],[-122.32204,37.90524],[-122.32613,37.9081],[-122.33727,37.91065],[-122.34588,37.90726],[-122.36058,37.9094],[-122.36263,37.92082],[-122.36294,37.91846],[-122.36728,37.91986],[-122.36666,37.92452],[-122.36822,37.92083],[-122.3733,37.92457],[-122.37708,37.92347],[-122.37185,37.92151],[-122.36527,37.91631],[-122.36313,37.90487],[-122.36781,37.90387],[-122.3763,37.9094],[-122.37686,37.90775],[-122.38186,37.90775],[-122.37711,37.90856],[-122.38044,37.91119],[-122.37996,37.90927],[-122.38188,37.90817],[-122.38197,37.91145],[-122.38427,37.90856],[-122.39069,37.9094],[-122.38833,37.9124],[-122.38656,37.92055],[-122.39086,37.92261],[-122.39099,37.92511],[-122.39664,37.92942],[-122.39861,37.9298],[-122.4085,37.92328],[-122.40818,37.9219],[-122.40992,37.92247],[-122.40914,37.92083],[-122.41508,37.92727],[-122.41037,37.9228],[-122.40117,37.92779],[-122.40007,37.93038],[-122.40923,37.93191],[-122.41322,37.93617],[-122.41315,37.93826],[-122.41174,37.93768],[-122.41039,37.93965],[-122.41198,37.94369],[-122.41492,37.94578],[-122.4223,37.94676],[-122.41836,37.95243],[-122.42421,37.95654],[-122.42739,37.96212],[-122.42913,37.96188],[-122.42875,37.96549],[-122.42415,37.96522],[-122.41942,37.96228],[-122.41384,37.96323],[-122.41105,37.9604],[-122.41204,37.95638],[-122.40385,37.95465],[-122.40114,37.95216],[-122.39499,37.95458],[-122.39858,37.95782],[-122.39309,37.95905],[-122.3973,37.96793],[-122.38467,37.97144],[-122.38312,37.97641],[-122.3743,37.97464],[-122.37128,37.97696],[-122.36823,37.97698],[-122.36811,37.97833],[-122.37238,37.97889],[-122.36815,37.97869],[-122.36788,37.98107],[-122.36532,37.98089],[-122.3631,37.98419],[-122.36513,37.98645],[-122.36306,37.98512],[-122.36324,37.98659],[-122.35975,37.98927],[-122.36097,37.99543],[-122.36551,37.99752],[-122.36809,38.00688],[-122.36674,38.01223],[-122.36431,38.0125],[-122.36075,38.00845],[-122.35198,38.00784],[-122.35011,38.006],[-122.34563,38.00577],[-122.34255,38.00333],[-122.33297,38.00106],[-122.32645,38.00384],[-122.31653,38.01115],[-122.30004,38.01028],[-122.2972,38.01432],[-122.29139,38.01711],[-122.2899,38.02247],[-122.28566,38.02127],[-122.28224,38.02254],[-122.27643,38.02935],[-122.27484,38.0364],[-122.2722,38.04046],[-122.27058,38.04094],[-122.27003,38.03832],[-122.26423,38.04056],[-122.26458,38.04217],[-122.26273,38.04311],[-122.26232,38.05075],[-122.2606,38.05177],[-122.26167,38.05613],[-122.2643,38.05601],[-122.26535,38.05992],[-122.27496,38.06643],[-122.27651,38.07331],[-122.28059,38.08075],[-122.29645,38.09815],[-122.30757,38.10698],[-122.33327,38.12116],[-122.3588,38.12954],[-122.35912,38.13166],[-122.36524,38.13527],[-122.38792,38.14291],[-122.39641,38.14394],[-122.40618,38.15559],[-122.40742,38.15566],[-122.40661,38.15366],[-122.39833,38.14398],[-122.39997,38.13925],[-122.40549,38.13515],[-122.42208,38.12913],[-122.44322,38.11664],[-122.45175,38.1178],[-122.47695,38.11494],[-122.48303,38.11346],[-122.48741,38.10977],[-122.48895,38.10694],[-122.48743,38.10131],[-122.48519,38.10002],[-122.48462,38.07253],[-122.49187,38.05701],[-122.49193,38.04865],[-122.49893,38.04832],[-122.49307,38.04772],[-122.49313,38.04669],[-122.4986,38.03146],[-122.49752,38.01908],[-122.50342,38.0161],[-122.48877,38.01437],[-122.47818,38.00647],[-122.47368,38.00658],[-122.46906,38.0033],[-122.4621,38.00353],[-122.45954,37.99892],[-122.45075,37.99253],[-122.44707,37.98558],[-122.45596,37.98019],[-122.463,37.9816],[-122.46597,37.98494],[-122.47016,37.9838],[-122.47495,37.97959],[-122.4748,37.97513],[-122.47748,37.97391],[-122.47938,37.97489],[-122.47694,37.97151],[-122.49226,37.97],[-122.49632,37.97099],[-122.50837,37.96649],[-122.5192,37.96941],[-122.51311,37.96818],[-122.5146,37.9656],[-122.51276,37.9681],[-122.50775,37.96612],[-122.49522,37.97022],[-122.49529,37.96703],[-122.49007,37.96471],[-122.49094,37.96011],[-122.48645,37.94668],[-122.482,37.94571],[-122.4776,37.94237],[-122.48412,37.94101],[-122.48904,37.937],[-122.49206,37.93916],[-122.49692,37.93946],[-122.49872,37.94161],[-122.50946,37.94632],[-122.50918,37.94362],[-122.5151,37.94405],[-122.51838,37.94201],[-122.5282,37.94469],[-122.53058,37.94354],[-122.51905,37.94085],[-122.51933,37.93956],[-122.5142,37.94326],[-122.50528,37.94194],[-122.50512,37.93389],[-122.50124,37.92641],[-122.49426,37.92174],[-122.48588,37.92089],[-122.47896,37.91614],[-122.47517,37.91723],[-122.47256,37.90834],[-122.47369,37.90576],[-122.46747,37.89895],[-122.45761,37.89425],[-122.44879,37.89398],[-122.44431,37.88648],[-122.43801,37.88219],[-122.43892,37.88012],[-122.44087,37.88109],[-122.44333,37.87999],[-122.4433,37.87613],[-122.44871,37.87476],[-122.45011,37.87221],[-122.45669,37.87291],[-122.45731,37.87134],[-122.46022,37.87416],[-122.46294,37.87284],[-122.4623,37.86874],[-122.45834,37.86541],[-122.45824,37.86215],[-122.46874,37.86874],[-122.4731,37.87428],[-122.47409,37.87753],[-122.47116,37.88086],[-122.47405,37.88555],[-122.48332,37.89039],[-122.48843,37.89514],[-122.49887,37.89372],[-122.50108,37.8968],[-122.49938,37.8953],[-122.49981,37.89718],[-122.50193,37.89784],[-122.50226,37.89531],[-122.50414,37.8945],[-122.50347,37.88961],[-122.5008,37.88683],[-122.50137,37.88476],[-122.49902,37.88261],[-122.49883,37.88616],[-122.49676,37.88094],[-122.496,37.87822],[-122.49747,37.87729],[-122.5041,37.88085],[-122.505,37.88339],[-122.51152,37.8839],[-122.50897,37.88645],[-122.51048,37.88816],[-122.51237,37.88881],[-122.51516,37.88589],[-122.51708,37.88627],[-122.51975,37.88924],[-122.51845,37.88934],[-122.51805,37.89261],[-122.52016,37.88981],[-122.5251,37.89696],[-122.52375,37.89207],[-122.5253,37.89186],[-122.5231,37.89134],[-122.52041,37.88644],[-122.52206,37.88529],[-122.51465,37.88137],[-122.50951,37.87562],[-122.50767,37.87665],[-122.50868,37.87539],[-122.50623,37.87372],[-122.50743,37.87504],[-122.50519,37.87386],[-122.50705,37.87566],[-122.50564,37.87637],[-122.49958,37.87083],[-122.49845,37.87327],[-122.4965,37.87211],[-122.49687,37.87021],[-122.4953,37.86992],[-122.49725,37.86788],[-122.49343,37.86372],[-122.48807,37.86484],[-122.48695,37.86414],[-122.48942,37.86222],[-122.48444,37.8598],[-122.48276,37.86194],[-122.47775,37.85917],[-122.47988,37.84789],[-122.47764,37.84689],[-122.47668,37.84255],[-122.47152,37.83681],[-122.47227,37.83229],[-122.47407,37.83381],[-122.47807,37.8334],[-122.47809,37.82573],[-122.49118,37.82643],[-122.49479,37.82273],[-122.49989,37.82183],[-122.49979,37.81973],[-122.51109,37.82453],[-122.52359,37.82483],[-122.52559,37.82123],[-122.52918,37.81903],[-122.52749,37.81513],[-122.53019,37.81563],[-122.52913,37.8162],[-122.53206,37.82127],[-122.53599,37.82405],[-122.53429,37.82597],[-122.5374,37.83031],[-122.54933,37.83427],[-122.55146,37.84045],[-122.55561,37.84199],[-122.55591,37.84456],[-122.55958,37.84554],[-122.55892,37.84786],[-122.56058,37.84808],[-122.56234,37.85216],[-122.5665,37.85405],[-122.57029,37.85361],[-122.57774,37.85964],[-122.58032,37.85945],[-122.58215,37.85723],[-122.58847,37.86151],[-122.60172,37.87555],[-122.61312,37.87863],[-122.61804,37.87684],[-122.62385,37.88086],[-122.62745,37.88019],[-122.62897,37.88176],[-122.62836,37.88471],[-122.63518,37.89167],[-122.64961,37.90071],[-122.66088,37.90486],[-122.68088,37.90695],[-122.68056,37.90922],[-122.67622,37.90765],[-122.66132,37.90895],[-122.6509,37.90586],[-122.65118,37.90366],[-122.64458,37.90053],[-122.65123,37.90683],[-122.66587,37.91428],[-122.67567,37.92458],[-122.68068,37.92591],[-122.68288,37.92979],[-122.68882,37.93052],[-122.69219,37.93333],[-122.69593,37.93369],[-122.69758,37.93193],[-122.69337,37.92391],[-122.68598,37.92154],[-122.68799,37.9198],[-122.68825,37.91576],[-122.68233,37.90984],[-122.68295,37.90572],[-122.69828,37.89847],[-122.7012,37.89419],[-122.70944,37.89619],[-122.71401,37.90078],[-122.72681,37.90365],[-122.72809,37.9103],[-122.73682,37.926],[-122.74903,37.93125],[-122.75434,37.93526],[-122.76581,37.9376],[-122.77074,37.94389],[-122.77638,37.94325],[-122.77569,37.94596],[-122.77701,37.94758],[-122.78294,37.94807],[-122.78386,37.9543],[-122.79448,37.97302],[-122.80803,37.98492],[-122.81192,37.98482],[-122.82362,37.99798],[-122.82809,37.99808],[-122.82777,37.99974],[-122.83214,38.00312],[-122.8433,38.00951],[-122.87171,38.022],[-122.89284,38.02692],[-122.92323,38.02942],[-122.92329,38.03123],[-122.90702,38.03088],[-122.90439,38.02966],[-122.88937,38.02945],[-122.88631,38.02753],[-122.89165,38.03383],[-122.89818,38.03149],[-122.90813,38.03374],[-122.90439,38.04262],[-122.90732,38.04411],[-122.90542,38.04735],[-122.90956,38.0513],[-122.91376,38.03348],[-122.91728,38.03389],[-122.91808,38.03852],[-122.91987,38.03287],[-122.93188,38.03596],[-122.93177,38.04222],[-122.93544,38.04365],[-122.9373,38.04652],[-122.93429,38.05343],[-122.92237,38.05985],[-122.92243,38.0617],[-122.91998,38.0635],[-122.92142,38.06653],[-122.91668,38.06852],[-122.92222,38.07156],[-122.92294,38.07571],[-122.92337,38.06972],[-122.9268,38.06407],[-122.92945,38.06256],[-122.93397,38.06605],[-122.93339,38.07262],[-122.93513,38.07514],[-122.93165,38.08094],[-122.93539,38.08456],[-122.9315,38.0865],[-122.92878,38.0912],[-122.93545,38.08903],[-122.93464,38.08638],[-122.93765,38.08305],[-122.93633,38.08229],[-122.94017,38.0778],[-122.9396,38.07171],[-122.94163,38.06379],[-122.94427,38.06095],[-122.95321,38.06016],[-122.95462,38.06122],[-122.95305,38.06354],[-122.95419,38.06613],[-122.95313,38.07128],[-122.95472,38.07562],[-122.95858,38.07846],[-122.95567,38.06984],[-122.95772,38.06837],[-122.95617,38.0636],[-122.95828,38.0617],[-122.95072,38.05776],[-122.94831,38.05263],[-122.94961,38.04915],[-122.96025,38.05547],[-122.96192,38.05492],[-122.95965,38.05349],[-122.96098,38.05261],[-122.95685,38.04882],[-122.94896,38.04549],[-122.93815,38.03321],[-122.92881,38.03218],[-122.93142,38.03023],[-122.94533,38.03106],[-122.96113,38.02764],[-122.97123,38.0212],[-122.97873,38.01341],[-122.98372,38.00453],[-122.983,37.99788],[-122.97317,37.99409],[-122.96742,37.9939],[-122.96395,37.99029],[-122.97278,37.99016],[-122.97429,37.9926],[-122.98507,37.99304],[-122.98599,37.99186],[-122.99076,37.99468],[-122.99495,37.99273],[-122.99666,37.99411],[-123.00528,37.99312],[-123.00865,37.99559],[-123.01214,37.99545],[-123.01385,37.99372],[-123.02371,37.99512],[-123.02025,37.99963],[-123.01645,37.99889],[-123.01476,38.00113],[-123.01247,38.00127],[-122.99745,38.02924],[-122.96116,38.11109],[-122.95319,38.13354],[-122.94836,38.15425],[-122.95154,38.16935],[-122.95486,38.17059],[-122.95282,38.1711],[-122.95381,38.17613],[-122.96632,38.18324],[-122.9686,38.1828],[-122.9657,38.18413],[-122.96492,38.18663],[-122.96714,38.2016],[-122.98046,38.21409],[-122.9816,38.22289],[-122.98762,38.22675],[-122.98759,38.2289],[-122.99222,38.23266],[-122.99501,38.24087],[-122.98281,38.23395],[-122.97731,38.22661],[-122.97109,38.2231],[-122.95925,38.20852],[-122.95007,38.20504],[-122.95141,38.20217],[-122.94676,38.20206],[-122.94579,38.19903],[-122.9478,38.19733],[-122.94711,38.19603],[-122.95157,38.19555],[-122.95003,38.19364],[-122.94306,38.19406],[-122.9373,38.19073],[-122.93472,38.18718],[-122.93167,38.18758],[-122.93039,38.18051],[-122.92746,38.17861],[-122.92725,38.17658],[-122.9229,38.17491],[-122.9237,38.1727],[-122.92185,38.17196],[-122.92141,38.1693],[-122.91542,38.16502],[-122.91545,38.16135],[-122.90938,38.15962],[-122.90754,38.15755],[-122.90718,38.15545],[-122.91116,38.15143],[-122.90787,38.15203],[-122.90385,38.14932],[-122.90358,38.14549],[-122.89551,38.13887],[-122.89675,38.13637],[-122.89404,38.13286],[-122.88979,38.13254],[-122.88702,38.12809],[-122.88324,38.12667],[-122.88213,38.12355],[-122.86589,38.11129],[-122.85078,38.09775],[-122.85023,38.09539],[-122.84469,38.09093],[-122.84113,38.09088],[-122.83499,38.0823],[-122.83745,38.08871],[-122.83253,38.08526],[-122.83362,38.08839],[-122.82808,38.08373],[-122.83402,38.09111],[-122.82767,38.08874],[-122.82669,38.09049],[-122.82855,38.09207],[-122.82558,38.08987],[-122.82534,38.09141],[-122.84168,38.10556],[-122.84245,38.10769],[-122.84952,38.10588],[-122.85152,38.10708],[-122.85252,38.10938],[-122.85081,38.11338],[-122.85252,38.11515],[-122.85539,38.11656],[-122.85858,38.11581],[-122.86463,38.11906],[-122.8628,38.12723],[-122.87095,38.13342],[-122.87287,38.1405],[-122.88122,38.1439],[-122.88383,38.14863],[-122.88771,38.14879],[-122.88816,38.15172],[-122.89461,38.15911],[-122.89381,38.162],[-122.90089,38.16506],[-122.90381,38.17449],[-122.90937,38.1796],[-122.91343,38.18862],[-122.91755,38.1906],[-122.92061,38.19954],[-122.92579,38.20597],[-122.92526,38.21526],[-122.92236,38.22144],[-122.93219,38.21141],[-122.93514,38.21212],[-122.9368,38.21537],[-122.94444,38.22009],[-122.94807,38.2202],[-122.94698,38.21965],[-122.95015,38.21571],[-122.95345,38.21455],[-122.95288,38.23085],[-122.95803,38.23517],[-122.95911,38.23347],[-122.96297,38.23407],[-122.96321,38.23107],[-122.97289,38.23231],[-122.96852,38.25057],[-122.971,38.25894],[-122.97401,38.26127],[-122.97843,38.26982],[-122.98695,38.27329],[-122.989,38.28034],[-122.99481,38.28286],[-122.99737,38.28944],[-123.00306,38.29592],[-123.02368,38.30984],[-123.03152,38.31233],[-123.04435,38.31293],[-123.05127,38.31004],[-123.05299,38.30587],[-123.05489,38.30692],[-123.055,38.30902],[-123.05068,38.31268],[-123.05118,38.31428],[-123.03826,38.31589],[-123.04008,38.31813],[-123.03809,38.32271],[-123.04998,38.33428],[-123.05187,38.33305],[-123.05033,38.33437],[-123.05263,38.33364],[-123.0578,38.3364],[-123.05997,38.33401],[-123.05786,38.32789],[-123.05493,38.32647],[-123.055,38.31952],[-123.05707,38.31661],[-123.05598,38.31463],[-123.0614,38.31172],[-123.05712,38.3045],[-123.05247,38.30297],[-123.05275,38.3008],[-123.05788,38.29846],[-123.06488,38.30257],[-123.06522,38.30577],[-123.07026,38.31399],[-123.06897,38.31691],[-123.07206,38.31683],[-123.07813,38.32273],[-123.07507,38.32254],[-123.07314,38.3242],[-123.06884,38.33525],[-123.06874,38.35992],[-123.0738,38.3695],[-123.079,38.37466],[-123.07906,38.3767],[-123.08149,38.37784],[-123.08528,38.3904],[-123.09248,38.39461],[-123.09516,38.39288],[-123.09767,38.39549],[-123.09645,38.39607],[-123.09669,38.39933],[-123.10277,38.41406],[-123.10924,38.42024],[-123.11447,38.42166],[-123.11681,38.42857],[-123.12189,38.43021],[-123.12078,38.43117],[-123.12347,38.43964],[-123.12537,38.44077],[-123.12837,38.43957],[-123.12649,38.44243],[-123.131,38.45249],[-123.14076,38.45624],[-123.14439,38.4561],[-123.14345,38.45785],[-123.14637,38.458],[-123.1456,38.45969],[-123.15113,38.46207],[-123.1524,38.46075],[-123.15176,38.46414],[-123.15595,38.46442],[-123.15602,38.46613],[-123.15905,38.46813],[-123.16309,38.46829],[-123.16545,38.47427],[-123.16976,38.47506],[-123.16959,38.47636],[-123.17298,38.47705],[-123.17569,38.48008],[-123.20259,38.49432],[-123.21444,38.49891],[-123.21978,38.49865],[-123.23172,38.50268],[-123.23126,38.50524],[-123.23445,38.50606],[-123.23652,38.51006],[-123.24963,38.5095],[-123.2548,38.51205],[-123.25431,38.5157],[-123.25824,38.51676],[-123.25848,38.51892],[-123.26438,38.52194],[-123.26436,38.52387],[-123.26935,38.52516],[-123.27881,38.53146],[-123.27934,38.53626],[-123.28224,38.53569],[-123.28834,38.54129],[-123.29076,38.54003],[-123.29429,38.54301],[-123.29842,38.54399],[-123.29775,38.54704],[-123.30465,38.54766],[-123.30992,38.55655],[-123.32372,38.56075],[-123.32393,38.56389],[-123.32934,38.56575],[-123.32996,38.56724],[-123.3335,38.56568],[-123.33568,38.57052],[-123.33975,38.57213],[-123.33854,38.57346],[-123.3403,38.57682],[-123.33856,38.58116],[-123.33544,38.58084],[-123.33536,38.58255],[-123.33938,38.58368],[-123.34157,38.58818],[-123.34945,38.59659],[-123.35539,38.59841],[-123.35977,38.59662],[-123.3613,38.59758],[-123.36115,38.60035],[-123.37157,38.60435],[-123.37043,38.6054],[-123.37236,38.60699],[-123.36687,38.60804],[-123.36614,38.61216],[-123.36763,38.61373],[-123.37496,38.61516],[-123.38206,38.62566],[-123.39068,38.63055],[-123.38806,38.63055],[-123.38746,38.63212],[-123.39062,38.63605],[-123.39538,38.63755],[-123.3935,38.63828],[-123.39397,38.64029],[-123.4006,38.64428],[-123.39968,38.64561],[-123.40152,38.64686],[-123.39794,38.64737],[-123.40028,38.64844],[-123.40006,38.64997],[-123.40301,38.64935],[-123.40264,38.65107],[-123.40837,38.65445],[-123.40534,38.65652],[-123.40927,38.65943],[-123.40951,38.66233],[-123.41658,38.66773],[-123.41509,38.66899],[-123.42012,38.6732],[-123.41954,38.67454],[-123.42473,38.67545],[-123.42707,38.67799],[-123.42922,38.67693],[-123.42816,38.67826],[-123.42998,38.67829],[-123.43023,38.6799],[-123.4327,38.67863],[-123.43167,38.68074],[-123.43508,38.68204],[-123.43242,38.6831],[-123.43337,38.68954],[-123.43818,38.69054],[-123.43672,38.69202],[-123.43998,38.6942],[-123.44113,38.69924],[-123.44617,38.70068],[-123.44506,38.70257],[-123.44792,38.70239],[-123.45009,38.70523],[-123.45253,38.70529],[-123.4562,38.71314],[-123.46441,38.71927],[-123.47181,38.72248],[-123.47465,38.72193],[-123.48073,38.72642],[-123.48308,38.7264],[-123.48466,38.72896],[-123.48982,38.73167],[-123.49249,38.73634],[-123.50714,38.74114],[-123.51021,38.74022],[-123.51453,38.74156],[-123.5136,38.74281],[-123.51575,38.74321],[-123.51864,38.74742],[-123.5215,38.74955],[-123.52433,38.74923],[-123.52731,38.75254],[-123.52496,38.75356],[-123.52637,38.75731],[-123.53243,38.75951],[-123.53101,38.76486],[-123.53354,38.76922],[-123.54066,38.77201],[-123.54112,38.77645],[-123.5499,38.77992],[-123.54936,38.78204],[-123.55482,38.78315],[-123.5582,38.7859],[-123.5618,38.78463],[-123.56268,38.78698],[-123.5611,38.78705],[-123.56066,38.79008],[-123.56923,38.79455],[-123.57136,38.798],[-123.57402,38.79822],[-123.574,38.80011],[-123.57557,38.79946],[-123.5808,38.80313],[-123.58375,38.80251],[-123.58461,38.80047],[-123.5864,38.80287],[-123.58997,38.80239],[-123.59044,38.80529],[-123.59553,38.80893],[-123.60146,38.80758],[-123.60234,38.80939],[-123.59998,38.80876],[-123.5984,38.81008],[-123.59964,38.81241],[-123.59868,38.81319],[-123.6026,38.81665],[-123.60137,38.8191],[-123.60434,38.82057],[-123.60513,38.8229],[-123.6078,38.82482],[-123.60938,38.82427],[-123.60941,38.82582],[-123.61497,38.82879],[-123.61865,38.8278],[-123.61972,38.83057],[-123.62583,38.83141],[-123.62881,38.83665],[-123.63563,38.8398],[-123.63862,38.84391],[-123.64233,38.84415],[-123.64314,38.84648],[-123.64715,38.84534],[-123.64765,38.84733],[-123.64594,38.84808],[-123.651,38.85244],[-123.64998,38.85403],[-123.65217,38.85534],[-123.65399,38.8669],[-123.6557,38.86713],[-123.65897,38.87225],[-123.66551,38.87673],[-123.66957,38.87697],[-123.67338,38.88052],[-123.68119,38.88268],[-123.68137,38.88572],[-123.68569,38.88909],[-123.68722,38.89316],[-123.69667,38.90033],[-123.70186,38.90154],[-123.7047,38.90496],[-123.70539,38.90879],[-123.71096,38.91096],[-123.70984,38.91397],[-123.71093,38.91605],[-123.72199,38.91931],[-123.72576,38.91779],[-123.72762,38.91942],[-123.72851,38.92473],[-123.72712,38.92451],[-123.72744,38.92671],[-123.72947,38.92913],[-123.7269,38.92919],[-123.72594,38.93599],[-123.73085,38.93934],[-123.73462,38.94759],[-123.74187,38.95501],[-123.73557,38.95432],[-123.73549,38.95696],[-123.73374,38.95475],[-123.72993,38.95512],[-123.71941,38.96514],[-123.70733,38.98215],[-123.69567,39.00418],[-123.69051,39.01941],[-123.69041,39.02318],[-123.69251,39.0254],[-123.69128,39.02687],[-123.69184,39.03059],[-123.68933,39.03307],[-123.69111,39.03665],[-123.69473,39.0374],[-123.69215,39.03867],[-123.69424,39.04176],[-123.69058,39.04399],[-123.69322,39.04834],[-123.69105,39.05091],[-123.6951,39.056],[-123.69327,39.05857],[-123.70088,39.07019],[-123.70235,39.0781],[-123.70577,39.07993],[-123.70335,39.08317],[-123.70566,39.085],[-123.70594,39.09091],[-123.71014,39.09776],[-123.70759,39.09906],[-123.70903,39.10277],[-123.7079,39.10406],[-123.71463,39.10846],[-123.71305,39.11055],[-123.71537,39.1137],[-123.71337,39.11501],[-123.71699,39.12075],[-123.72019,39.12218],[-123.71804,39.12393],[-123.71799,39.12706],[-123.72049,39.13009],[-123.71892,39.13194],[-123.72009,39.13482],[-123.72253,39.1354],[-123.72339,39.13771],[-123.72756,39.13852],[-123.73029,39.14194],[-123.73396,39.14008],[-123.73484,39.14232],[-123.73668,39.14071],[-123.73641,39.14348],[-123.73821,39.14497],[-123.73409,39.14743],[-123.73733,39.14944],[-123.73689,39.15131],[-123.73907,39.15372],[-123.73602,39.15346],[-123.73466,39.15844],[-123.73756,39.15982],[-123.73802,39.16291],[-123.74519,39.16767],[-123.7438,39.16916],[-123.74689,39.17001],[-123.74658,39.17173],[-123.75401,39.17606],[-123.75222,39.17816],[-123.7562,39.1816],[-123.75917,39.18971],[-123.76462,39.1916],[-123.76577,39.19369],[-123.77169,39.19496],[-123.77087,39.19697],[-123.7732,39.1985],[-123.77028,39.19922],[-123.77112,39.20134],[-123.7697,39.20194],[-123.77305,39.20481],[-123.77183,39.20598],[-123.77303,39.20934],[-123.77693,39.21375],[-123.77021,39.21404],[-123.76794,39.2157],[-123.76974,39.21587],[-123.77307,39.22133],[-123.77774,39.22519],[-123.76983,39.22656],[-123.76956,39.22806],[-123.77803,39.23091],[-123.78021,39.23343],[-123.77586,39.23651],[-123.7777,39.23841],[-123.77414,39.24006],[-123.77947,39.24129],[-123.77884,39.24342],[-123.78181,39.24634],[-123.78305,39.25298],[-123.78696,39.25324],[-123.78345,39.25529],[-123.78477,39.25716],[-123.783,39.25884],[-123.78692,39.25987],[-123.79112,39.27277],[-123.79439,39.2741],[-123.79528,39.27213],[-123.79669,39.27338],[-123.79755,39.27169],[-123.79976,39.27233],[-123.79924,39.27464],[-123.80002,39.27373],[-123.80145,39.27541],[-123.80358,39.28059],[-123.80101,39.28488],[-123.80288,39.28642],[-123.80257,39.29152],[-123.80116,39.29257],[-123.79765,39.29006],[-123.79483,39.2919],[-123.79682,39.29633],[-123.79386,39.30172],[-123.79552,39.30361],[-123.80302,39.30366],[-123.80493,39.3029],[-123.80367,39.30173],[-123.8049,39.30096],[-123.80674,39.30236],[-123.80596,39.30357],[-123.81052,39.30435],[-123.80954,39.30576],[-123.8112,39.30946],[-123.80854,39.30981],[-123.80964,39.31052],[-123.80508,39.31342],[-123.80205,39.31302],[-123.80024,39.31907],[-123.80653,39.32433],[-123.80864,39.32438],[-123.80415,39.32511],[-123.80442,39.32674],[-123.80713,39.32765],[-123.80499,39.32864],[-123.81163,39.32783],[-123.81265,39.33019],[-123.81155,39.33148],[-123.81394,39.33094],[-123.8126,39.3322],[-123.81494,39.33183],[-123.81809,39.33474],[-123.81627,39.33497],[-123.8176,39.33723],[-123.81647,39.33791],[-123.81709,39.33947],[-123.81904,39.33914],[-123.81849,39.3414],[-123.82095,39.34304],[-123.82056,39.3444],[-123.82227,39.3436],[-123.82243,39.34539],[-123.82435,39.34545],[-123.82761,39.3492],[-123.82584,39.3492],[-123.82677,39.34994],[-123.82527,39.35254],[-123.82111,39.35385],[-123.82376,39.35628],[-123.82295,39.35843],[-123.82458,39.35902],[-123.82277,39.35962],[-123.8256,39.36107],[-123.81865,39.36027],[-123.81718,39.36191],[-123.82049,39.36565],[-123.82632,39.36873],[-123.82281,39.36939],[-123.82243,39.37248],[-123.82011,39.37262],[-123.82218,39.37601],[-123.81649,39.37705],[-123.82236,39.38011],[-123.81974,39.38205],[-123.82114,39.38624],[-123.81739,39.3878],[-123.82034,39.39172],[-123.81552,39.39217],[-123.82072,39.39743],[-123.81875,39.39807],[-123.82174,39.4064],[-123.81833,39.40924],[-123.81555,39.40883],[-123.81441,39.4156],[-123.81046,39.41731],[-123.81528,39.41881],[-123.81529,39.4216],[-123.81874,39.42407],[-123.81667,39.42601],[-123.81043,39.42603],[-123.81058,39.4282],[-123.80917,39.42856],[-123.81062,39.43056],[-123.81585,39.43093],[-123.82059,39.43943],[-123.81651,39.43821],[-123.81263,39.44191],[-123.8169,39.44487],[-123.81377,39.44871],[-123.81421,39.45359],[-123.81089,39.45443],[-123.80813,39.46082],[-123.80986,39.46148],[-123.80784,39.46237],[-123.80692,39.46512],[-123.80825,39.46977],[-123.80547,39.47115],[-123.80357,39.47501],[-123.80189,39.48691],[-123.80458,39.4897],[-123.79682,39.48979],[-123.7834,39.5094],[-123.76695,39.55153],[-123.76697,39.55675],[-123.76548,39.55895],[-123.76835,39.56187],[-123.7669,39.56532],[-123.77082,39.56715],[-123.77309,39.57232],[-123.77839,39.57575],[-123.77663,39.57625],[-123.77892,39.57823],[-123.77702,39.57765],[-123.77602,39.57898],[-123.77781,39.57959],[-123.77718,39.58427],[-123.78571,39.59252],[-123.78359,39.5935],[-123.78886,39.59997],[-123.78657,39.59956],[-123.78822,39.60082],[-123.78892,39.60488],[-123.78633,39.60494],[-123.78709,39.60787],[-123.78421,39.60878],[-123.78272,39.62184],[-123.78753,39.6273],[-123.78453,39.62876],[-123.78697,39.6368],[-123.78525,39.64139],[-123.78505,39.65149],[-123.7872,39.65632],[-123.78625,39.65938],[-123.78741,39.6625],[-123.7926,39.66725],[-123.79128,39.66949],[-123.79136,39.67671],[-123.79414,39.68973],[-123.80396,39.70002],[-123.80475,39.70554],[-123.80821,39.71045],[-123.82477,39.71815],[-123.83051,39.72322],[-123.83169,39.73054],[-123.82827,39.73414],[-123.82941,39.73617],[-123.8352,39.73885],[-123.83303,39.73785],[-123.83133,39.74012],[-123.83511,39.75056],[-123.83828,39.75269],[-123.83702,39.75569],[-123.83926,39.75742],[-123.8375,39.75864],[-123.83703,39.77274],[-123.83839,39.78829],[-123.84152,39.80109],[-123.84357,39.80574],[-123.846,39.80686],[-123.84675,39.81935],[-123.85014,39.82966],[-123.85435,39.83446],[-123.88103,39.84526],[-123.88696,39.84885],[-123.8896,39.85233],[-123.89348,39.85287],[-123.89489,39.85574],[-123.89952,39.85565],[-123.90188,39.86006],[-123.90416,39.85942],[-123.91275,39.87072],[-123.91898,39.88847],[-123.92332,39.89444],[-123.92998,39.91001],[-123.93753,39.91381],[-123.93921,39.91285],[-123.9421,39.91634],[-123.95589,39.92352],[-123.96226,39.93813],[-123.97387,39.95196],[-123.97997,39.96301],[-123.99591,39.97324],[-124.00259,39.9819],[-124.01543,39.99186],[-124.02002,39.99903],[-124.02902,40.00595],[-124.03626,40.01432],[-124.05844,40.02526],[-124.06516,40.02531],[-124.06886,40.02148],[-124.07315,40.02277],[-124.07586,40.02793],[-124.08019,40.0301],[-124.07784,40.03709],[-124.07956,40.03808],[-124.07843,40.05165],[-124.07954,40.06547],[-124.08638,40.07864],[-124.09204,40.08252],[-124.09622,40.08911],[-124.10302,40.09479],[-124.10976,40.10375],[-124.1354,40.11558],[-124.14417,40.11852],[-124.15016,40.11876],[-124.15563,40.12212],[-124.17196,40.12524],[-124.18068,40.13051],[-124.18587,40.13084],[-124.21559,40.16247],[-124.22598,40.16794],[-124.23311,40.17452],[-124.25658,40.18371],[-124.27135,40.19621],[-124.29012,40.20388],[-124.32063,40.2268],[-124.32718,40.23731],[-124.34272,40.24419],[-124.36043,40.2577],[-124.36286,40.261],[-124.36175,40.26534],[-124.36295,40.27593],[-124.35499,40.29102],[-124.35255,40.3019],[-124.35327,40.30511],[-124.34822,40.3131],[-124.34792,40.319],[-124.35342,40.33236],[-124.35864,40.33653],[-124.36203,40.3431],[-124.36054,40.34893],[-124.3628,40.37016],[-124.37104,40.38981],[-124.37996,40.39946],[-124.38986,40.40489],[-124.39382,40.41247],[-124.4027,40.42268],[-124.40211,40.4281],[-124.40372,40.43381],[-124.40836,40.43615],[-124.40972,40.4385],[-124.40841,40.44382],[-124.39528,40.4647],[-124.38401,40.49374],[-124.38347,40.49974],[-124.3869,40.50303],[-124.38597,40.50831],[-124.3873,40.51014],[-124.38441,40.513],[-124.38257,40.51872],[-124.37664,40.52428],[-124.36913,40.53519],[-124.3574,40.5582],[-124.3563,40.56358],[-124.35123,40.57086],[-124.33327,40.60722],[-124.31477,40.63939],[-124.31174,40.64103],[-124.29811,40.66288],[-124.29715,40.66845],[-124.25352,40.72731],[-124.23687,40.75296],[-124.23341,40.75501],[-124.22942,40.74899],[-124.22594,40.74822],[-124.22791,40.74689],[-124.22662,40.7448],[-124.23242,40.74589],[-124.24152,40.73765],[-124.24361,40.73247],[-124.24959,40.72846],[-124.25856,40.71775],[-124.26269,40.70918],[-124.2607,40.70694],[-124.26584,40.70412],[-124.26761,40.70093],[-124.25794,40.6964],[-124.23703,40.6922],[-124.22976,40.69351],[-124.22329,40.69968],[-124.21959,40.70121],[-124.21462,40.70703],[-124.21423,40.71104],[-124.21721,40.71445],[-124.21679,40.71646],[-124.2235,40.72364],[-124.219,40.72785],[-124.21853,40.73268],[-124.21513,40.73386],[-124.21448,40.73653],[-124.21577,40.73887],[-124.21787,40.7365],[-124.22045,40.73638],[-124.22257,40.74069],[-124.20505,40.74368],[-124.19767,40.75207],[-124.19758,40.75635],[-124.20227,40.76658],[-124.20176,40.77265],[-124.19877,40.77355],[-124.19793,40.77254],[-124.20009,40.77289],[-124.20006,40.77153],[-124.19571,40.77108],[-124.19369,40.78024],[-124.18708,40.78744],[-124.18766,40.79395],[-124.18322,40.80001],[-124.17521,40.8046],[-124.16028,40.80625],[-124.14543,40.81125],[-124.13195,40.80542],[-124.12442,40.80563],[-124.12145,40.80913],[-124.11835,40.80803],[-124.11945,40.8094],[-124.11418,40.81385],[-124.10573,40.8145],[-124.08874,40.82334],[-124.08671,40.82531],[-124.08783,40.82626],[-124.08515,40.83122],[-124.08293,40.83096],[-124.08512,40.84154],[-124.08351,40.84357],[-124.08387,40.84632],[-124.08246,40.84482],[-124.08523,40.84699],[-124.08435,40.84903],[-124.08591,40.84764],[-124.0851,40.84947],[-124.0913,40.84894],[-124.09221,40.8521],[-124.09054,40.85634],[-124.09434,40.85381],[-124.09862,40.85555],[-124.09796,40.85877],[-124.10019,40.85817],[-124.10305,40.86014],[-124.10585,40.8577],[-124.10917,40.85832],[-124.11464,40.85334],[-124.118,40.85277],[-124.12584,40.85854],[-124.13132,40.85907],[-124.13549,40.86466],[-124.15275,40.86415],[-124.14964,40.85913],[-124.15533,40.85724],[-124.1588,40.85792],[-124.15758,40.85516],[-124.15874,40.85075],[-124.16676,40.84293],[-124.1706,40.83616],[-124.17095,40.82529],[-124.18336,40.81593],[-124.18778,40.81026],[-124.19232,40.80233],[-124.19548,40.78927],[-124.20045,40.78194],[-124.21211,40.77419],[-124.21752,40.76719],[-124.22121,40.76511],[-124.22192,40.76007],[-124.22614,40.76068],[-124.23248,40.76476],[-124.22603,40.76985],[-124.20101,40.80574],[-124.18288,40.8333],[-124.15847,40.87549],[-124.13891,40.91992],[-124.1252,40.96343],[-124.12119,40.97114],[-124.12113,40.97738],[-124.11848,40.98575],[-124.1168,40.98659],[-124.1174,40.98951],[-124.1144,40.99387],[-124.11411,41.00294],[-124.11031,41.01392],[-124.11217,41.01536],[-124.11261,41.0197],[-124.11098,41.0288],[-124.11299,41.03196],[-124.11533,41.03178],[-124.11885,41.03582],[-124.11923,41.03892],[-124.12183,41.0399],[-124.11967,41.0419],[-124.12551,41.04659],[-124.12463,41.04856],[-124.13488,41.05528],[-124.14596,41.05728],[-124.14697,41.05485],[-124.14869,41.05611],[-124.1473,41.05315],[-124.15058,41.05111],[-124.15307,41.05412],[-124.15197,41.05704],[-124.14976,41.05674],[-124.14817,41.06176],[-124.15116,41.06391],[-124.152,41.06729],[-124.15418,41.06798],[-124.15637,41.06658],[-124.15968,41.06934],[-124.15779,41.0704],[-124.15958,41.07389],[-124.15537,41.07735],[-124.15772,41.08112],[-124.15622,41.08201],[-124.15648,41.08429],[-124.15958,41.08572],[-124.1544,41.0873],[-124.16038,41.09917],[-124.16444,41.10117],[-124.16048,41.10437],[-124.16195,41.10914],[-124.15943,41.11247],[-124.16059,41.11987],[-124.15886,41.1214],[-124.16289,41.12729],[-124.16535,41.12845],[-124.16432,41.13206],[-124.16062,41.13332],[-124.16505,41.13867],[-124.15853,41.14311],[-124.14764,41.14092],[-124.14217,41.14573],[-124.11013,41.22062],[-124.1068,41.23354],[-124.10903,41.23674],[-124.10662,41.23901],[-124.10057,41.25754],[-124.10017,41.26611],[-124.09284,41.2869],[-124.0921,41.29605],[-124.08832,41.30829],[-124.08912,41.31033],[-124.07124,41.38237],[-124.06556,41.43645],[-124.06545,41.44521],[-124.06784,41.45869],[-124.06468,41.46461],[-123.88572,41.46572],[-123.8857,41.46374],[-123.77076,41.4641],[-123.77013,41.3808],[-123.49926,41.38241],[-123.50024,41.38017],[-123.4938,41.37753],[-123.48857,41.37736],[-123.48451,41.37294],[-123.48105,41.37196],[-123.47429,41.3663],[-123.47819,41.36082],[-123.47936,41.35599],[-123.48237,41.35368],[-123.47839,41.34],[-123.47869,41.32983],[-123.4739,41.3262],[-123.47247,41.3216],[-123.46542,41.31974],[-123.45957,41.31011],[-123.46036,41.30429],[-123.4565,41.30017],[-123.45556,41.29283],[-123.45897,41.2886],[-123.46332,41.28642],[-123.4619,41.28251],[-123.44647,41.27574],[-123.44385,41.27299],[-123.44444,41.26704],[-123.44201,41.25847],[-123.44264,41.25117],[-123.452,41.24164],[-123.45503,41.23638],[-123.44946,41.23024],[-123.43804,41.2268],[-123.43427,41.223],[-123.43665,41.21813],[-123.43519,41.21296],[-123.43035,41.20957],[-123.42795,41.20371],[-123.42385,41.20161],[-123.42167,41.19842],[-123.41755,41.19747],[-123.41447,41.1933],[-123.41494,41.19087],[-123.40997,41.18077],[-123.40719,41.18021],[-123.40363,41.17439],[-123.39799,41.17437],[-123.39435,41.1715],[-123.39252,41.16096],[-123.38429,41.15852],[-123.38101,41.15156],[-123.37374,41.15184],[-123.37097,41.15364],[-123.37047,41.15636],[-123.36213,41.16158],[-123.35325,41.1631],[-123.34086,41.15587],[-123.33533,41.15522],[-123.33037,41.15258],[-123.32478,41.14164],[-123.31657,41.14037],[-123.31114,41.14306],[-123.30332,41.14392],[-123.29509,41.14057],[-123.294,41.13771],[-123.28415,41.128],[-123.28388,41.12333],[-123.274,41.12299],[-123.27281,40.77254],[-123.09924,40.78084],[-123.06509,40.77789],[-123.04241,40.76486],[-123.0366,40.75682],[-123.03316,40.74775],[-123.03509,40.72995],[-123.04745,40.71465],[-123.05117,40.71124],[-123.06799,40.70251],[-123.10622,40.67097],[-123.12109,40.66393],[-123.13714,40.65167],[-123.14397,40.64384],[-123.14559,40.63681],[-123.15584,40.62671],[-123.16698,40.62001],[-123.17543,40.6124],[-123.18688,40.60773],[-123.19877,40.60658],[-123.20486,40.60373],[-123.20827,40.6001],[-123.21971,40.59849],[-123.23248,40.59087],[-123.25594,40.58301],[-123.27209,40.57005],[-123.27355,40.56392],[-123.27754,40.5587],[-123.27837,40.54271],[-123.27103,40.52936],[-123.27101,40.52437],[-123.25831,40.50366],[-123.25041,40.49551],[-123.23122,40.4841],[-123.20775,40.47973],[-123.18262,40.46673],[-123.16287,40.45985],[-123.1268,40.45706],[-123.03231,40.42683],[-123.0153,40.42438],[-123.00471,40.42082],[-122.98206,40.41831],[-122.97288,40.42031],[-122.961,40.426],[-122.95779,40.4214],[-122.95422,40.42151],[-122.93862,40.42886],[-122.93694,40.43099],[-122.93781,40.43691],[-122.93098,40.44168],[-122.9313,40.44556],[-122.92796,40.44714],[-122.91772,40.44978],[-122.91035,40.44656],[-122.90185,40.44528],[-122.89445,40.45467],[-122.89545,40.45947],[-122.89256,40.46062],[-122.88928,40.46575],[-122.89014,40.46882],[-122.88527,40.47089],[-122.88364,40.47477],[-122.87722,40.47853],[-122.87678,40.48028],[-122.85725,40.48234],[-122.85111,40.48588],[-122.84645,40.49352],[-122.85208,40.50095],[-122.84595,40.50518],[-122.82879,40.507],[-122.81878,40.51106],[-122.80412,40.51051],[-122.79325,40.51452],[-122.79362,40.52344],[-122.78223,40.53187],[-122.78272,40.53456],[-122.78568,40.53654],[-122.78519,40.54092],[-122.77928,40.54644],[-122.76791,40.55333],[-122.76748,40.55513],[-122.75925,40.55654],[-122.74393,40.55377],[-122.74124,40.56017],[-122.74131,40.56413],[-122.73262,40.57109],[-122.72306,40.5752],[-122.71988,40.5746],[-122.71625,40.5714],[-122.71111,40.57159],[-122.70787,40.56967],[-122.69879,40.56929],[-122.6953,40.57252],[-122.693,40.57552],[-122.69286,40.58048],[-122.70013,40.58574],[-122.6998,40.59001],[-122.70208,40.59333],[-122.70117,40.59582],[-122.70538,40.60021],[-122.70506,40.60417],[-122.70688,40.60546],[-122.70617,40.61026],[-122.71085,40.61321],[-122.7112,40.6244],[-122.70956,40.62694],[-122.70965,40.6312],[-122.71621,40.6343],[-122.7324,40.63443],[-122.73618,40.63629],[-122.73327,40.64345],[-122.72701,40.65045],[-122.73375,40.65697],[-122.73358,40.66243],[-122.74122,40.6654],[-122.743,40.67294],[-122.74257,40.6788],[-122.7514,40.68508],[-122.75234,40.68936],[-122.7439,40.69503],[-122.7299,40.69225],[-122.72234,40.69549],[-122.71882,40.70784],[-122.71139,40.71069],[-122.71153,40.71488],[-122.70657,40.7253],[-122.71986,40.73937],[-122.71727,40.74717],[-122.7063,40.74956],[-122.70032,40.75539],[-122.70175,40.75795],[-122.70048,40.7589],[-122.69283,40.76072],[-122.67049,40.7728],[-122.66587,40.78181],[-122.6582,40.78756],[-122.66166,40.79432],[-122.66135,40.80048],[-122.65746,40.80195],[-122.65524,40.80818],[-122.66605,40.82588],[-122.65721,40.8354],[-122.65539,40.84156],[-122.63953,40.84525],[-122.63888,40.85341],[-122.63762,40.85584],[-122.63467,40.85706],[-122.63438,40.8613],[-122.62644,40.86708],[-122.62623,40.87699],[-122.34618,40.87635],[-122.32565,40.87773],[-122.25569,40.87423],[-122.11147,40.87608],[-121.98702,40.87617],[-121.94414,40.87485],[-121.93734,41.18216],[-121.44431,41.18218],[-121.12671,41.18414],[-121.12819,41.13235],[-121.10288,41.13194],[-121.10524,40.99796],[-120.8392,40.99666],[-120.82145,40.99407],[-120.7516,40.99386],[-120.6445,40.99622],[-120.64712,40.79694],[-120.64105,40.67519],[-120.44591,40.67216],[-120.4456,40.75775],[-120.24489,40.76225],[-119.99854,40.76069],[-119.99593,40.4999],[-119.99619,40.24994],[-120.00126,39.63563],[-120.01599,39.63571],[-120.01606,39.62162],[-120.07407,39.62158],[-120.07409,39.70881],[-120.21226,39.70808],[-120.21202,39.68671],[-120.24933,39.69026],[-120.24944,39.66492],[-120.296,39.66511],[-120.29627,39.62197],[-120.307,39.62194],[-120.30727,39.53321],[-120.344,39.53282],[-120.3443,39.54892],[-120.5115,39.54947],[-120.51143,39.45511],[-120.50485,39.44607],[-120.456,39.44626],[-120.4553,39.4189],[-120.34509,39.4183],[-120.34386,39.3617],[-120.31018,39.36118],[-120.31001,39.31644],[-120.33877,39.31638],[-120.32883,39.30291],[-120.31165,39.28645],[-120.29726,39.26964],[-120.28746,39.24329],[-120.29105,39.22323],[-120.27237,39.21214],[-120.26673,39.19899],[-120.2525,39.17434],[-120.26774,39.13398],[-120.23169,39.07156],[-120.21071,39.05217],[-120.20794,39.04638],[-120.20807,39.03815],[-120.2099,39.03419],[-120.22586,39.03179],[-120.23824,39.02792],[-120.23294,39.02181],[-120.20938,39.01284],[-120.20054,39.00603],[-120.17737,38.982],[-120.14429,38.96245],[-120.14162,38.95674],[-120.14225,38.94811],[-120.15985,38.92649],[-120.1595,38.91867],[-120.15266,38.91142],[-120.14116,38.88941],[-120.13928,38.88085],[-120.14003,38.85225],[-120.13622,38.8491],[-120.12103,38.84832],[-120.09801,38.85354],[-120.07413,38.85417],[-120.06552,38.85184],[-120.05085,38.84557],[-120.03968,38.83723],[-120.01462,38.8094],[-120.00739,38.79322],[-120.0067,38.78453],[-120.0117,38.77903],[-120.03292,38.76262],[-120.03804,38.75136],[-120.03719,38.73878],[-120.02758,38.72791],[-120.01242,38.72039],[-119.99839,38.70939],[-119.99161,38.69595],[-119.98281,38.66496],[-119.97815,38.66303],[-119.96356,38.67338],[-119.95635,38.6728],[-119.95427,38.66978],[-119.95183,38.65692],[-119.94591,38.64926],[-119.92692,38.64912],[-119.91893,38.64241],[-119.90963,38.63054],[-119.90613,38.59864],[-119.90372,38.59351],[-119.89811,38.59106],[-119.86295,38.59365],[-119.85373,38.58351],[-119.85122,38.57579],[-119.84548,38.56987],[-119.84157,38.55441],[-119.83476,38.54939],[-119.82136,38.54453],[-119.80602,38.54662],[-119.79785,38.53472],[-119.77888,38.52825],[-119.77308,38.52061],[-119.7705,38.48844],[-119.50258,38.48778],[-119.26747,38.49193],[-119.25099,38.48078],[-118.71431,38.10218],[-118.05219,37.62493],[-117.90462,37.51584],[-117.87593,37.49727],[-117.71236,37.37493],[-117.67999,37.35296],[-117.58097,37.27862],[-117.49855,37.21921],[-117.0009,36.8477],[-116.48823,36.4591],[-115.85291,35.96966],[-115.41291,35.62498],[-114.89504,35.21262],[-114.89685,35.00248],[-114.96456,35.00349],[-114.96588,34.55535],[-114.51535,34.55636],[-114.51637,34.56475],[-114.40258,34.56516],[-114.38084,34.52972],[-114.37822,34.51652],[-114.37812,34.50729],[-114.38292,34.4915],[-114.3817,34.47604],[-114.38741,34.46049],[-114.3867,34.45791],[-114.37911,34.4506],[-114.3905,34.45091],[-114.47266,34.41409],[-114.4832,34.40672],[-114.49742,34.38742],[-114.51284,34.35603],[-114.51287,34.33168],[-114.50701,34.31707],[-114.5192,34.26921],[-114.51719,34.24066],[-114.52834,34.20288],[-114.53704,34.16493],[-114.53543,34.13235],[-114.55481,34.03629],[-114.58242,34.0037],[-114.62426,33.96701],[-114.65238,33.92246],[-114.64635,33.87414],[-114.64527,33.83551],[-114.63901,33.82494],[-114.64118,33.80276],[-114.6369,33.77203],[-114.63104,33.75742],[-114.62656,33.72871],[-114.62913,33.7025],[-114.62425,33.67782],[-114.65711,33.63947],[-114.66604,33.59746],[-114.67521,33.57779],[-114.69088,33.51594],[-114.71669,33.49942],[-114.7728,33.44432],[-114.7914,33.42981],[-115.25865,33.42855],[-115.25764,33.51479],[-115.36144,33.51558],[-115.36351,33.59531],[-115.45224,33.67074],[-115.46653,33.6853],[-115.57036,33.68591],[-115.56977,33.77278],[-115.66802,33.77328],[-115.66746,33.85782],[-115.77449,33.85586],[-115.77351,34.0345],[-115.98389,34.03512],[-115.98519,34.03441],[-115.98532,33.98924],[-116.02006,33.98931],[-116.01997,34.02065],[-116.03735,34.02068],[-116.03732,34.03434],[-116.19677,34.03298],[-116.19677,34.03433],[-116.3006,34.0344],[-116.30063,34.03254],[-116.40554,34.03288],[-116.40542,33.96765],[-116.40831,33.96283],[-116.40523,33.85908],[-116.42546,33.85905],[-116.42544,33.847],[-116.40521,33.84702],[-116.40512,33.79631],[-116.3877,33.79633],[-116.38771,33.80116],[-116.38193,33.80116],[-116.35303,33.78672],[-116.35302,33.77218],[-116.34724,33.77219],[-116.34723,33.75772],[-116.33856,33.75773],[-116.33858,33.77219],[-116.3328,33.7722],[-116.32414,33.76738],[-116.32414,33.76497],[-116.31836,33.76497],[-116.30384,33.76016],[-116.3038,33.70463],[-116.31831,33.6998],[-116.33851,33.69978],[-116.3384,33.59843],[-116.32103,33.59845],[-116.32098,33.42702],[-116.20647,33.42872],[-116.20682,33.19674],[-116.26966,33.1633],[-116.2835,33.1633],[-116.28345,33.04166],[-116.12821,32.92477],[-116.12833,32.83097],[-116.10348,32.83097],[-116.10318,32.72661],[-116.1056,32.72662],[-116.10582,32.6384],[-116.10406,32.66975],[-115.37463,32.7159],[-114.67245,32.75382],[-114.54127,32.75062],[-114.53924,32.7486],[-114.56607,32.7476],[-114.56346,32.73989],[-114.58117,32.74109],[-114.58188,32.7336],[-114.61434,32.73203],[-114.61819,32.72664],[-114.69285,32.73824],[-114.69991,32.74624],[-114.70733,32.73826],[-114.7193,32.7174],[-116.10701,32.61711],[-116.10693,32.61854],[-116.11543,32.61791],[-116.54064,32.58375],[-117.12486,32.53416]]],[[[-118.0704,36.13272],[-117.85636,36.12993],[-117.71358,36.20041],[-117.604,36.29235],[-117.73829,36.46523],[-117.8857,36.46944],[-117.88939,36.57419],[-117.92986,36.64919],[-118.05725,37.08443],[-118.09445,37.23703],[-118.04057,37.34315],[-118.23335,37.33988],[-118.23928,37.46192],[-118.57696,37.46247],[-118.57436,37.45639],[-118.54955,37.44404],[-118.52442,37.42131],[-118.50995,37.42156],[-118.48613,37.42561],[-118.46767,37.4307],[-118.44444,37.42752],[-118.42626,37.43084],[-118.36214,37.42661],[-118.35579,37.41209],[-118.33436,37.39191],[-118.33158,37.3698],[-118.32187,37.35152],[-118.31163,37.32307],[-118.30823,37.28161],[-118.30184,37.2702],[-118.30045,37.23951],[-118.27194,37.20928],[-118.27235,37.2001],[-118.29733,37.19649],[-118.29857,37.18244],[-118.30686,37.18313],[-118.30729,37.17258],[-118.4233,37.17055],[-118.42127,37.16057],[-118.52848,37.15873],[-118.52969,37.1253],[-118.56615,37.1256],[-118.58509,37.12345],[-118.58092,37.12106],[-118.57564,37.12242],[-118.56705,37.12156],[-118.56774,37.11461],[-118.56396,37.11207],[-118.54512,37.11439],[-118.54375,37.11268],[-118.53007,37.11074],[-118.53115,37.10796],[-118.53019,37.10618],[-118.52496,37.10288],[-118.52212,37.09842],[-118.51713,37.09682],[-118.51121,37.09181],[-118.50267,37.09453],[-118.49205,37.08683],[-118.48941,37.08045],[-118.48557,37.07652],[-118.47109,37.07217],[-118.46561,37.066],[-118.4509,37.06604],[-118.44606,37.06776],[-118.43491,37.05803],[-118.43623,37.05338],[-118.43319,37.04852],[-118.43963,37.04489],[-118.43646,37.03699],[-118.43071,37.03347],[-118.42779,37.03333],[-118.42692,37.03046],[-118.42191,37.02547],[-118.4212,37.01542],[-118.42587,37.01009],[-118.41957,37.00653],[-118.41187,36.99793],[-118.41953,36.99213],[-118.41977,36.98922],[-118.41564,36.98417],[-118.40958,36.98229],[-118.40739,36.97992],[-118.40795,36.97309],[-118.40271,36.97018],[-118.40342,36.95637],[-118.39604,36.95669],[-118.38712,36.94423],[-118.382,36.93418],[-118.38258,36.93035],[-118.37826,36.9184],[-118.37498,36.91703],[-118.36932,36.9064],[-118.36583,36.90536],[-118.36548,36.90329],[-118.36882,36.89811],[-118.36449,36.889],[-118.36033,36.8865],[-118.36074,36.8831],[-118.36628,36.87938],[-118.3693,36.87074],[-118.36884,36.86858],[-118.36522,36.86751],[-118.36576,36.8636],[-118.36409,36.86036],[-118.36121,36.86],[-118.36222,36.84956],[-118.36068,36.8431],[-118.3714,36.8345],[-118.38861,36.83384],[-118.39227,36.83025],[-118.39208,36.82871],[-118.38936,36.82491],[-118.39059,36.82268],[-118.38882,36.81918],[-118.38239,36.81366],[-118.3825,36.80904],[-118.37757,36.80747],[-118.37715,36.8031],[-118.37302,36.79892],[-118.37175,36.79321],[-118.3747,36.79063],[-118.37581,36.78445],[-118.37932,36.78168],[-118.37564,36.77698],[-118.37529,36.76969],[-118.37156,36.7658],[-118.37361,36.76189],[-118.37144,36.75991],[-118.37158,36.75678],[-118.36913,36.75452],[-118.36679,36.74704],[-118.36088,36.74654],[-118.35868,36.74302],[-118.35,36.74021],[-118.34118,36.72826],[-118.33776,36.72708],[-118.33297,36.70485],[-118.33788,36.70118],[-118.34022,36.70134],[-118.34776,36.69446],[-118.35201,36.6949],[-118.34949,36.69376],[-118.36271,36.69332],[-118.36571,36.69064],[-118.36508,36.68899],[-118.36262,36.68611],[-118.35125,36.68126],[-118.34659,36.6745],[-118.34599,36.67097],[-118.33241,36.67132],[-118.32991,36.66684],[-118.32797,36.66624],[-118.33008,36.66317],[-118.33519,36.66044],[-118.33474,36.65738],[-118.33654,36.65447],[-118.33604,36.65239],[-118.32463,36.6462],[-118.32212,36.64087],[-118.31703,36.63853],[-118.31974,36.6347],[-118.32064,36.62681],[-118.30986,36.62453],[-118.30769,36.62063],[-118.30158,36.61849],[-118.30197,36.61456],[-118.29665,36.60716],[-118.28781,36.60197],[-118.28093,36.6032],[-118.27396,36.59589],[-118.27707,36.5907],[-118.28804,36.58902],[-118.28704,36.58289],[-118.29275,36.57762],[-118.2914,36.57673],[-118.29331,36.57477],[-118.28916,36.57158],[-118.29161,36.56652],[-118.29048,36.55744],[-118.27751,36.55287],[-118.27567,36.54955],[-118.26451,36.55021],[-118.26078,36.54725],[-118.25929,36.54256],[-118.25204,36.54057],[-118.24826,36.53594],[-118.24706,36.53152],[-118.24986,36.52833],[-118.24982,36.52444],[-118.24729,36.52129],[-118.24054,36.52061],[-118.23856,36.52196],[-118.23722,36.52007],[-118.23757,36.51107],[-118.23621,36.50995],[-118.23826,36.50807],[-118.2379,36.5039],[-118.24127,36.49846],[-118.23408,36.49189],[-118.24733,36.48565],[-118.24929,36.48204],[-118.24717,36.47925],[-118.23587,36.47529],[-118.23609,36.47155],[-118.23103,36.46387],[-118.22216,36.46196],[-118.22008,36.45703],[-118.21482,36.45482],[-118.21412,36.44734],[-118.20858,36.44121],[-118.20965,36.4365],[-118.21422,36.43524],[-118.21075,36.42987],[-118.20137,36.42949],[-118.19262,36.42484],[-118.18754,36.42589],[-118.18369,36.42455],[-118.17783,36.42633],[-118.17326,36.42507],[-118.17141,36.42739],[-118.15546,36.43106],[-118.15408,36.42551],[-118.15211,36.4256],[-118.15114,36.42349],[-118.14617,36.42338],[-118.14471,36.41998],[-118.13818,36.41642],[-118.13751,36.41357],[-118.14064,36.40205],[-118.14887,36.39609],[-118.15929,36.39599],[-118.16286,36.38757],[-118.1555,36.38646],[-118.15198,36.37808],[-118.14724,36.37794],[-118.14307,36.37514],[-118.14046,36.37236],[-118.14049,36.37019],[-118.13559,36.36833],[-118.13058,36.36903],[-118.12908,36.36279],[-118.12152,36.35329],[-118.12327,36.35118],[-118.12134,36.34848],[-118.10848,36.3457],[-118.10513,36.34677],[-118.10041,36.34437],[-118.1019,36.3419],[-118.10189,36.33607],[-118.09993,36.33113],[-118.09725,36.33003],[-118.10206,36.32549],[-118.10137,36.32299],[-118.10593,36.32365],[-118.11405,36.3188],[-118.10932,36.30757],[-118.11733,36.30485],[-118.12093,36.30263],[-118.12056,36.3002],[-118.12719,36.29795],[-118.12481,36.29674],[-118.12601,36.2922],[-118.12345,36.28875],[-118.12683,36.28021],[-118.1205,36.27516],[-118.11685,36.26845],[-118.11893,36.25439],[-118.11618,36.24852],[-118.11385,36.24787],[-118.11138,36.23834],[-118.10677,36.23557],[-118.10431,36.23161],[-118.10408,36.22721],[-118.10907,36.22532],[-118.10683,36.22013],[-118.10724,36.21479],[-118.10116,36.20699],[-118.0936,36.20346],[-118.08948,36.19497],[-118.07937,36.19355],[-118.0713,36.18494],[-118.06922,36.17705],[-118.05986,36.17194],[-118.05757,36.16807],[-118.05933,36.16785],[-118.05862,36.16412],[-118.06238,36.16024],[-118.05827,36.15629],[-118.05906,36.14807],[-118.07065,36.14196],[-118.07286,36.13805],[-118.0704,36.13272]]],[[[-120.55697,37.18559],[-120.543,37.18555],[-120.54244,37.19998],[-120.55649,37.19992],[-120.55619,37.22147],[-120.54706,37.22146],[-120.54712,37.2288],[-120.57433,37.229],[-120.57485,37.19995],[-120.55649,37.19992],[-120.55697,37.18559]]],[[[-120.42894,37.21016],[-120.41981,37.21017],[-120.41983,37.21378],[-120.41527,37.21379],[-120.41531,37.21742],[-120.41074,37.21742],[-120.41076,37.22105],[-120.40625,37.22109],[-120.40626,37.22472],[-120.36534,37.22505],[-120.36537,37.2287],[-120.35613,37.22875],[-120.35642,37.24676],[-120.34744,37.24675],[-120.34751,37.25036],[-120.35648,37.25039],[-120.35659,37.25763],[-120.32012,37.25741],[-120.32002,37.25028],[-120.31105,37.25019],[-120.31102,37.24749],[-120.29756,37.24643],[-120.2975,37.23212],[-120.28373,37.23152],[-120.28383,37.23514],[-120.27472,37.23512],[-120.27477,37.23873],[-120.26562,37.23868],[-120.2656,37.23509],[-120.2567,37.2351],[-120.25662,37.22071],[-120.26554,37.22067],[-120.26551,37.21345],[-120.25657,37.21352],[-120.25659,37.21711],[-120.23837,37.21715],[-120.2383,37.21359],[-120.23133,37.21457],[-120.23153,37.22206],[-120.22916,37.22012],[-120.22938,37.22779],[-120.211,37.22784],[-120.21099,37.235],[-120.22011,37.23499],[-120.22007,37.23858],[-120.25672,37.23877],[-120.25674,37.24229],[-120.25957,37.24229],[-120.26876,37.24956],[-120.27491,37.24962],[-120.27509,37.27305],[-120.26807,37.27395],[-120.2635,37.27201],[-120.26408,37.27526],[-120.26251,37.27695],[-120.25684,37.27714],[-120.25684,37.27922],[-120.24783,37.27917],[-120.24776,37.29361],[-120.25686,37.29363],[-120.25683,37.28648],[-120.26591,37.28649],[-120.26585,37.27863],[-120.26931,37.27946],[-120.27018,37.2819],[-120.27349,37.28191],[-120.2728,37.28039],[-120.27573,37.27805],[-120.28437,37.27913],[-120.28437,37.28297],[-120.27377,37.28293],[-120.27335,37.28656],[-120.29323,37.28676],[-120.29318,37.30108],[-120.30692,37.30134],[-120.30694,37.31562],[-120.32073,37.31581],[-120.32065,37.31942],[-120.30693,37.31923],[-120.30692,37.32284],[-120.30237,37.32278],[-120.2967,37.32653],[-120.28419,37.32951],[-120.28445,37.3409],[-120.28832,37.34042],[-120.29319,37.3366],[-120.30019,37.33781],[-120.30022,37.34067],[-120.30247,37.34072],[-120.30249,37.34429],[-120.31153,37.3443],[-120.31164,37.33296],[-120.31628,37.33242],[-120.32432,37.32842],[-120.32387,37.32567],[-120.32571,37.3235],[-120.36107,37.32358],[-120.36107,37.33072],[-120.36565,37.33077],[-120.36564,37.32729],[-120.37124,37.33083],[-120.37479,37.33087],[-120.37479,37.33575],[-120.38327,37.33575],[-120.384,37.337],[-120.38505,37.33514],[-120.38842,37.33477],[-120.39027,37.33093],[-120.39156,37.33093],[-120.39382,37.33758],[-120.39933,37.33713],[-120.4032,37.33918],[-120.4017,37.34537],[-120.42901,37.34535],[-120.42887,37.35963],[-120.45609,37.35953],[-120.45612,37.36683],[-120.43785,37.36686],[-120.43784,37.36867],[-120.43368,37.36868],[-120.42873,37.36588],[-120.41887,37.37416],[-120.41782,37.38235],[-120.42839,37.38854],[-120.4363,37.37412],[-120.43933,37.37633],[-120.44193,37.38134],[-120.44688,37.38135],[-120.44665,37.38858],[-120.4651,37.38852],[-120.4652,37.40312],[-120.47397,37.40281],[-120.47391,37.39542],[-120.48271,37.39529],[-120.48268,37.38809],[-120.48992,37.38804],[-120.48848,37.37365],[-120.46653,37.37409],[-120.46924,37.36571],[-120.4736,37.36187],[-120.47893,37.36066],[-120.48264,37.35596],[-120.48209,37.35457],[-120.4839,37.35414],[-120.48078,37.35027],[-120.48195,37.34714],[-120.47965,37.3434],[-120.48361,37.33971],[-120.48124,37.33753],[-120.4829,37.33063],[-120.5016,37.33043],[-120.5016,37.32332],[-120.51176,37.32321],[-120.52601,37.33194],[-120.52596,37.33748],[-120.52828,37.33748],[-120.52821,37.34459],[-120.53745,37.34453],[-120.5376,37.37322],[-120.54653,37.37316],[-120.54647,37.36608],[-120.55536,37.36602],[-120.55546,37.37309],[-120.57161,37.37293],[-120.5716,37.37654],[-120.5739,37.37651],[-120.57388,37.38012],[-120.57822,37.38012],[-120.58331,37.38738],[-120.57858,37.38736],[-120.57859,37.39447],[-120.57387,37.39445],[-120.57395,37.42323],[-120.56155,37.42339],[-120.56023,37.42457],[-120.55718,37.4236],[-120.55446,37.4259],[-120.55729,37.42712],[-120.55543,37.43072],[-120.54682,37.43086],[-120.53216,37.42446],[-120.5354,37.41982],[-120.5267,37.41901],[-120.52516,37.42938],[-120.5283,37.43298],[-120.52568,37.43573],[-120.52617,37.43752],[-120.53146,37.43871],[-120.52667,37.44163],[-120.52881,37.44358],[-120.52757,37.44632],[-120.52524,37.44675],[-120.52503,37.4452],[-120.52081,37.44765],[-120.51776,37.44677],[-120.51428,37.45167],[-120.51018,37.453],[-120.50111,37.45309],[-120.50121,37.46029],[-120.50987,37.46017],[-120.50996,37.46764],[-120.51534,37.46765],[-120.51931,37.46371],[-120.51922,37.46005],[-120.53374,37.45979],[-120.52853,37.45604],[-120.52858,37.44738],[-120.53072,37.44565],[-120.5379,37.44559],[-120.53779,37.45972],[-120.55352,37.45863],[-120.55607,37.46082],[-120.5602,37.46058],[-120.56316,37.45526],[-120.57401,37.45584],[-120.57406,37.4488],[-120.58333,37.44876],[-120.58333,37.45126],[-120.59261,37.45009],[-120.59261,37.4396],[-120.59711,37.43962],[-120.5971,37.43411],[-120.60156,37.43412],[-120.60153,37.43044],[-120.61041,37.43046],[-120.6128,37.42691],[-120.63794,37.42704],[-120.63831,37.44081],[-120.64199,37.44166],[-120.64258,37.43612],[-120.64737,37.43521],[-120.65274,37.43103],[-120.65608,37.42367],[-120.66618,37.42176],[-120.66725,37.42483],[-120.66651,37.52468],[-120.46393,37.60398],[-120.46394,37.59052],[-120.4458,37.59048],[-120.44578,37.60484],[-120.46165,37.60488],[-120.38818,37.63362],[-120.38825,37.62867],[-120.36976,37.62843],[-120.36876,37.6964],[-120.37492,37.70046],[-120.37368,37.6962],[-120.3773,37.69506],[-120.37951,37.69599],[-120.38041,37.69388],[-120.38583,37.70054],[-120.38831,37.6994],[-120.39177,37.70098],[-120.39345,37.70419],[-120.3999,37.70922],[-120.39758,37.70345],[-120.38946,37.69435],[-120.39845,37.7023],[-120.40146,37.7033],[-120.40159,37.70116],[-120.4101,37.70669],[-120.40955,37.71639],[-120.40404,37.71503],[-120.40164,37.71087],[-120.40544,37.72055],[-120.39639,37.71852],[-120.39765,37.72605],[-120.39256,37.72222],[-120.39467,37.72953],[-120.39466,37.74134],[-120.53032,37.74094],[-120.65378,37.83339],[-120.92672,38.07715],[-120.92671,37.98072],[-121.01876,37.98066],[-121.01885,37.94891],[-121.01466,37.94424],[-121.03899,37.9439],[-121.03892,37.93844],[-121.03408,37.93956],[-121.03086,37.93855],[-121.02812,37.93519],[-121.02816,37.92944],[-121.03339,37.9295],[-121.03342,37.93452],[-121.03872,37.93444],[-121.03826,37.91995],[-121.04231,37.91974],[-121.04312,37.91839],[-121.04566,37.91773],[-121.05217,37.9229],[-121.05409,37.92274],[-121.05321,37.91878],[-121.0603,37.91921],[-121.06434,37.91772],[-121.07217,37.92196],[-121.08057,37.91839],[-121.08874,37.92123],[-121.13924,37.92064],[-121.13847,37.89118],[-121.12937,37.89125],[-121.12718,37.84146],[-121.13631,37.84138],[-121.1364,37.8443],[-121.15486,37.84313],[-121.15444,37.83356],[-121.145,37.83],[-121.14468,37.82634],[-121.13999,37.82316],[-121.13977,37.81211],[-121.14413,37.81202],[-121.13959,37.8013],[-121.1436,37.80126],[-121.14332,37.79014],[-121.13465,37.7902],[-121.13412,37.76839],[-121.14326,37.76831],[-121.14318,37.76376],[-121.15214,37.76468],[-121.15201,37.75758],[-121.15682,37.76035],[-121.15664,37.75841],[-121.16096,37.75836],[-121.16089,37.75377],[-121.17007,37.75373],[-121.16998,37.74705],[-121.17296,37.7469],[-121.17302,37.75036],[-121.18837,37.7501],[-121.18832,37.74639],[-121.21595,37.74649],[-121.21592,37.75006],[-121.25259,37.75001],[-121.25261,37.74622],[-121.2902,37.74568],[-121.29144,37.7425],[-121.29698,37.73882],[-121.29585,37.73267],[-121.29792,37.72566],[-121.29239,37.72075],[-121.28966,37.71525],[-121.28331,37.71369],[-121.27848,37.70985],[-121.27693,37.71096],[-121.27793,37.71851],[-121.27602,37.71943],[-121.26357,37.72098],[-121.25994,37.71825],[-121.26829,37.71265],[-121.27213,37.70557],[-121.27441,37.69867],[-121.27051,37.69495],[-121.27069,37.69262],[-121.27544,37.68758],[-121.27614,37.68486],[-121.27449,37.68297],[-121.2712,37.6831],[-121.26422,37.68772],[-121.25824,37.68464],[-121.2578,37.68112],[-121.26473,37.67721],[-121.26431,37.67406],[-121.25586,37.66991],[-121.25201,37.66538],[-121.24784,37.66528],[-121.24647,37.67222],[-121.2433,37.67217],[-121.24099,37.65696],[-121.23991,37.65536],[-121.22399,37.64924],[-121.22321,37.6484],[-121.22825,37.64345],[-121.22891,37.64007],[-121.21672,37.63751],[-121.21462,37.62832],[-121.21244,37.62754],[-121.21142,37.62892],[-121.20964,37.63529],[-121.20245,37.63791],[-121.19566,37.63764],[-121.19075,37.63112],[-121.19189,37.62779],[-121.18467,37.62491],[-121.18699,37.62253],[-121.18442,37.6193],[-121.18405,37.61508],[-121.17568,37.61007],[-121.17427,37.60571],[-121.17775,37.60597],[-121.17653,37.60218],[-121.17907,37.59891],[-121.17727,37.59776],[-121.17275,37.59997],[-121.17034,37.59915],[-121.1707,37.59742],[-121.17607,37.59594],[-121.17656,37.59393],[-121.17249,37.59233],[-121.1713,37.58718],[-121.16709,37.58502],[-121.16518,37.58074],[-121.16088,37.58273],[-121.15709,37.58207],[-121.15905,37.57471],[-121.15302,37.56723],[-121.15227,37.56255],[-121.1539,37.55847],[-121.14921,37.55514],[-121.14788,37.55595],[-121.14912,37.5575],[-121.14788,37.56082],[-121.14255,37.5594],[-121.13515,37.5606],[-121.13013,37.55863],[-121.12687,37.55414],[-121.12218,37.55126],[-121.12223,37.5467],[-121.11537,37.54229],[-121.1236,37.53924],[-121.13306,37.53071],[-121.13782,37.53122],[-121.14211,37.52847],[-121.15348,37.53752],[-121.1554,37.53601],[-121.15951,37.53673],[-121.16372,37.53521],[-121.17665,37.53865],[-121.1883,37.52934],[-121.1952,37.52939],[-121.19329,37.52756],[-121.18936,37.52787],[-121.18833,37.52605],[-121.18607,37.52612],[-121.18627,37.5041],[-121.18187,37.50142],[-121.18623,37.50065],[-121.18623,37.49617],[-121.19151,37.49617],[-121.19533,37.49335],[-121.28637,37.4931],[-121.28607,37.45012],[-121.31341,37.44991],[-121.31891,37.44267],[-121.34757,37.44017],[-121.3528,37.43301],[-121.39335,37.43249],[-121.39335,37.42517],[-121.42498,37.42531],[-121.42489,37.41804],[-121.44293,37.41788],[-121.44367,37.40364],[-121.45085,37.40364],[-121.45303,37.39084],[-121.45049,37.38942],[-121.43606,37.39288],[-121.42567,37.39145],[-121.42229,37.38886],[-121.4132,37.38671],[-121.41174,37.37845],[-121.41571,37.37386],[-121.41995,37.37207],[-121.42203,37.36507],[-121.42483,37.36484],[-121.42773,37.36041],[-121.42661,37.35891],[-121.42744,37.35606],[-121.42425,37.35336],[-121.42419,37.3452],[-121.41658,37.33879],[-121.41192,37.33201],[-121.41424,37.32901],[-121.41377,37.32361],[-121.41152,37.32114],[-121.41387,37.31907],[-121.41026,37.31588],[-121.40962,37.31295],[-121.42267,37.30449],[-121.42342,37.30202],[-121.35057,37.30257],[-121.34559,37.30142],[-121.34218,37.29617],[-121.34047,37.298],[-121.33731,37.29586],[-121.33564,37.29172],[-121.31507,37.3],[-121.31104,37.29803],[-121.30729,37.301],[-121.2986,37.29786],[-121.29324,37.30239],[-121.28674,37.29892],[-121.28123,37.29236],[-121.28021,37.28779],[-121.27672,37.28478],[-121.26532,37.2808],[-121.25601,37.28034],[-121.24329,37.28448],[-121.2432,37.28699],[-121.23226,37.28542],[-121.23838,37.29134],[-121.23406,37.29163],[-121.22969,37.28759],[-121.22622,37.28692],[-121.2219,37.2873],[-121.21491,37.29205],[-121.21529,37.34789],[-121.20622,37.34793],[-121.20607,37.35518],[-121.21526,37.35509],[-121.21523,37.35825],[-121.21253,37.36039],[-121.21181,37.36394],[-121.20319,37.369],[-121.20138,37.3723],[-121.19677,37.3718],[-121.1942,37.3681],[-121.19221,37.37105],[-121.18501,37.37041],[-121.18486,37.36539],[-121.17715,37.36354],[-121.17604,37.36009],[-121.15433,37.36127],[-121.13915,37.37003],[-121.12503,37.36994],[-121.1259,37.37306],[-121.11698,37.37359],[-121.11692,37.38825],[-121.05806,37.38916],[-121.05813,37.38583],[-121.05357,37.38582],[-121.05358,37.37675],[-121.04899,37.37677],[-121.04907,37.36946],[-121.04311,37.36944],[-121.04004,37.36772],[-121.02354,37.38365],[-121.02976,37.38738],[-121.00295,37.4129],[-121.00001,37.41059],[-120.996,37.41135],[-120.99315,37.40954],[-120.99706,37.4052],[-120.99571,37.40209],[-120.98841,37.40335],[-120.98509,37.40035],[-120.98536,37.39836],[-120.99065,37.39498],[-120.99149,37.38907],[-120.99433,37.38758],[-120.99363,37.38416],[-120.99182,37.38332],[-120.98981,37.38678],[-120.98374,37.38643],[-120.98259,37.38481],[-120.98528,37.38037],[-120.98475,37.37636],[-120.97604,37.3775],[-120.97339,37.37566],[-120.97877,37.37247],[-120.97826,37.37061],[-120.97424,37.36864],[-120.98175,37.36557],[-120.97803,37.36116],[-120.97879,37.35725],[-120.97699,37.35472],[-120.9766,37.34971],[-120.97194,37.34906],[-120.96882,37.34569],[-120.96356,37.3457],[-120.96353,37.34895],[-120.96148,37.351],[-120.95646,37.34943],[-120.95625,37.35124],[-120.96061,37.35517],[-120.95845,37.35847],[-120.95516,37.35767],[-120.95139,37.36062],[-120.94646,37.35944],[-120.94558,37.3612],[-120.94141,37.36247],[-120.942,37.36718],[-120.94035,37.36897],[-120.93379,37.36656],[-120.93011,37.37094],[-120.92499,37.37029],[-120.9227,37.36507],[-120.92411,37.35842],[-120.92176,37.35585],[-120.91386,37.35765],[-120.90779,37.36389],[-120.90173,37.36098],[-120.90165,37.35735],[-120.89784,37.3579],[-120.89654,37.35602],[-120.88843,37.36143],[-120.88089,37.3628],[-120.87766,37.36047],[-120.87285,37.36147],[-120.87166,37.3573],[-120.86603,37.35875],[-120.86234,37.35763],[-120.85329,37.36265],[-120.84717,37.3698],[-120.8382,37.36984],[-120.83537,37.37588],[-120.82788,37.38202],[-120.81137,37.38463],[-120.80883,37.38326],[-120.80662,37.38683],[-120.80278,37.38672],[-120.79825,37.39016],[-120.7953,37.38861],[-120.79375,37.38398],[-120.79401,37.36572],[-120.78497,37.36573],[-120.78501,37.3585],[-120.83935,37.35856],[-120.83936,37.35506],[-120.83481,37.35499],[-120.83482,37.35136],[-120.83026,37.3513],[-120.83027,37.34769],[-120.82121,37.34761],[-120.82121,37.35116],[-120.81216,37.35102],[-120.81215,37.33717],[-120.79858,37.33729],[-120.79857,37.33046],[-120.79405,37.3305],[-120.79405,37.33392],[-120.79177,37.33395],[-120.79177,37.33736],[-120.77808,37.33752],[-120.77807,37.33584],[-120.77579,37.33587],[-120.7758,37.33754],[-120.75761,37.33748],[-120.75752,37.33071],[-120.75073,37.3306],[-120.75055,37.31605],[-120.73907,37.31596],[-120.73893,37.30002],[-120.72067,37.2991],[-120.72081,37.30884],[-120.7299,37.30879],[-120.72999,37.31602],[-120.72076,37.31607],[-120.71592,37.3123],[-120.70274,37.31188],[-120.70279,37.31605],[-120.68396,37.316],[-120.68386,37.30516],[-120.69327,37.30516],[-120.6932,37.2929],[-120.68852,37.29287],[-120.68851,37.28709],[-120.68384,37.28704],[-120.68389,37.28345],[-120.67481,37.28347],[-120.67488,37.27989],[-120.66133,37.27991],[-120.66107,37.30158],[-120.66564,37.3016],[-120.66575,37.30877],[-120.66117,37.30874],[-120.65655,37.30513],[-120.6474,37.30507],[-120.64747,37.31579],[-120.63693,37.31573],[-120.63937,37.31383],[-120.63346,37.30355],[-120.62967,37.3014],[-120.62493,37.30137],[-120.62491,37.29773],[-120.61135,37.29762],[-120.61128,37.29399],[-120.61355,37.294],[-120.61343,37.28673],[-120.61115,37.28672],[-120.61111,37.27962],[-120.6222,37.27969],[-120.62228,37.27258],[-120.62508,37.27259],[-120.62503,37.26895],[-120.62965,37.269],[-120.62949,37.26538],[-120.63879,37.26546],[-120.63858,37.25825],[-120.62925,37.25815],[-120.62937,37.26177],[-120.62487,37.26167],[-120.62494,37.26531],[-120.61127,37.2651],[-120.61153,37.24338],[-120.59348,37.24334],[-120.59349,37.23976],[-120.57463,37.23972],[-120.57473,37.2433],[-120.48347,37.24334],[-120.48346,37.25053],[-120.42901,37.25016],[-120.42903,37.23928],[-120.44686,37.23948],[-120.44672,37.22367],[-120.45356,37.22368],[-120.45354,37.21917],[-120.44668,37.21915],[-120.44663,37.21371],[-120.43779,37.21374],[-120.43788,37.22101],[-120.42906,37.22106],[-120.42894,37.21016]]],[[[-120.29555,37.31185],[-120.29329,37.31181],[-120.29333,37.31538],[-120.28432,37.31521],[-120.28425,37.32242],[-120.29331,37.3226],[-120.29333,37.31538],[-120.29558,37.31543],[-120.29555,37.31185]]],[[[-120.61179,37.21453],[-120.59354,37.21452],[-120.59351,37.229],[-120.6115,37.22887],[-120.61179,37.21453]]],[[[-121.53718,37.74851],[-121.53444,37.75019],[-121.53446,37.78829],[-121.52089,37.77984],[-121.52109,37.79435],[-121.51846,37.79687],[-121.5361,37.81009],[-121.55593,37.82037],[-121.55916,37.81893],[-121.55716,37.82091],[-121.55921,37.82112],[-121.56067,37.75263],[-121.55651,37.74946],[-121.53718,37.74851]]],[[[-121.64602,38.14728],[-121.60122,38.18461],[-121.58075,38.17546],[-121.52725,38.17838],[-121.52335,38.18312],[-121.52762,38.19062],[-121.52774,38.19352],[-121.51943,38.20106],[-121.5121,38.20047],[-121.50865,38.2031],[-121.50696,38.20749],[-121.5033,38.21023],[-121.50623,38.2213],[-121.49999,38.22511],[-121.49057,38.22615],[-121.4896,38.23102],[-121.48566,38.23443],[-121.48603,38.23801],[-121.4775,38.24443],[-121.47854,38.25187],[-121.47047,38.25791],[-121.4601,38.25716],[-121.44944,38.25268],[-121.44365,38.25486],[-121.43339,38.25241],[-121.42853,38.25305],[-121.42532,38.24889],[-121.42823,38.24639],[-121.42555,38.24477],[-121.41951,38.23538],[-121.41017,38.23001],[-121.40889,38.23102],[-121.4041,38.22829],[-121.40049,38.22895],[-121.39608,38.22551],[-121.38795,38.23151],[-121.38431,38.22947],[-121.38137,38.2304],[-121.37012,38.22793],[-121.36595,38.22969],[-121.36347,38.22676],[-121.35311,38.22935],[-121.34352,38.22643],[-121.32809,38.23108],[-121.3209,38.23094],[-121.31681,38.23339],[-121.30429,38.23305],[-121.29187,38.23703],[-121.28672,38.24426],[-121.2809,38.2484],[-121.27665,38.24728],[-121.26698,38.25059],[-121.24385,38.24338],[-121.2363,38.24571],[-121.22837,38.24585],[-121.22184,38.24265],[-121.21404,38.24693],[-121.20226,38.24729],[-121.19102,38.25491],[-121.17174,38.25346],[-121.16234,38.25871],[-121.1559,38.25899],[-121.14592,38.26217],[-121.137,38.26972],[-121.1324,38.27039],[-121.127,38.27571],[-121.11573,38.27574],[-121.10165,38.28115],[-121.09238,38.28031],[-121.09163,38.28186],[-121.08304,38.28457],[-121.0659,38.29734],[-121.06055,38.29713],[-121.05228,38.29137],[-121.04495,38.28952],[-121.03908,38.29595],[-121.02618,38.29835],[-121.02618,38.30035],[-121.02263,38.30112],[-121.02637,38.5103],[-121.08531,38.64769],[-121.11906,38.71785],[-121.1192,38.71508],[-121.12403,38.71047],[-121.13338,38.70528],[-121.14265,38.7121],[-121.21649,38.71634],[-121.2167,38.73241],[-121.21877,38.73246],[-121.21883,38.73652],[-121.22599,38.73669],[-121.22674,38.75221],[-121.22414,38.75648],[-121.22185,38.76738],[-121.2175,38.77038],[-121.24738,38.77033],[-121.24738,38.77394],[-121.25242,38.77268],[-121.25335,38.77393],[-121.25858,38.77393],[-121.26573,38.77974],[-121.26566,38.79209],[-121.27494,38.7957],[-121.30083,38.79566],[-121.30067,38.81003],[-121.30285,38.81016],[-121.30797,38.81013],[-121.30814,38.80537],[-121.31185,38.80467],[-121.31263,38.80721],[-121.31885,38.80604],[-121.32041,38.80716],[-121.32038,38.81005],[-121.37701,38.80981],[-121.37707,38.79528],[-121.38518,38.79527],[-121.38519,38.79164],[-121.38635,38.79164],[-121.38634,38.79527],[-121.40025,38.79526],[-121.40028,38.78073],[-121.39565,38.78074],[-121.39563,38.77528],[-121.37709,38.77541],[-121.37707,38.76651],[-121.35862,38.76623],[-121.35875,38.74327],[-121.3937,38.74369],[-121.3936,38.73611],[-121.41173,38.73641],[-121.4118,38.72981],[-121.50336,38.73581],[-121.60332,38.73593],[-121.60624,38.71858],[-121.61367,38.71026],[-121.62977,38.69865],[-121.6331,38.69464],[-121.63466,38.69061],[-121.63263,38.68194],[-121.62922,38.67532],[-121.60714,38.65841],[-121.59637,38.64471],[-121.59158,38.64123],[-121.58618,38.64107],[-121.5749,38.64707],[-121.56686,38.64444],[-121.56293,38.63334],[-121.56086,38.61293],[-121.55521,38.60396],[-121.54839,38.59736],[-121.54326,38.59586],[-121.53656,38.6009],[-121.53038,38.6027],[-121.51601,38.60146],[-121.50867,38.59683],[-121.50629,38.58893],[-121.50829,38.58046],[-121.52103,38.56513],[-121.51561,38.55749],[-121.51093,38.54396],[-121.51157,38.54219],[-121.51835,38.53588],[-121.53041,38.53072],[-121.53103,38.52824],[-121.52405,38.52058],[-121.52463,38.51958],[-121.52886,38.51751],[-121.5409,38.51675],[-121.55291,38.51322],[-121.55836,38.50381],[-121.55944,38.49888],[-121.55592,38.49231],[-121.5412,38.47428],[-121.53311,38.472],[-121.51266,38.47222],[-121.50675,38.47054],[-121.50457,38.46836],[-121.50141,38.45306],[-121.50153,38.44455],[-121.50308,38.44078],[-121.50757,38.43703],[-121.51406,38.43501],[-121.52769,38.43498],[-121.53249,38.43164],[-121.53064,38.42632],[-121.51651,38.40718],[-121.51321,38.39897],[-121.51461,38.38753],[-121.52468,38.37776],[-121.52119,38.36732],[-121.52138,38.36171],[-121.53901,38.34749],[-121.55891,38.34334],[-121.57556,38.32649],[-121.583,38.33016],[-121.58477,38.32723],[-121.58446,38.3237],[-121.58913,38.32079],[-121.58901,38.31617],[-121.59222,38.31157],[-121.5975,38.30826],[-121.59635,38.30544],[-121.59865,38.30304],[-121.59875,38.29987],[-121.60417,38.2941],[-121.60278,38.28772],[-121.60438,38.284],[-121.59967,38.27729],[-121.603,38.26867],[-121.59915,38.25599],[-121.60125,38.24954],[-121.60217,38.2355],[-121.60109,38.21942],[-121.60743,38.21106],[-121.61271,38.19556],[-121.61632,38.19312],[-121.62416,38.19151],[-121.63351,38.19147],[-121.6483,38.18301],[-121.62298,38.17522],[-121.64602,38.14728]]],[[[-122.30119,40.48405],[-122.29827,40.48406],[-122.29771,40.48711],[-122.29316,40.48714],[-122.29537,40.49122],[-122.2874,40.49125],[-122.28743,40.49329],[-122.2765,40.49329],[-122.27653,40.4913],[-122.27425,40.4913],[-122.2742,40.49279],[-122.28106,40.49847],[-122.27651,40.4985],[-122.27657,40.52033],[-122.28607,40.52031],[-122.28611,40.52757],[-122.29091,40.52756],[-122.29092,40.53472],[-122.29571,40.53469],[-122.29574,40.5367],[-122.29915,40.53732],[-122.30264,40.5373],[-122.30263,40.53475],[-122.30821,40.53474],[-122.30756,40.54127],[-122.31478,40.54123],[-122.31486,40.54923],[-122.29572,40.54928],[-122.29578,40.55671],[-122.29094,40.55675],[-122.29099,40.5632],[-122.29871,40.56403],[-122.29965,40.57002],[-122.30295,40.571],[-122.30293,40.57448],[-122.30531,40.57463],[-122.30615,40.57951],[-122.31001,40.57959],[-122.31003,40.57841],[-122.31007,40.58016],[-122.31366,40.5802],[-122.31467,40.57279],[-122.31359,40.57185],[-122.32076,40.57124],[-122.32078,40.57835],[-122.31838,40.57836],[-122.31847,40.58196],[-122.3149,40.582],[-122.31537,40.60615],[-122.31651,40.60994],[-122.31784,40.6101],[-122.31679,40.6118],[-122.31789,40.61462],[-122.3204,40.61461],[-122.32052,40.6198],[-122.33032,40.61797],[-122.33029,40.62184],[-122.32352,40.62185],[-122.32528,40.62547],[-122.3303,40.62509],[-122.33035,40.6291],[-122.33523,40.62911],[-122.33545,40.63636],[-122.34516,40.63672],[-122.34509,40.64742],[-122.34044,40.64743],[-122.33972,40.65121],[-122.32979,40.65668],[-122.32796,40.66366],[-122.32461,40.66617],[-122.31817,40.68067],[-122.32903,40.68058],[-122.33104,40.67317],[-122.33592,40.67311],[-122.3359,40.66373],[-122.34272,40.66364],[-122.34383,40.66465],[-122.34367,40.67695],[-122.34832,40.67792],[-122.34348,40.69319],[-122.337,40.70387],[-122.35564,40.70347],[-122.35544,40.69328],[-122.38583,40.69361],[-122.38976,40.71255],[-122.38885,40.72016],[-122.39073,40.72177],[-122.39081,40.71247],[-122.38719,40.69353],[-122.38879,40.69363],[-122.39195,40.70739],[-122.40308,40.70733],[-122.40524,40.7129],[-122.41504,40.71341],[-122.41551,40.70768],[-122.41013,40.70553],[-122.40978,40.66638],[-122.39349,40.66635],[-122.39132,40.64984],[-122.38854,40.64989],[-122.38694,40.63838],[-122.38981,40.63575],[-122.39235,40.63576],[-122.39257,40.62278],[-122.39683,40.62854],[-122.3985,40.63556],[-122.40655,40.63546],[-122.40761,40.64037],[-122.41141,40.63919],[-122.41135,40.63767],[-122.41613,40.63541],[-122.41296,40.63362],[-122.41608,40.63112],[-122.41846,40.63117],[-122.4161,40.63023],[-122.41621,40.62468],[-122.42105,40.62387],[-122.41141,40.62095],[-122.41152,40.61403],[-122.42609,40.61424],[-122.42616,40.61059],[-122.43092,40.61065],[-122.43095,40.60707],[-122.44866,40.60701],[-122.44782,40.60055],[-122.44554,40.60044],[-122.43799,40.59284],[-122.44698,40.59073],[-122.45039,40.58597],[-122.43745,40.58309],[-122.43737,40.57833],[-122.43899,40.57894],[-122.43836,40.56693],[-122.43389,40.56685],[-122.43446,40.55959],[-122.43215,40.5632],[-122.42961,40.56318],[-122.42993,40.55268],[-122.42517,40.55251],[-122.42547,40.54562],[-122.43651,40.5444],[-122.43632,40.5457],[-122.44572,40.54585],[-122.44651,40.52841],[-122.4415,40.52868],[-122.43667,40.52427],[-122.43961,40.52315],[-122.44086,40.52013],[-122.43979,40.5176],[-122.42722,40.51735],[-122.42642,40.52988],[-122.41152,40.53016],[-122.40409,40.53289],[-122.39329,40.53246],[-122.38938,40.53013],[-122.39093,40.52606],[-122.38995,40.52273],[-122.39049,40.51941],[-122.39234,40.51954],[-122.39136,40.51647],[-122.39293,40.51391],[-122.40534,40.51598],[-122.40844,40.51408],[-122.4178,40.51325],[-122.42299,40.51475],[-122.42742,40.51333],[-122.428,40.50191],[-122.43765,40.50067],[-122.43825,40.49507],[-122.42715,40.49718],[-122.42256,40.50036],[-122.4163,40.49938],[-122.41347,40.49999],[-122.41233,40.50225],[-122.40523,40.50221],[-122.40597,40.50651],[-122.39224,40.50761],[-122.39458,40.51252],[-122.38623,40.51656],[-122.38104,40.51238],[-122.37942,40.50501],[-122.3827,40.50643],[-122.39397,40.50528],[-122.38502,40.497],[-122.37825,40.50508],[-122.35884,40.49043],[-122.35617,40.49106],[-122.34935,40.49598],[-122.35856,40.49961],[-122.3646,40.50589],[-122.35742,40.51642],[-122.36022,40.52644],[-122.35953,40.52913],[-122.35424,40.53136],[-122.35376,40.53463],[-122.34942,40.53463],[-122.34973,40.53682],[-122.34812,40.53657],[-122.34815,40.53805],[-122.3434,40.53623],[-122.34338,40.54566],[-122.3398,40.54565],[-122.33904,40.53908],[-122.34243,40.53708],[-122.34092,40.53105],[-122.33738,40.53103],[-122.33741,40.53464],[-122.33386,40.53445],[-122.32845,40.53107],[-122.32419,40.53106],[-122.32409,40.52375],[-122.3196,40.52211],[-122.31561,40.51646],[-122.31338,40.52016],[-122.30503,40.5202],[-122.30503,40.51292],[-122.31401,40.51294],[-122.31456,40.50564],[-122.31617,40.50563],[-122.31482,40.50018],[-122.31233,40.50019],[-122.31204,40.49855],[-122.30549,40.49827],[-122.30548,40.49119],[-122.30282,40.49118],[-122.30119,40.48405]]]]},"properties":{"NAME":"CALISO"}},{"type":"Feature","geometry":{"type":"Polygon","coordinates":[[[-122.99596,40.41838],[-122.9982,40.41821],[-122.99813,40.41822],[-122.99596,40.41838]]]},"properties":{"NAME":"CALISO"}}],"metadata":{"source":"California Energy Commission / CAISO / BANC","sourceUrl":"https://www.arcgis.com/home/item.html?id=147c83114a3f4ff8a82225e3d6c24857","sourceDataUpdatedAt":"2021-08-03","retrievedAt":"2026-09-18","sourceStatus":"Retired","description":"Historical, approximate balancing authority geography. Not a current operational boundary or a price zone.","processing":"CALISO feature only; WGS84; ArcGIS maxAllowableOffset 0.001 degrees; five decimal places."}}
