{"type":"FeatureCollection","crs":{"type":"name","properties":{"name":"EPSG:4326"}},"features":[{"type":"Feature","geometry":{"type":"LineString","coordinates":[[-114.902,33.5911],[-115.0946,33.5981],[-115.2113,33.6656],[-115.3732,33.7075],[-115.3955,33.707],[-115.4139,33.695],[-115.6491,33.6616],[-115.6546,33.6898],[-115.6266,33.7046]]},"properties":{"Name":"BLYENG 220kV","kV":"220","kV_Sort":220,"Owner":"BLYTHE ENERGY","Status":"Operational","Circuit":"Single","TLine_Name":" ","Length_Mile":50}},{"type":"Feature","geometry":{"type":"LineString","coordinates":[[-114.6842,33.6159],[-114.7092,33.5954],[-114.7457,33.5413],[-114.8136,33.5878],[-114.902,33.5911]]},"properties":{"Name":"BLYENG 220kV","kV":"220","kV_Sort":220,"Owner":"BLYTHE ENERGY","Status":"Operational","Circuit":"Double","TLine_Name":" ","Length_Mile":17}},{"type":"Feature","geometry":{"type":"LineString","coordinates":[[-120.5333,41.501],[-120.5574,41.5021],[-120.5586,41.5249],[-120.5788,41.5375],[-120.6724,41.5446],[-120.8188,41.5448],[-121.0152,41.5246],[-121.1902,41.585],[-121.2758,41.7244],[-121.2799,41.8146],[-121.3018,41.8554],[-121.3174,42.0047]]},"properties":{"Name":"BPA 230kV","kV":"230","kV_Sort":230,"Owner":"BPA","Status":"Operational","Circuit":"Single","TLine_Name":"Malin-Warner","Length_Mile":67}},{"type":"Feature","geometry":{"type":"LineString","coordinates":[[-116.1154,33.6735],[-116.009,33.5695],[-115.9575,33.568],[-115.9065,33.5234],[-115.7421,33.412],[-115.5966,33.3398],[-115.5582,33.3397],[-115.5019,33.2923],[-115.502,33.2774],[-115.476,33.2481],[-115.4409,33.2307],[-115.4409,33.1991],[-115.4344,33.1928]]},"properties":{"Name":"IID 230kV","kV":"230","kV_Sort":230,"Owner":"IID","Status":"Operational","Circuit":"Double","TLine_Name":" ","Length_Mile":55}},{"type":"Feature","geometry":{"type":"LineString","coordinates":[[-115.274,32.7708],[-115.2922,32.8586],[-115.2977,32.9678],[-115.3175,32.991],[-115.3636,33.1147],[-115.4341,33.1924]]},"properties":{"Name":"IID 230kV","kV":"230","kV_Sort":230,"Owner":"IID","Status":"Operational","Circuit":"Double","TLine_Name":" ","Length_Mile":31}},{"type":"Feature","geometry":{"type":"LineString","coordinates":[[-116.1157,33.6734],[-116.1139,33.6801],[-116.1459,33.7096],[-116.1635,33.7403],[-116.3335,33.8195],[-116.3708,33.8298]]},"properties":{"Name":"IID 230kV","kV":"230","kV_Sort":230,"Owner":"IID","Status":"Operational","Circuit":"Double","TLine_Name":"Additional IID Path 42","Length_Mile":20}},{"type":"Feature","geometry":{"type":"LineString","coordinates":[[-115.7154,32.7205],[-115.7144,32.7401],[-115.6902,32.7404],[-115.6905,32.7674],[-115.638,32.7669],[-115.6381,32.8112],[-115.578,32.8182]]},"properties":{"Name":"IID 230kV","kV":"230","kV_Sort":230,"Owner":"IID","Status":"Operational","Circuit":"Double","TLine_Name":" ","Length_Mile":15}},{"type":"Feature","geometry":{"type":"LineString","coordinates":[[-115.578,32.8182],[-115.544,32.8179],[-115.544,32.8041],[-115.5374,32.8029]]},"properties":{"Name":"IID 230kV","kV":"230","kV_Sort":230,"Owner":"IID","Status":"Operational","Circuit":"Double","TLine_Name":" ","Length_Mile":3}},{"type":"Feature","geometry":{"type":"LineString","coordinates":[[-115.4319,33.1912],[-115.4323,33.1695],[-115.5529,33.1696],[-115.5538,33.2052],[-115.5733,33.205]]},"properties":{"Name":"IID 230kV","kV":"230","kV_Sort":230,"Owner":"IID","Status":"Operational","Circuit":"Double","TLine_Name":null,"Length_Mile":12}},{"type":"Feature","geometry":{"type":"LineString","coordinates":[[-116.3701,33.8192],[-116.3693,33.8301]]},"properties":{"Name":"IID 230kV","kV":"230","kV_Sort":230,"Owner":"IID","Status":"Operational","Circuit":"Double","TLine_Name":" ","Length_Mile":20}},{"type":"Feature","geometry":{"type":"LineString","coordinates":[[-115.7157,32.7204],[-115.7227,32.729],[-115.7171,32.7343]]},"properties":{"Name":"IID 230kV","kV":"230","kV_Sort":230,"Owner":"IID","Status":"Operational","Circuit":"Double","TLine_Name":" ","Length_Mile":null}},{"type":"Feature","geometry":{"type":"LineString","coordinates":[[-117.433,34.5507],[-117.3473,34.5625],[-117.3434,34.5766],[-117.2733,34.6025],[-117.2042,34.6629],[-117.1537,34.689],[-117.1374,34.707],[-117.0432,34.7303],[-116.9438,34.8027],[-116.8302,34.8532],[-116.7746,34.8904],[-116.7568,34.9194],[-116.5284,35.0747],[-116.465,35.1313],[-116.3684,35.2486],[-116.2969,35.2683],[-116.2683,35.286],[-116.226,35.3317],[-116.1373,35.383],[-116.0828,35.396],[-115.9815,35.4458],[-115.901,35.5014],[-115.7115,35.5542],[-115.6178,35.5906],[-115.5369,35.5912],[-115.4037,35.6169]]},"properties":{"Name":"IPA 500kV DC","kV":"500DC","kV_Sort":500,"Owner":"IPA","Status":"Operational","Circuit":"Single","TLine_Name":" ","Length_Mile":142}},{"type":"Feature","geometry":{"type":"LineString","coordinates":[[-117.321,34.5626],[-117.1378,34.7088],[-117.0443,34.7314],[-116.9448,34.8037],[-116.8311,34.8542],[-116.777,34.8903],[-116.7604,34.9185],[-116.5295,35.0756],[-116.4663,35.1321],[-116.3694,35.25],[-116.2968,35.2699],[-116.2695,35.2869],[-116.2267,35.3329],[-116.1384,35.3841],[-116.0836,35.3971],[-115.9859,35.4453],[-115.9008,35.5034],[-115.7121,35.5554],[-115.6159,35.5928],[-115.5372,35.5927],[-115.4365,35.6073],[-115.4057,35.6185]]},"properties":{"Name":"LADWP 500kV","kV":"500","kV_Sort":500,"Owner":"LADWP","Status":"Operational","Circuit":"Single","TLine_Name":" ","Length_Mile":135}},{"type":"Feature","geometry":{"type":"LineString","coordinates":[[-117.4362,34.5527],[-117.3244,34.5643]]},"properties":{"Name":"LADWP 500kV","kV":"500","kV_Sort":500,"Owner":"LADWP","Status":"Operational","Circuit":"Single","TLine_Name":" ","Length_Mile":7}},{"type":"Feature","geometry":{"type":"LineString","coordinates":[[-117.3241,34.5644],[-117.4363,34.5531]]},"properties":{"Name":"LADWP 500kV","kV":"500","kV_Sort":500,"Owner":"LADWP","Status":"Operational","Circuit":"Single","TLine_Name":" ","Length_Mile":7}},{"type":"Feature","geometry":{"type":"LineString","coordinates":[[-117.4364,34.5536],[-117.433,34.5614],[-117.4587,34.5764],[-117.4589,34.6095],[-117.446,34.6197],[-117.4467,34.6763],[-117.5229,34.9193],[-117.5191,34.9287],[-117.5335,34.9973],[-117.0981,34.9937],[-117.0856,34.9799],[-117.0373,34.9795],[-116.9241,35.055],[-116.8139,35.0348],[-116.7457,34.9879],[-116.6669,34.9877],[-116.5848,35.0435],[-116.4641,35.0469],[-116.3753,35.0607],[-116.2696,35.1186],[-116.2189,35.1335],[-116.1699,35.2133],[-116.135,35.2271],[-116.0989,35.2658],[-115.9615,35.3431],[-115.9073,35.3902],[-115.874,35.4059],[-115.8111,35.402],[-115.6163,35.4851],[-115.4999,35.5167],[-115.4046,35.5919],[-115.3809,35.5988]]},"properties":{"Name":"LADWP 500kV","kV":"500","kV_Sort":500,"Owner":"LADWP","Status":"Operational","Circuit":"Single","TLine_Name":" ","Length_Mile":173}},{"type":"Feature","geometry":{"type":"LineString","coordinates":[[-117.3177,34.5663],[-117.3211,34.5634]]},"properties":{"Name":"LADWP 220kV","kV":"220","kV_Sort":220,"Owner":"LADWP","Status":"Operational","Circuit":"Single","TLine_Name":" ","Length_Mile":0}},{"type":"Feature","geometry":{"type":"LineString","coordinates":[[-118.2544,33.9478],[-118.2492,33.9542],[-118.2079,33.9515],[-118.2043,34.0149]]},"properties":{"Name":"LADWP 230kV","kV":"230","kV_Sort":230,"Owner":"LADWP","Status":"Operational","Circuit":"Double","TLine_Name":" ","Length_Mile":8}},{"type":"Feature","geometry":{"type":"LineString","coordinates":[[-118.428,33.9301],[-118.425,33.9193]]},"properties":{"Name":"LADWP 230kV","kV":"230","kV_Sort":230,"Owner":"LADWP","Status":"Operational","Circuit":"Many","TLine_Name":" ","Length_Mile":1}},{"type":"Feature","geometry":{"type":"LineString","coordinates":[[-118.3709,34.0377],[-118.3688,34.036]]},"properties":{"Name":"SCE 220kV","kV":"220","kV_Sort":220,"Owner":"LADWP","Status":"Operational","Circuit":"Double","TLine_Name":" ","Length_Mile":0}},{"type":"Feature","geometry":{"type":"LineString","coordinates":[[-118.3597,33.9893],[-118.3595,33.9893]]},"properties":{"Name":"SCE 220kV","kV":"220","kV_Sort":220,"Owner":"LADWP","Status":"Operational","Circuit":"Single","TLine_Name":" ","Length_Mile":0}},{"type":"Feature","geometry":{"type":"LineString","coordinates":[[-118.3688,34.036],[-118.3698,34.0384]]},"properties":{"Name":"SCE 220kV","kV":"220","kV_Sort":220,"Owner":"LADWP","Status":"Operational","Circuit":"Double","TLine_Name":" ","Length_Mile":0}},{"type":"Feature","geometry":{"type":"LineString","coordinates":[[-117.4384,34.5534],[-117.6871,34.5351]]},"properties":{"Name":"LADWP 500kV","kV":"500","kV_Sort":500,"Owner":"LADWP","Status":"Operational","Circuit":"Single","TLine_Name":" ","Length_Mile":14}},{"type":"Feature","geometry":{"type":"LineString","coordinates":[[-117.6871,34.5351],[-118.0278,34.5067],[-118.1174,34.451],[-118.1303,34.4524],[-118.2875,34.3647],[-118.3102,34.3625],[-118.3395,34.3444],[-118.352,34.2728],[-118.3892,34.241],[-118.3893,34.2004],[-118.3603,34.1763]]},"properties":{"Name":"LADWP 500kV","kV":"500","kV_Sort":500,"Owner":"LADWP","Status":"Operational","Circuit":"Single","TLine_Name":" ","Length_Mile":54}},{"type":"Feature","geometry":{"type":"LineString","coordinates":[[-118.2552,34.1093],[-118.2688,34.1172],[-118.281,34.1553],[-118.3261,34.1525],[-118.3589,34.175]]},"properties":{"Name":"LADWP 230kV","kV":"230","kV_Sort":230,"Owner":"LADWP","Status":"Operational","Circuit":"Many","TLine_Name":" ","Length_Mile":9}},{"type":"Feature","geometry":{"type":"LineString","coordinates":[[-118.3598,34.1743],[-118.3602,34.1758]]},"properties":{"Name":"LADWP 230kV","kV":"230","kV_Sort":230,"Owner":"LADWP","Status":"Operational","Circuit":"Many","TLine_Name":" ","Length_Mile":0}},{"type":"Feature","geometry":{"type":"LineString","coordinates":[[-118.3598,34.1743],[-118.3592,34.1753]]},"properties":{"Name":"LADWP 230kV","kV":"230","kV_Sort":230,"Owner":"LADWP","Status":"Operational","Circuit":"Many","TLine_Name":" ","Length_Mile":0}},{"type":"Feature","geometry":{"type":"LineString","coordinates":[[-118.3265,34.1522],[-118.3598,34.1743]]},"properties":{"Name":"LADWP 230kV","kV":"230","kV_Sort":230,"Owner":"LADWP","Status":"Operational","Circuit":"Many","TLine_Name":" ","Length_Mile":2}},{"type":"Feature","geometry":{"type":"LineString","coordinates":[[-118.3929,34.2426],[-118.4191,34.2256],[-118.3629,34.1771]]},"properties":{"Name":"LADWP 230kV","kV":"230","kV_Sort":230,"Owner":"LADWP","Status":"Operational","Circuit":"Double","TLine_Name":" ","Length_Mile":7}},{"type":"Feature","geometry":{"type":"LineString","coordinates":[[-118.3629,34.1771],[-118.3604,34.1759]]},"properties":{"Name":"LADWP 230kV","kV":"230","kV_Sort":230,"Owner":"LADWP","Status":"Operational","Circuit":"Double","TLine_Name":" ","Length_Mile":0}},{"type":"Feature","geometry":{"type":"LineString","coordinates":[[-118.3629,34.1771],[-118.3598,34.1755]]},"properties":{"Name":"LADWP 230kV","kV":"230","kV_Sort":230,"Owner":"LADWP","Status":"Operational","Circuit":"Double","TLine_Name":" ","Length_Mile":0}},{"type":"Feature","geometry":{"type":"LineString","coordinates":[[-118.3265,34.1522],[-118.3371,34.1415],[-118.3342,34.1267],[-118.3588,34.106]]},"properties":{"Name":"LADWP 230kV","kV":"230","kV_Sort":230,"Owner":"LADWP","Status":"Operational","Circuit":"Double","TLine_Name":" ","Length_Mile":4}},{"type":"Feature","geometry":{"type":"LineString","coordinates":[[-118.3265,34.1522],[-118.2684,34.1108],[-118.255,34.1093]]},"properties":{"Name":"LADWP 230kV","kV":"230","kV_Sort":230,"Owner":"LADWP","Status":"Operational","Circuit":"Double","TLine_Name":" ","Length_Mile":5}},{"type":"Feature","geometry":{"type":"LineString","coordinates":[[-118.4787,34.2803],[-118.5279,34.2775],[-118.529,34.2582],[-118.5435,34.2444],[-118.5435,34.2302]]},"properties":{"Name":"LADWP 230kV","kV":"230","kV_Sort":230,"Owner":"LADWP","Status":"Operational","Circuit":"Double","TLine_Name":" ","Length_Mile":7}},{"type":"Feature","geometry":{"type":"LineString","coordinates":[[-118.5433,34.2301],[-118.5277,34.2773],[-118.4784,34.28]]},"properties":{"Name":"LADWP 230kV","kV":"230","kV_Sort":230,"Owner":"LADWP","Status":"Operational","Circuit":"Double","TLine_Name":" ","Length_Mile":7}},{"type":"Feature","geometry":{"type":"LineString","coordinates":[[-118.4782,34.2798],[-118.5275,34.2771],[-118.5429,34.23]]},"properties":{"Name":"LADWP 230kV","kV":"230","kV_Sort":230,"Owner":"LADWP","Status":"Operational","Circuit":"Double","TLine_Name":" ","Length_Mile":7}},{"type":"Feature","geometry":{"type":"LineString","coordinates":[[-118.5438,34.2285],[-118.5431,34.1797]]},"properties":{"Name":"LADWP 230kV","kV":"230","kV_Sort":230,"Owner":"LADWP","Status":"Operational","Circuit":"Many","TLine_Name":" ","Length_Mile":4}},{"type":"Feature","geometry":{"type":"LineString","coordinates":[[-118.543,34.1781],[-118.5421,34.1557],[-118.5259,34.1283],[-118.5054,34.118],[-118.4886,34.0683]]},"properties":{"Name":"LADWP 230kV","kV":"230","kV_Sort":230,"Owner":"LADWP","Status":"Operational","Circuit":"Many","TLine_Name":" ","Length_Mile":9}},{"type":"Feature","geometry":{"type":"LineString","coordinates":[[-118.4771,34.28],[-118.4635,34.2854],[-118.4488,34.253],[-118.3597,34.1752]]},"properties":{"Name":"LADWP 230kV","kV":"230","kV_Sort":230,"Owner":"LADWP","Status":"Operational","Circuit":"Double","TLine_Name":" ","Length_Mile":11}},{"type":"Feature","geometry":{"type":"LineString","coordinates":[[-118.3932,34.2427],[-118.4193,34.2258],[-118.4486,34.253],[-118.4633,34.2856],[-118.4772,34.2801]]},"properties":{"Name":"LADWP 230kV","kV":"230","kV_Sort":230,"Owner":"LADWP","Status":"Operational","Circuit":"Double","TLine_Name":" ","Length_Mile":8}},{"type":"Feature","geometry":{"type":"LineString","coordinates":[[-118.4779,34.2809],[-118.4705,34.2918],[-118.4905,34.3127]]},"properties":{"Name":"LADWP 230kV","kV":"230","kV_Sort":230,"Owner":"LADWP","Status":"Operational","Circuit":"Double","TLine_Name":" ","Length_Mile":3}},{"type":"Feature","geometry":{"type":"LineString","coordinates":[[-118.4784,34.2808],[-118.4951,34.3045],[-118.4906,34.3334]]},"properties":{"Name":"LADWP 230kV","kV":"230","kV_Sort":230,"Owner":"LADWP","Status":"Operational","Circuit":"Single","TLine_Name":" ","Length_Mile":4}},{"type":"Feature","geometry":{"type":"LineString","coordinates":[[-118.4775,34.2804],[-118.4635,34.2857],[-118.4794,34.3137]]},"properties":{"Name":"LADWP 230kV","kV":"230","kV_Sort":230,"Owner":"LADWP","Status":"Operational","Circuit":"Double","TLine_Name":"","Length_Mile":3}},{"type":"Feature","geometry":{"type":"LineString","coordinates":[[-118.4832,34.3194],[-118.4803,34.313]]},"properties":{"Name":"LADWP 230kV","kV":"230","kV_Sort":230,"Owner":"LADWP","Status":"Operational","Circuit":"Double","TLine_Name":" ","Length_Mile":1}},{"type":"Feature","geometry":{"type":"LineString","coordinates":[[-118.4788,34.3127],[-118.4792,34.3128]]},"properties":{"Name":"LADWP 230kV","kV":"230","kV_Sort":230,"Owner":"LADWP","Status":"Operational","Circuit":"Single","TLine_Name":" ","Length_Mile":0}},{"type":"Feature","geometry":{"type":"LineString","coordinates":[[-118.4802,34.3155],[-118.4794,34.3137]]},"properties":{"Name":"LADWP 230kV","kV":"230","kV_Sort":230,"Owner":"LADWP","Status":"Operational","Circuit":"Single","TLine_Name":" ","Length_Mile":0}},{"type":"Feature","geometry":{"type":"LineString","coordinates":[[-118.4802,34.3155],[-118.4903,34.313]]},"properties":{"Name":"LADWP 230kV","kV":"230","kV_Sort":230,"Owner":"LADWP","Status":"Operational","Circuit":"Single","TLine_Name":" ","Length_Mile":1}},{"type":"Feature","geometry":{"type":"LineString","coordinates":[[-118.6575,34.5874],[-118.6596,34.5807],[-118.6173,34.5207],[-118.5159,34.4915]]},"properties":{"Name":"LADWP 230kV","kV":"230","kV_Sort":230,"Owner":"LADWP","Status":"Operational","Circuit":"Double","TLine_Name":" ","Length_Mile":12}},{"type":"Feature","geometry":{"type":"LineString","coordinates":[[-118.6588,34.5863],[-118.6171,34.5208],[-118.5165,34.4932]]},"properties":{"Name":"LADWP 230kV","kV":"230","kV_Sort":230,"Owner":"LADWP","Status":"Operational","Circuit":"Single","TLine_Name":" ","Length_Mile":11}},{"type":"Feature","geometry":{"type":"LineString","coordinates":[[-118.5159,34.4915],[-118.5074,34.4758],[-118.5101,34.4528],[-118.4978,34.3848]]},"properties":{"Name":"LADWP 230kV","kV":"230","kV_Sort":230,"Owner":"LADWP","Status":"Operational","Circuit":"Many","TLine_Name":"","Length_Mile":8}},{"type":"Feature","geometry":{"type":"LineString","coordinates":[[-118.4978,34.3848],[-118.4977,34.38]]},"properties":{"Name":"LADWP 230kV","kV":"230","kV_Sort":230,"Owner":"LADWP","Status":"Operational","Circuit":"Many","TLine_Name":"","Length_Mile":0}},{"type":"Feature","geometry":{"type":"LineString","coordinates":[[-118.4978,34.3848],[-118.4977,34.38]]},"properties":{"Name":"LADWP 230kV","kV":"230","kV_Sort":230,"Owner":"LADWP","Status":"Operational","Circuit":"Many","TLine_Name":"","Length_Mile":0}},{"type":"Feature","geometry":{"type":"LineString","coordinates":[[-118.4977,34.38],[-118.4945,34.3524]]},"properties":{"Name":"LADWP 230kV","kV":"230","kV_Sort":230,"Owner":"LADWP","Status":"Operational","Circuit":"Many","TLine_Name":"","Length_Mile":2}},{"type":"Feature","geometry":{"type":"LineString","coordinates":[[-118.4945,34.3524],[-118.4937,34.3487]]},"properties":{"Name":"LADWP 230kV","kV":"230","kV_Sort":230,"Owner":"LADWP","Status":"Operational","Circuit":"Many","TLine_Name":"","Length_Mile":0}},{"type":"Feature","geometry":{"type":"LineString","coordinates":[[-118.4945,34.3524],[-118.4937,34.3487]]},"properties":{"Name":"LADWP 230kV","kV":"230","kV_Sort":230,"Owner":"LADWP","Status":"Operational","Circuit":"Many","TLine_Name":"","Length_Mile":0}},{"type":"Feature","geometry":{"type":"LineString","coordinates":[[-118.4937,34.3487],[-118.4799,34.313]]},"properties":{"Name":"LADWP 230kV","kV":"230","kV_Sort":230,"Owner":"LADWP","Status":"Operational","Circuit":"Many","TLine_Name":"","Length_Mile":3}},{"type":"Feature","geometry":{"type":"LineString","coordinates":[[-117.4384,34.5531],[-118.0996,34.5007],[-118.1326,34.5086],[-118.1852,34.558],[-118.2382,34.558],[-118.2751,34.5473],[-118.3986,34.4817],[-118.4381,34.481],[-118.4677,34.4532],[-118.4848,34.4526],[-118.4935,34.4431],[-118.5041,34.4306],[-118.4856,34.3926],[-118.4871,34.3648],[-118.4954,34.3591],[-118.4837,34.3268],[-118.4945,34.3078],[-118.4795,34.2813]]},"properties":{"Name":"LADWP 500kV","kV":"500","kV_Sort":500,"Owner":"LADWP","Status":"Operational","Circuit":"Single","TLine_Name":" ","Length_Mile":78}},{"type":"Feature","geometry":{"type":"LineString","coordinates":[[-117.3246,34.5641],[-117.339,34.5633],[-117.3634,34.5455],[-117.4398,34.5497],[-117.4596,34.5219],[-117.67,34.5212],[-117.7259,34.5064],[-117.9134,34.5151],[-118.0997,34.5004],[-118.1328,34.5082],[-118.1854,34.5576],[-118.2381,34.5576],[-118.2749,34.547],[-118.3984,34.4814],[-118.4379,34.4806],[-118.4676,34.4528],[-118.4845,34.4523],[-118.4934,34.4427],[-118.5036,34.4305],[-118.4852,34.3926],[-118.4867,34.3646],[-118.4948,34.359],[-118.4832,34.3269],[-118.4942,34.3079],[-118.4791,34.2815]]},"properties":{"Name":"LADWP 500kV","kV":"500","kV_Sort":500,"Owner":"LADWP","Status":"Operational","Circuit":"Single","TLine_Name":" ","Length_Mile":86}},{"type":"Feature","geometry":{"type":"LineString","coordinates":[[-118.4886,34.3264],[-118.5185,34.5155],[-118.4894,34.5475],[-118.4563,34.5677],[-118.4548,34.5901]]},"properties":{"Name":"LADWP 230kV","kV":"230","kV_Sort":230,"Owner":"LADWP","Status":"Operational","Circuit":"Double","TLine_Name":" ","Length_Mile":20}},{"type":"Feature","geometry":{"type":"LineString","coordinates":[[-118.59,37.546],[-118.5694,37.4981],[-118.5582,37.4354],[-118.4957,37.3738],[-118.3969,37.3119],[-118.3464,37.206],[-118.2714,37.1164],[-118.2727,37.0471],[-118.2546,36.9941],[-118.1918,36.9319],[-118.1751,36.8783],[-118.1405,36.8376],[-118.0187,36.6251],[-118.0158,36.557],[-118.0518,36.5193],[-118.0452,36.4431],[-118.0267,36.3573],[-118.042,36.2975],[-118.0069,36.2358],[-118.0101,36.1934],[-117.9911,36.1175],[-117.9524,36.1007],[-117.8931,36.0023],[-117.8996,35.9269],[-117.8895,35.897],[-117.8975,35.8792],[-117.8728,35.6796],[-118.0127,35.3714],[-117.9988,35.3343],[-118.0136,35.2931],[-118.0368,35.2717],[-118.0643,35.221],[-118.1984,35.0875],[-118.2206,35.0075],[-118.3433,34.8192],[-118.3419,34.7414],[-118.3654,34.6662],[-118.3833,34.64],[-118.4446,34.609],[-118.456,34.5674],[-118.5124,34.5266],[-118.5159,34.4915]]},"properties":{"Name":"LADWP 230kV","kV":"230","kV_Sort":230,"Owner":"LADWP","Status":"Operational","Circuit":"Single","TLine_Name":"","Length_Mile":236}},{"type":"Feature","geometry":{"type":"LineString","coordinates":[[-118.7822,38.1494],[-118.7428,38.0428],[-118.6374,37.983],[-118.5716,37.9133],[-118.5569,37.8747],[-118.5529,37.822],[-118.511,37.7549],[-118.5107,37.5389],[-118.5235,37.49],[-118.5138,37.3921],[-118.3953,37.3095],[-118.3468,37.2059],[-118.2718,37.1163],[-118.2731,37.0471],[-118.2551,36.994],[-118.1922,36.9318],[-118.1755,36.8782],[-118.1409,36.8375],[-118.0191,36.625],[-118.0162,36.5571],[-118.0522,36.5193],[-118.0456,36.443],[-118.0271,36.3573],[-118.0424,36.2975],[-118.0074,36.2358],[-118.0105,36.1934],[-117.9915,36.1173],[-117.9528,36.1005],[-117.8935,36.0023],[-117.9,35.9269],[-117.8899,35.897],[-117.898,35.8791],[-117.8732,35.6796],[-118.013,35.3714],[-117.9991,35.3343],[-118.0139,35.2934],[-118.0371,35.2719],[-118.0646,35.2211],[-118.1987,35.0876],[-118.221,35.0076],[-118.3437,34.8192],[-118.3422,34.7414],[-118.3657,34.6663],[-118.384,34.64],[-118.4465,34.6076],[-118.4557,34.5672],[-118.4892,34.5473],[-118.5189,34.5155],[-118.4961,34.3575],[-118.4805,34.3148]]},"properties":{"Name":"LADWP 500kV DC","kV":"500DC","kV_Sort":500,"Owner":"LADWP","Status":"Operational","Circuit":"Single","TLine_Name":" ","Length_Mile":294}},{"type":"Feature","geometry":{"type":"LineString","coordinates":[[-118.4805,34.3148],[-118.4837,34.3133]]},"properties":{"Name":"LADWP 500kV DC","kV":"500DC","kV_Sort":500,"Owner":"LADWP","Status":"Operational","Circuit":"Single","TLine_Name":" ","Length_Mile":0}},{"type":"Feature","geometry":{"type":"LineString","coordinates":[[-118.4805,34.3148],[-118.4837,34.3133]]},"properties":{"Name":"LADWP 500kV DC","kV":"500DC","kV_Sort":500,"Owner":"LADWP","Status":"Operational","Circuit":"Single","TLine_Name":" ","Length_Mile":0}},{"type":"Feature","geometry":{"type":"LineString","coordinates":[[-118.4837,34.3133],[-118.4892,34.3128]]},"properties":{"Name":"LADWP 500kV DC","kV":"500DC","kV_Sort":500,"Owner":"LADWP","Status":"Operational","Circuit":"Single","TLine_Name":" ","Length_Mile":0}},{"type":"Feature","geometry":{"type":"LineString","coordinates":[[-118.4892,34.3128],[-118.4902,34.3119]]},"properties":{"Name":"LADWP 500kV DC","kV":"500DC","kV_Sort":500,"Owner":"LADWP","Status":"Operational","Circuit":"Single","TLine_Name":" ","Length_Mile":0}},{"type":"Feature","geometry":{"type":"LineString","coordinates":[[-118.4892,34.3128],[-118.4905,34.312]]},"properties":{"Name":"LADWP 500kV DC","kV":"500DC","kV_Sort":500,"Owner":"LADWP","Status":"Operational","Circuit":"Single","TLine_Name":" ","Length_Mile":0}},{"type":"Feature","geometry":{"type":"LineString","coordinates":[[-118.5435,34.2302],[-118.5438,34.2285]]},"properties":{"Name":"LADWP 230kV","kV":"230","kV_Sort":230,"Owner":"LADWP","Status":"Operational","Circuit":"Double","TLine_Name":" ","Length_Mile":0}},{"type":"Feature","geometry":{"type":"LineString","coordinates":[[-118.5433,34.2301],[-118.5428,34.2285]]},"properties":{"Name":"LADWP 230kV","kV":"230","kV_Sort":230,"Owner":"LADWP","Status":"Operational","Circuit":"Double","TLine_Name":" ","Length_Mile":0}},{"type":"Feature","geometry":{"type":"LineString","coordinates":[[-118.5429,34.23],[-118.5428,34.2285]]},"properties":{"Name":"LADWP 230kV","kV":"230","kV_Sort":230,"Owner":"LADWP","Status":"Operational","Circuit":"Double","TLine_Name":" ","Length_Mile":0}},{"type":"Feature","geometry":{"type":"LineString","coordinates":[[-118.5428,34.2285],[-118.5438,34.2285]]},"properties":{"Name":"LADWP 230kV","kV":"230","kV_Sort":230,"Owner":"LADWP","Status":"Operational","Circuit":"Double","TLine_Name":" ","Length_Mile":0}},{"type":"Feature","geometry":{"type":"LineString","coordinates":[[-118.5429,34.1789],[-118.5441,34.1787],[-118.5436,34.1797],[-118.5429,34.1789]]},"properties":{"Name":"LADWP 230kV","kV":"230","kV_Sort":230,"Owner":"LADWP","Status":"Operational","Circuit":"Single","TLine_Name":" ","Length_Mile":0}},{"type":"Feature","geometry":{"type":"LineString","coordinates":[[-118.5432,34.179],[-118.5429,34.1789]]},"properties":{"Name":"LADWP 230kV","kV":"230","kV_Sort":230,"Owner":"LADWP","Status":"Operational","Circuit":"Single","TLine_Name":" ","Length_Mile":0}},{"type":"Feature","geometry":{"type":"LineString","coordinates":[[-118.2284,34.0381],[-118.2261,34.067]]},"properties":{"Name":"LADWP 230kV","kV":"230","kV_Sort":230,"Owner":"LADWP","Status":"Operational","Circuit":"Many","TLine_Name":" ","Length_Mile":2}},{"type":"Feature","geometry":{"type":"LineString","coordinates":[[-118.2284,34.0381],[-118.2299,34.0377]]},"properties":{"Name":"LADWP 230kV","kV":"230","kV_Sort":230,"Owner":"LADWP","Status":"Operational","Circuit":"Many","TLine_Name":" ","Length_Mile":0}},{"type":"Feature","geometry":{"type":"LineString","coordinates":[[-118.2041,34.0079],[-118.2218,34.0122],[-118.2284,34.0381]]},"properties":{"Name":"LADWP 230kV","kV":"230","kV_Sort":230,"Owner":"LADWP","Status":"Operational","Circuit":"Many","TLine_Name":" ","Length_Mile":3}},{"type":"Feature","geometry":{"type":"LineString","coordinates":[[-118.2041,34.0079],[-118.2013,34.0074]]},"properties":{"Name":"LADWP 230kV","kV":"230","kV_Sort":230,"Owner":"LADWP","Status":"Operational","Circuit":"Many","TLine_Name":" ","Length_Mile":0}},{"type":"Feature","geometry":{"type":"LineString","coordinates":[[-118.0969,33.7631],[-118.0909,33.7956],[-118.0967,33.8406],[-118.1196,33.8564],[-118.1198,33.8684],[-118.1471,33.8688],[-118.1473,33.8967],[-118.1771,33.9107],[-118.1685,33.9826],[-118.2041,34.0079]]},"properties":{"Name":"LADWP 230kV","kV":"230","kV_Sort":230,"Owner":"LADWP","Status":"Operational","Circuit":"Many","TLine_Name":" ","Length_Mile":21}},{"type":"Feature","geometry":{"type":"LineString","coordinates":[[-118.0969,33.7631],[-118.0965,33.7631]]},"properties":{"Name":"LADWP 230kV","kV":"230","kV_Sort":230,"Owner":"LADWP","Status":"Operational","Circuit":"Many","TLine_Name":" ","Length_Mile":0}},{"type":"Feature","geometry":{"type":"LineString","coordinates":[[-118.0964,33.7619],[-118.0969,33.7631]]},"properties":{"Name":"LADWP 230kV","kV":"230","kV_Sort":230,"Owner":"LADWP","Status":"Operational","Circuit":"Many","TLine_Name":" ","Length_Mile":0}},{"type":"Feature","geometry":{"type":"LineString","coordinates":[[-118.2526,34.109],[-118.2294,34.0913],[-118.2258,34.0787]]},"properties":{"Name":"LADWP 230kV","kV":"230","kV_Sort":230,"Owner":"LADWP","Status":"Operational","Circuit":"Double","TLine_Name":" ","Length_Mile":3}},{"type":"Feature","geometry":{"type":"LineString","coordinates":[[-118.2544,34.1092],[-118.2526,34.109]]},"properties":{"Name":"LADWP 230kV","kV":"230","kV_Sort":230,"Owner":"LADWP","Status":"Operational","Circuit":"Double","TLine_Name":" ","Length_Mile":0}},{"type":"Feature","geometry":{"type":"LineString","coordinates":[[-118.2526,34.109],[-118.2547,34.1092]]},"properties":{"Name":"LADWP 230kV","kV":"230","kV_Sort":230,"Owner":"LADWP","Status":"Operational","Circuit":"Double","TLine_Name":" ","Length_Mile":0}},{"type":"Feature","geometry":{"type":"LineString","coordinates":[[-118.2258,34.0787],[-118.2275,34.0381]]},"properties":{"Name":"LADWP 230kV","kV":"230","kV_Sort":230,"Owner":"LADWP","Status":"Operational","Circuit":"Double","TLine_Name":" ","Length_Mile":3}},{"type":"Feature","geometry":{"type":"LineString","coordinates":[[-118.2257,34.0662],[-118.2258,34.0787]]},"properties":{"Name":"LADWP 230kV","kV":"230","kV_Sort":230,"Owner":"LADWP","Status":"Operational","Circuit":"Double","TLine_Name":" ","Length_Mile":1}},{"type":"Feature","geometry":{"type":"LineString","coordinates":[[-118.2275,34.0381],[-118.2229,34.018],[-118.2046,34.0154]]},"properties":{"Name":"LADWP 230kV","kV":"230","kV_Sort":230,"Owner":"LADWP","Status":"Operational","Circuit":"Double","TLine_Name":" ","Length_Mile":3}},{"type":"Feature","geometry":{"type":"LineString","coordinates":[[-118.2299,34.0377],[-118.2275,34.0381]]},"properties":{"Name":"LADWP 230kV","kV":"230","kV_Sort":230,"Owner":"LADWP","Status":"Operational","Circuit":"Double","TLine_Name":" ","Length_Mile":0}},{"type":"Feature","geometry":{"type":"LineString","coordinates":[[-118.1993,34.0061],[-118.2041,34.0149]]},"properties":{"Name":"LADWP 230kV","kV":"230","kV_Sort":230,"Owner":"LADWP","Status":"Operational","Circuit":"Double","TLine_Name":" ","Length_Mile":1}},{"type":"Feature","geometry":{"type":"LineString","coordinates":[[-117.6677,34.1578],[-117.6198,34.1661],[-117.4969,34.166],[-117.4512,34.1786],[-117.451,34.1909],[-117.4774,34.2368],[-117.4708,34.2722],[-117.4877,34.3162],[-117.4839,34.3435],[-117.3169,34.5655]]},"properties":{"Name":"LADWP 287kV","kV":"287","kV_Sort":287,"Owner":"LADWP","Status":"Operational","Circuit":"Single","TLine_Name":" ","Length_Mile":43}},{"type":"Feature","geometry":{"type":"LineString","coordinates":[[-117.6677,34.1578],[-117.6196,34.1654],[-117.4968,34.1652],[-117.4491,34.179],[-117.4763,34.2404],[-117.4695,34.2704],[-117.4871,34.3155],[-117.4833,34.343],[-117.3166,34.5653]]},"properties":{"Name":"LADWP 287kV","kV":"287","kV_Sort":287,"Owner":"LADWP","Status":"Operational","Circuit":"Single","TLine_Name":" ","Length_Mile":43}},{"type":"Feature","geometry":{"type":"LineString","coordinates":[[-118.2538,33.9487],[-118.2305,33.9541],[-118.1595,33.9463],[-118.1176,33.9733],[-118.0925,33.9973],[-118.0873,34.0151],[-118.0513,34.0194],[-118.0063,34.0477],[-117.9821,34.0956],[-117.9667,34.1071],[-117.8182,34.1195],[-117.7784,34.1364],[-117.7107,34.1366],[-117.6677,34.1578]]},"properties":{"Name":"LADWP 287kV","kV":"287","kV_Sort":287,"Owner":"LADWP","Status":"Operational","Circuit":"Double","TLine_Name":" ","Length_Mile":41}},{"type":"Feature","geometry":{"type":"LineString","coordinates":[[-118.2538,33.9487],[-118.2546,33.9497]]},"properties":{"Name":"LADWP 287kV","kV":"287","kV_Sort":287,"Owner":"LADWP","Status":"Operational","Circuit":"Double","TLine_Name":" ","Length_Mile":0}},{"type":"Feature","geometry":{"type":"LineString","coordinates":[[-118.255,33.9493],[-118.2538,33.9487]]},"properties":{"Name":"LADWP 287kV","kV":"287","kV_Sort":287,"Owner":"LADWP","Status":"Operational","Circuit":"Double","TLine_Name":" ","Length_Mile":0}},{"type":"Feature","geometry":{"type":"LineString","coordinates":[[-118.5437,34.1797],[-118.5919,34.1893]]},"properties":{"Name":"LADWP 230kV","kV":"230","kV_Sort":230,"Owner":"LADWP","Status":"Operational","Circuit":"Single","TLine_Name":" ","Length_Mile":3}},{"type":"Feature","geometry":{"type":"LineString","coordinates":[[-118.5437,34.1798],[-118.5918,34.1893]]},"properties":{"Name":"LADWP 230kV","kV":"230","kV_Sort":230,"Owner":"LADWP","Status":"Operational","Circuit":"Single","TLine_Name":" ","Length_Mile":3}},{"type":"Feature","geometry":{"type":"LineString","coordinates":[[-118.5438,34.1797],[-118.5919,34.1893]]},"properties":{"Name":"LADWP 230kV","kV":"230","kV_Sort":230,"Owner":"LADWP","Status":"Operational","Circuit":"Single","TLine_Name":" ","Length_Mile":3}},{"type":"Feature","geometry":{"type":"LineString","coordinates":[[-118.3608,34.1765],[-118.4229,34.1716]]},"properties":{"Name":"LADWP 230kV","kV":"230","kV_Sort":230,"Owner":"LADWP","Status":"Operational","Circuit":"Single","TLine_Name":" ","Length_Mile":4}},{"type":"Feature","geometry":{"type":"LineString","coordinates":[[-118.3608,34.1765],[-118.4229,34.1717]]},"properties":{"Name":"LADWP 230kV","kV":"230","kV_Sort":230,"Owner":"LADWP","Status":"Operational","Circuit":"Single","TLine_Name":" ","Length_Mile":4}},{"type":"Feature","geometry":{"type":"LineString","coordinates":[[-118.3607,34.1764],[-118.4229,34.1716]]},"properties":{"Name":"LADWP 230kV","kV":"230","kV_Sort":230,"Owner":"LADWP","Status":"Operational","Circuit":"Single","TLine_Name":" ","Length_Mile":4}},{"type":"Feature","geometry":{"type":"LineString","coordinates":[[-118.4593,34.0329],[-118.4207,33.9907],[-118.4369,33.9778]]},"properties":{"Name":"LADWP 230kV","kV":"230","kV_Sort":230,"Owner":"LADWP","Status":"Operational","Circuit":"Single","TLine_Name":" ","Length_Mile":5}},{"type":"Feature","geometry":{"type":"LineString","coordinates":[[-118.23,34.0377],[-118.2461,34.0433]]},"properties":{"Name":"LADWP 230kV","kV":"230","kV_Sort":230,"Owner":"LADWP","Status":"Operational","Circuit":"Single","TLine_Name":" ","Length_Mile":1}},{"type":"Feature","geometry":{"type":"LineString","coordinates":[[-118.23,34.0377],[-118.2461,34.0432]]},"properties":{"Name":"LADWP 230kV","kV":"230","kV_Sort":230,"Owner":"LADWP","Status":"Operational","Circuit":"Single","TLine_Name":" ","Length_Mile":1}},{"type":"Feature","geometry":{"type":"LineString","coordinates":[[-118.23,34.0377],[-118.2462,34.0433]]},"properties":{"Name":"LADWP 230kV","kV":"230","kV_Sort":230,"Owner":"LADWP","Status":"Operational","Circuit":"Single","TLine_Name":" ","Length_Mile":1}},{"type":"Feature","geometry":{"type":"LineString","coordinates":[[-118.23,34.0377],[-118.2462,34.0433]]},"properties":{"Name":"LADWP 230kV","kV":"230","kV_Sort":230,"Owner":"LADWP","Status":"Operational","Circuit":"Single","TLine_Name":" ","Length_Mile":1}},{"type":"Feature","geometry":{"type":"LineString","coordinates":[[-118.428,33.9301],[-118.426,33.9316]]},"properties":{"Name":"LADWP 230kV","kV":"230","kV_Sort":230,"Owner":"LADWP","Status":"Operational","Circuit":"Single","TLine_Name":" ","Length_Mile":0}},{"type":"Feature","geometry":{"type":"LineString","coordinates":[[-118.2819,34.1555],[-118.2803,34.1577]]},"properties":{"Name":"LADWP 230kV","kV":"230","kV_Sort":230,"Owner":"LADWP","Status":"Operational","Circuit":"Single","TLine_Name":" ","Length_Mile":0}},{"type":"Feature","geometry":{"type":"LineString","coordinates":[[-118.4882,34.0682],[-118.4599,34.0334]]},"properties":{"Name":"LADWP 230kV","kV":"220","kV_Sort":220,"Owner":"LADWP","Status":"Operational","Circuit":"Single","TLine_Name":" ","Length_Mile":3}},{"type":"Feature","geometry":{"type":"LineString","coordinates":[[-118.3588,34.1055],[-118.3579,34.0908],[-118.3478,34.0885]]},"properties":{"Name":"LADWP 230kV","kV":"230","kV_Sort":230,"Owner":"LADWP","Status":"Operational","Circuit":"Single","TLine_Name":" ","Length_Mile":2}},{"type":"Feature","geometry":{"type":"LineString","coordinates":[[-117.3156,34.5665],[-117.1378,34.7075],[-117.0436,34.7308],[-116.9478,34.8009],[-116.8306,34.8536],[-116.7751,34.8908],[-116.7584,34.919],[-116.5288,35.0751],[-116.4656,35.1316],[-116.3688,35.2491],[-116.2972,35.2688],[-116.2688,35.2864],[-116.2264,35.332],[-116.1377,35.3835],[-116.0832,35.3965],[-115.9818,35.4462],[-115.9014,35.5019],[-115.7118,35.5547],[-115.6156,35.592],[-115.5368,35.5918],[-115.4362,35.6064],[-115.4048,35.6179]]},"properties":{"Name":"LADWP 287kV","kV":"287","kV_Sort":287,"Owner":"LADWP","Status":"Operational","Circuit":"Single","TLine_Name":" ","Length_Mile":135}},{"type":"Feature","geometry":{"type":"LineString","coordinates":[[-117.3222,34.5647],[-117.1374,34.7104],[-117.0447,34.732],[-116.9442,34.805],[-116.8312,34.8551],[-116.779,34.8901],[-116.7624,34.9181],[-116.53,35.0762],[-116.4792,35.1238]]},"properties":{"Name":"LADWP 500kV","kV":"500","kV_Sort":500,"Owner":"LADWP","Status":"Operational","Circuit":"Single","TLine_Name":" ","Length_Mile":63}},{"type":"Feature","geometry":{"type":"LineString","coordinates":[[-116.4792,35.1238],[-116.3697,35.2505],[-116.2972,35.2705],[-116.2702,35.2875],[-116.2273,35.3334],[-116.1737,35.3652],[-116.1389,35.3847],[-116.084,35.3978],[-115.9873,35.4458],[-115.9012,35.504],[-115.7124,35.556],[-115.6161,35.5935],[-115.5372,35.5934],[-115.4367,35.608],[-115.4065,35.619]]},"properties":{"Name":"LADWP 500kV","kV":"500","kV_Sort":500,"Owner":"LADWP","Status":"Operational","Circuit":"Single","TLine_Name":" ","Length_Mile":72}},{"type":"Feature","geometry":{"type":"LineString","coordinates":[[-118.4332,33.976],[-118.4456,33.9613],[-118.4261,33.9316]]},"properties":{"Name":"LADWP 230kV","kV":"230","kV_Sort":230,"Owner":"LADWP","Status":"Operational","Circuit":"Single","TLine_Name":null,"Length_Mile":4}},{"type":"Feature","geometry":{"type":"LineString","coordinates":[[-118.1763,35.2469],[-118.1556,35.2495],[-118.1467,35.2322],[-118.1184,35.2219],[-118.0982,35.2322],[-118.0551,35.237]]},"properties":{"Name":"LADWP 230kV","kV":"230","kV_Sort":230,"Owner":"LADWP","Status":"Operational","Circuit":"Single","TLine_Name":null,"Length_Mile":8}},{"type":"Feature","geometry":{"type":"LineString","coordinates":[[-121.043,37.6426],[-121.0632,37.645],[-121.0637,37.6361],[-121.0854,37.635],[-121.0852,37.6173],[-121.1307,37.6128],[-121.137,37.5951],[-121.1616,37.5839],[-121.1623,37.561],[-121.2312,37.5171]]},"properties":{"Name":"MID 230kV","kV":"230","kV_Sort":230,"Owner":"MID","Status":"Operational","Circuit":"Double","TLine_Name":" ","Length_Mile":17}},{"type":"Feature","geometry":{"type":"LineString","coordinates":[[-115.4514,33.8099],[-115.4529,33.8104]]},"properties":{"Name":"MWD 230kV","kV":"230","kV_Sort":230,"Owner":"MWD","Status":"Operational","Circuit":"Single","TLine_Name":" ","Length_Mile":0}},{"type":"Feature","geometry":{"type":"LineString","coordinates":[[-115.4515,33.8096],[-115.4529,33.8099]]},"properties":{"Name":"MWD 230kV","kV":"230","kV_Sort":230,"Owner":"MWD","Status":"Operational","Circuit":"Single","TLine_Name":" ","Length_Mile":0}},{"type":"Feature","geometry":{"type":"LineString","coordinates":[[-115.4509,33.8095],[-115.4886,33.7344],[-115.5102,33.7171],[-115.6265,33.7049]]},"properties":{"Name":"MWD 230kV","kV":"230","kV_Sort":230,"Owner":"MWD","Status":"Operational","Circuit":"Single","TLine_Name":" ","Length_Mile":14}},{"type":"Feature","geometry":{"type":"LineString","coordinates":[[-115.1217,34.1491],[-115.1143,34.2069],[-114.9666,34.8447]]},"properties":{"Name":"MWD 230kV","kV":"230","kV_Sort":230,"Owner":"MWD","Status":"Operational","Circuit":"Single","TLine_Name":" ","Length_Mile":49}},{"type":"Feature","geometry":{"type":"LineString","coordinates":[[-114.9665,34.8452],[-114.9486,35.2552]]},"properties":{"Name":"MWD 230kV","kV":"230","kV_Sort":230,"Owner":"MWD","Status":"Operational","Circuit":"Single","TLine_Name":" ","Length_Mile":28}},{"type":"Feature","geometry":{"type":"LineString","coordinates":[[-114.9659,34.8449],[-114.929,34.8051],[-114.5803,34.5072],[-114.4508,34.4345],[-114.2905,34.3625],[-114.2197,34.3135],[-114.1726,34.2937]]},"properties":{"Name":"MWD 230kV","kV":"230","kV_Sort":230,"Owner":"MWD","Status":"Operational","Circuit":"Single","TLine_Name":" ","Length_Mile":60}},{"type":"Feature","geometry":{"type":"LineString","coordinates":[[-114.9661,34.8451],[-114.9478,35.2545]]},"properties":{"Name":"MWD 230kV","kV":"230","kV_Sort":230,"Owner":"MWD","Status":"Operational","Circuit":"Single","TLine_Name":" ","Length_Mile":28}},{"type":"Feature","geometry":{"type":"LineString","coordinates":[[-115.4508,33.8097],[-115.3366,33.8882],[-115.2912,33.9355],[-115.1913,34.0735],[-115.1217,34.1489]]},"properties":{"Name":"MWD 230kV","kV":"230","kV_Sort":230,"Owner":"MWD","Status":"Operational","Circuit":"Single","TLine_Name":" ","Length_Mile":30}},{"type":"Feature","geometry":{"type":"LineString","coordinates":[[-120.0044,39.6569],[-120.027,39.7043],[-120.0144,39.8085],[-120.024,39.8434],[-120.0482,39.8765],[-120.014,39.9149],[-120.0179,39.9284],[-119.947,39.979],[-119.935,40.0322],[-120.0755,40.17],[-120.074,40.2538],[-120.1715,40.2964],[-120.1994,40.3215],[-120.1998,40.3521],[-120.2572,40.4015],[-120.2743,40.472],[-120.2352,40.6107],[-120.2457,40.6343],[-120.2702,40.6576],[-120.2908,40.6595],[-120.3686,40.6996],[-120.3689,40.775],[-120.3847,40.8037],[-120.4734,40.8811],[-120.5092,40.934],[-120.4902,41.0067],[-120.4913,41.0712],[-120.5017,41.112],[-120.5658,41.19],[-120.6055,41.2635],[-120.5848,41.3295],[-120.5909,41.3613],[-120.6145,41.4033],[-120.5961,41.4436],[-120.5953,41.4776],[-120.6071,41.5145],[-120.6174,41.5202],[-120.6338,41.5121]]},"properties":{"Name":"NVENERGY 345kV","kV":"345","kV_Sort":345,"Owner":"NVENERGY","Status":"Operational","Circuit":"Double","TLine_Name":"Hilltop-N.N.","Length_Mile":149}},{"type":"Feature","geometry":{"type":"LineString","coordinates":[[-120.6345,41.5155],[-120.6322,41.5371]]},"properties":{"Name":"NVENERGY 230kV","kV":"230","kV_Sort":230,"Owner":"NVENERGY","Status":"Operational","Circuit":"Single","TLine_Name":"Hilltop Tap-Hilltop Branching Tap","Length_Mile":1}},{"type":"Feature","geometry":{"type":"LineString","coordinates":[[-120.4994,40.9601],[-120.5035,40.9608]]},"properties":{"Name":"SPPC 345kV","kV":"345","kV_Sort":345,"Owner":"NVENERGY","Status":"Operational","Circuit":"Single","TLine_Name":" ","Length_Mile":0}},{"type":"Feature","geometry":{"type":"LineString","coordinates":[[-119.8061,39.5586],[-119.8067,39.5744],[-119.8508,39.6124],[-119.9248,39.6257],[-119.945,39.6361],[-119.9872,39.6315],[-120.0043,39.6562]]},"properties":{"Name":"NVENERGY 345kV","kV":"345","kV_Sort":345,"Owner":"NVENERGY","Status":"Operational","Circuit":"Single","TLine_Name":"N.N.-Nevada State","Length_Mile":15}},{"type":"Feature","geometry":{"type":"LineString","coordinates":[[-122.3569,42.0127],[-122.3674,41.9951],[-122.362,41.977]]},"properties":{"Name":"PCORP 230kV","kV":"230","kV_Sort":230,"Owner":"PCORP","Status":"Operational","Circuit":"Single","TLine_Name":"Oregon State-Capco 2","Length_Mile":3}},{"type":"Feature","geometry":{"type":"LineString","coordinates":[[-122.3617,41.9772],[-122.3671,41.9951],[-122.3566,42.0127]]},"properties":{"Name":"PCORP 230kV","kV":"230","kV_Sort":230,"Owner":"PCORP","Status":"Operational","Circuit":"Single","TLine_Name":"Oregon State-Capco 2","Length_Mile":3}},{"type":"Feature","geometry":{"type":"LineString","coordinates":[[-120.9449,41.5345],[-120.9212,41.497],[-120.9142,41.4649],[-120.8858,41.4576],[-120.8807,41.4452]]},"properties":{"Name":"PCORP 230kV","kV":"230","kV_Sort":230,"Owner":"PCORP","Status":"Operational","Circuit":"Single","TLine_Name":"Perez Tap-Canby 2","Length_Mile":8}},{"type":"Feature","geometry":{"type":"LineString","coordinates":[[-119.4559,35.404],[-119.8049,35.8315],[-119.9586,35.9974],[-120.0513,36.0585],[-120.1294,36.1409]]},"properties":{"Name":"PG&E 500kV","kV":"500","kV_Sort":500,"Owner":"PG&E","Status":"Operational","Circuit":"Single","TLine_Name":" ","Length_Mile":64}},{"type":"Feature","geometry":{"type":"LineString","coordinates":[[-119.4555,35.4041],[-119.8044,35.8317],[-119.9582,35.9977],[-120.051,36.0588],[-120.129,36.1409]]},"properties":{"Name":"PG&E 500kV","kV":"500","kV_Sort":500,"Owner":"PG&E","Status":"Operational","Circuit":"Single","TLine_Name":" ","Length_Mile":64}},{"type":"Feature","geometry":{"type":"LineString","coordinates":[[-119.4524,35.4006],[-119.4511,35.4027]]},"properties":{"Name":"PG&E 230kV","kV":"230","kV_Sort":230,"Owner":"PG&E","Status":"Operational","Circuit":"Double","TLine_Name":" ","Length_Mile":0}},{"type":"Feature","geometry":{"type":"LineString","coordinates":[[-119.4524,35.4006],[-119.4525,35.398]]},"properties":{"Name":"PG&E 230kV","kV":"230","kV_Sort":230,"Owner":"PG&E","Status":"Operational","Circuit":"Double","TLine_Name":" ","Length_Mile":0}},{"type":"Feature","geometry":{"type":"LineString","coordinates":[[-119.4525,35.398],[-119.4524,35.4006]]},"properties":{"Name":"PG&E 230kV","kV":"230","kV_Sort":230,"Owner":"PG&E","Status":"Operational","Circuit":"Double","TLine_Name":" ","Length_Mile":0}},{"type":"Feature","geometry":{"type":"LineString","coordinates":[[-119.8162,35.3703],[-119.7135,35.3939],[-119.4525,35.398]]},"properties":{"Name":"PG&E 230kV","kV":"230","kV_Sort":230,"Owner":"PG&E","Status":"Operational","Circuit":"Double","TLine_Name":" ","Length_Mile":21}},{"type":"Feature","geometry":{"type":"LineString","coordinates":[[-120.7371,35.3786],[-120.6418,35.3768]]},"properties":{"Name":"PG&E 230kV","kV":"230","kV_Sort":230,"Owner":"PG&E","Status":"Operational","Circuit":"Double","TLine_Name":" ","Length_Mile":5}},{"type":"Feature","geometry":{"type":"LineString","coordinates":[[-120.6352,35.3754],[-120.4945,35.3504],[-120.4432,35.3665],[-120.3262,35.369],[-120.2874,35.379],[-119.9271,35.3807]]},"properties":{"Name":"PG&E 230kV","kV":"230","kV_Sort":230,"Owner":"PG&E","Status":"Operational","Circuit":"Double","TLine_Name":" ","Length_Mile":40}},{"type":"Feature","geometry":{"type":"LineString","coordinates":[[-120.7371,35.3786],[-120.7445,35.3784]]},"properties":{"Name":"PG&E 230kV","kV":"230","kV_Sort":230,"Owner":"PG&E","Status":"Operational","Circuit":"Double","TLine_Name":" ","Length_Mile":0}},{"type":"Feature","geometry":{"type":"LineString","coordinates":[[-120.7445,35.3784],[-120.7371,35.3786]]},"properties":{"Name":"PG&E 230kV","kV":"230","kV_Sort":230,"Owner":"PG&E","Status":"Operational","Circuit":"Double","TLine_Name":" ","Length_Mile":0}},{"type":"Feature","geometry":{"type":"LineString","coordinates":[[-119.9192,35.3807],[-119.9271,35.3807]]},"properties":{"Name":"PG&E 230kV","kV":"230","kV_Sort":230,"Owner":"PG&E","Status":"Operational","Circuit":"Double","TLine_Name":" ","Length_Mile":0}},{"type":"Feature","geometry":{"type":"LineString","coordinates":[[-120.8554,35.3737],[-120.7445,35.3784]]},"properties":{"Name":"PG&E 230kV","kV":"230","kV_Sort":230,"Owner":"PG&E","Status":"Operational","Circuit":"Double","TLine_Name":" ","Length_Mile":6}},{"type":"Feature","geometry":{"type":"LineString","coordinates":[[-119.9271,35.3807],[-119.9192,35.3807]]},"properties":{"Name":"PG&E 230kV","kV":"230","kV_Sort":230,"Owner":"PG&E","Status":"Operational","Circuit":"Double","TLine_Name":" ","Length_Mile":0}},{"type":"Feature","geometry":{"type":"LineString","coordinates":[[-119.9192,35.3807],[-119.8234,35.3712]]},"properties":{"Name":"PG&E 230kV","kV":"230","kV_Sort":230,"Owner":"PG&E","Status":"Operational","Circuit":"Double","TLine_Name":" ","Length_Mile":5}},{"type":"Feature","geometry":{"type":"LineString","coordinates":[[-120.6418,35.3768],[-120.6352,35.3754]]},"properties":{"Name":"PG&E 230kV","kV":"230","kV_Sort":230,"Owner":"PG&E","Status":"Operational","Circuit":"Double","TLine_Name":" ","Length_Mile":0}},{"type":"Feature","geometry":{"type":"LineString","coordinates":[[-120.6352,35.3754],[-120.6418,35.3768]]},"properties":{"Name":"PG&E 230kV","kV":"230","kV_Sort":230,"Owner":"PG&E","Status":"Operational","Circuit":"Double","TLine_Name":" ","Length_Mile":0}},{"type":"Feature","geometry":{"type":"LineString","coordinates":[[-119.8234,35.3712],[-119.8162,35.3703]]},"properties":{"Name":"PG&E 230kV","kV":"230","kV_Sort":230,"Owner":"PG&E","Status":"Operational","Circuit":"Double","TLine_Name":" ","Length_Mile":0}},{"type":"Feature","geometry":{"type":"LineString","coordinates":[[-119.8162,35.3703],[-119.8234,35.3712]]},"properties":{"Name":"PG&E 230kV","kV":"230","kV_Sort":230,"Owner":"PG&E","Status":"Operational","Circuit":"Double","TLine_Name":" ","Length_Mile":0}},{"type":"Feature","geometry":{"type":"LineString","coordinates":[[-119.0042,35.0296],[-119.251,35.0326],[-119.2962,35.0769],[-119.2962,35.1208],[-119.3612,35.191],[-119.3572,35.2248],[-119.3233,35.2531],[-119.3233,35.2686],[-119.3407,35.2999],[-119.3407,35.3469],[-119.451,35.4024]]},"properties":{"Name":"PG&E 230kV","kV":"230","kV_Sort":230,"Owner":"PG&E","Status":"Operational","Circuit":"Double","TLine_Name":" ","Length_Mile":47}},{"type":"Feature","geometry":{"type":"LineString","coordinates":[[-119.164,35.3876],[-119.4129,35.3882],[-119.4506,35.4051]]},"properties":{"Name":"PG&E 230kV","kV":"230","kV_Sort":230,"Owner":"PG&E","Status":"Operational","Circuit":"Double","TLine_Name":" ","Length_Mile":17}},{"type":"Feature","geometry":{"type":"LineString","coordinates":[[-119.6415,36.611],[-119.6402,36.6109]]},"properties":{"Name":"PG&E 230kV","kV":"230","kV_Sort":230,"Owner":"PG&E","Status":"Operational","Circuit":"Double","TLine_Name":" ","Length_Mile":0}},{"type":"Feature","geometry":{"type":"LineString","coordinates":[[-119.6415,36.611],[-119.6402,36.6106]]},"properties":{"Name":"PG&E 230kV","kV":"230","kV_Sort":230,"Owner":"PG&E","Status":"Operational","Circuit":"Double","TLine_Name":" ","Length_Mile":0}},{"type":"Feature","geometry":{"type":"LineString","coordinates":[[-119.6415,36.611],[-119.6467,36.5944],[-119.9887,36.5936]]},"properties":{"Name":"PG&E 230kV","kV":"230","kV_Sort":230,"Owner":"PG&E","Status":"Operational","Circuit":"Double","TLine_Name":" ","Length_Mile":20}},{"type":"Feature","geometry":{"type":"LineString","coordinates":[[-119.9887,36.5936],[-120.1762,36.5919]]},"properties":{"Name":"PG&E 230kV","kV":"230","kV_Sort":230,"Owner":"PG&E","Status":"Operational","Circuit":"Double","TLine_Name":" ","Length_Mile":10}},{"type":"Feature","geometry":{"type":"LineString","coordinates":[[-119.9887,36.5936],[-119.9887,36.5934]]},"properties":{"Name":"PG&E 230kV","kV":"230","kV_Sort":230,"Owner":"PG&E","Status":"Operational","Circuit":"Double","TLine_Name":" ","Length_Mile":0}},{"type":"Feature","geometry":{"type":"LineString","coordinates":[[-119.9174,36.8526],[-119.9173,36.8517]]},"properties":{"Name":"PG&E 230kV","kV":"230","kV_Sort":230,"Owner":"PG&E","Status":"Operational","Circuit":"Double","TLine_Name":" ","Length_Mile":0}},{"type":"Feature","geometry":{"type":"LineString","coordinates":[[-119.9173,36.8517],[-119.9172,36.8526]]},"properties":{"Name":"PG&E 230kV","kV":"230","kV_Sort":230,"Owner":"PG&E","Status":"Operational","Circuit":"Double","TLine_Name":" ","Length_Mile":0}},{"type":"Feature","geometry":{"type":"LineString","coordinates":[[-119.9173,36.8517],[-119.919,36.8475]]},"properties":{"Name":"PG&E 230kV","kV":"230","kV_Sort":230,"Owner":"PG&E","Status":"Operational","Circuit":"Double","TLine_Name":" ","Length_Mile":0}},{"type":"Feature","geometry":{"type":"LineString","coordinates":[[-119.919,36.8475],[-119.9212,36.8446]]},"properties":{"Name":"PG&E 230kV","kV":"230","kV_Sort":230,"Owner":"PG&E","Status":"Operational","Circuit":"Double","TLine_Name":" ","Length_Mile":0}},{"type":"Feature","geometry":{"type":"LineString","coordinates":[[-119.919,36.8475],[-119.921,36.8448]]},"properties":{"Name":"PG&E 230kV","kV":"230","kV_Sort":230,"Owner":"PG&E","Status":"Operational","Circuit":"Double","TLine_Name":" ","Length_Mile":0}},{"type":"Feature","geometry":{"type":"LineString","coordinates":[[-120.1764,36.5923],[-120.5297,36.593],[-120.5811,36.6529]]},"properties":{"Name":"PG&E 230kV","kV":"230","kV_Sort":230,"Owner":"PG&E","Status":"Operational","Circuit":"Double","TLine_Name":"","Length_Mile":25}},{"type":"Feature","geometry":{"type":"LineString","coordinates":[[-121.0216,37.0512],[-120.9707,36.9758],[-120.8246,36.8103],[-120.7205,36.7465],[-120.6706,36.6555],[-120.6202,36.5984],[-120.4915,36.5054],[-120.3806,36.3907],[-120.2125,36.2478],[-120.1295,36.1435]]},"properties":{"Name":"PG&E 500kV","kV":"500","kV_Sort":500,"Owner":"PG&E","Status":"Operational","Circuit":"Single","TLine_Name":" ","Length_Mile":81}},{"type":"Feature","geometry":{"type":"LineString","coordinates":[[-121.0211,37.0512],[-120.9703,36.9761],[-120.8242,36.8106],[-120.72,36.7467],[-120.6701,36.6557],[-120.6198,36.5987],[-120.4982,36.5121],[-120.3802,36.391],[-120.212,36.2481],[-120.129,36.1435]]},"properties":{"Name":"PG&E 500kV","kV":"500","kV_Sort":500,"Owner":"PG&E","Status":"Operational","Circuit":"Single","TLine_Name":" ","Length_Mile":81}},{"type":"Feature","geometry":{"type":"LineString","coordinates":[[-120.3737,36.4229],[-120.4911,36.5443],[-120.582,36.6525]]},"properties":{"Name":"PG&E 230kV","kV":"230","kV_Sort":230,"Owner":"PG&E","Status":"Operational","Circuit":"Double","TLine_Name":" ","Length_Mile":20}},{"type":"Feature","geometry":{"type":"LineString","coordinates":[[-120.3737,36.4229],[-120.369,36.4177]]},"properties":{"Name":"PG&E 230kV","kV":"230","kV_Sort":230,"Owner":"PG&E","Status":"Operational","Circuit":"Double","TLine_Name":" ","Length_Mile":0}},{"type":"Feature","geometry":{"type":"LineString","coordinates":[[-120.369,36.4177],[-120.3737,36.4229]]},"properties":{"Name":"PG&E 230kV","kV":"230","kV_Sort":230,"Owner":"PG&E","Status":"Operational","Circuit":"Double","TLine_Name":" ","Length_Mile":0}},{"type":"Feature","geometry":{"type":"LineString","coordinates":[[-120.1253,36.1406],[-120.263,36.3159],[-120.3071,36.3501],[-120.369,36.4177]]},"properties":{"Name":"PG&E 230kV","kV":"230","kV_Sort":230,"Owner":"PG&E","Status":"Operational","Circuit":"Double","TLine_Name":" ","Length_Mile":24}},{"type":"Feature","geometry":{"type":"LineString","coordinates":[[-120.8341,36.9227],[-120.8296,36.9254]]},"properties":{"Name":"PG&E 230kV","kV":"230","kV_Sort":230,"Owner":"PG&E","Status":"Operational","Circuit":"Double","TLine_Name":" ","Length_Mile":0}},{"type":"Feature","geometry":{"type":"LineString","coordinates":[[-120.8354,36.9218],[-120.8341,36.9227]]},"properties":{"Name":"PG&E 230kV","kV":"230","kV_Sort":230,"Owner":"PG&E","Status":"Operational","Circuit":"Double","TLine_Name":" ","Length_Mile":0}},{"type":"Feature","geometry":{"type":"LineString","coordinates":[[-120.8353,36.9217],[-120.8341,36.9227]]},"properties":{"Name":"PG&E 230kV","kV":"230","kV_Sort":230,"Owner":"PG&E","Status":"Operational","Circuit":"Double","TLine_Name":" ","Length_Mile":0}},{"type":"Feature","geometry":{"type":"LineString","coordinates":[[-121.0195,37.0548],[-121.0745,37.0664]]},"properties":{"Name":"PG&E 230kV","kV":"230","kV_Sort":230,"Owner":"PG&E","Status":"Operational","Circuit":"Double","TLine_Name":" ","Length_Mile":3}},{"type":"Feature","geometry":{"type":"LineString","coordinates":[[-121.0227,37.0522],[-121.0884,36.9833],[-121.1648,36.9472],[-121.2798,36.8183],[-121.3257,36.8022],[-121.3828,36.7918],[-121.5126,36.8041],[-121.6232,36.7782],[-121.7681,36.7828],[-121.7738,36.8053]]},"properties":{"Name":"PG&E 500kV","kV":"500","kV_Sort":500,"Owner":"PG&E","Status":"Operational","Circuit":"Single","TLine_Name":" ","Length_Mile":51}},{"type":"Feature","geometry":{"type":"LineString","coordinates":[[-121.0221,37.0542],[-121.067,37.0848],[-121.0739,37.1002],[-121.071,37.1194],[-121.1666,37.3918],[-121.2215,37.4925],[-121.3007,37.5581],[-121.5644,37.71]]},"properties":{"Name":"PG&E 500kV","kV":"500","kV_Sort":500,"Owner":"PG&E","Status":"Operational","Circuit":"Single","TLine_Name":" ","Length_Mile":57}},{"type":"Feature","geometry":{"type":"LineString","coordinates":[[-121.0216,37.0542],[-121.0665,37.0849],[-121.0733,37.1003],[-121.0705,37.1195],[-121.1661,37.3919],[-121.2211,37.4927],[-121.3043,37.561],[-121.5639,37.7101]]},"properties":{"Name":"PG&E 500kV","kV":"500","kV_Sort":500,"Owner":"PG&E","Status":"Operational","Circuit":"Single","TLine_Name":" ","Length_Mile":57}},{"type":"Feature","geometry":{"type":"LineString","coordinates":[[-121.2404,37.5108],[-121.2314,37.5163]]},"properties":{"Name":"PG&E 230kV","kV":"230","kV_Sort":230,"Owner":"PG&E","Status":"Operational","Circuit":"Double","TLine_Name":" ","Length_Mile":1}},{"type":"Feature","geometry":{"type":"LineString","coordinates":[[-120.8438,35.2206],[-120.8349,35.2188],[-120.8051,35.2367],[-120.8131,35.278],[-120.7777,35.3327],[-120.7693,35.4342],[-120.7362,35.4914],[-120.6089,35.6308],[-120.3652,35.8306],[-120.2639,35.9241],[-120.2198,35.9493],[-120.1725,36.0699],[-120.1451,36.0922],[-120.1296,36.1225],[-120.1299,36.1413]]},"properties":{"Name":"PG&E 500kV","kV":"500","kV_Sort":500,"Owner":"PG&E","Status":"Operational","Circuit":"Single","TLine_Name":" ","Length_Mile":79}},{"type":"Feature","geometry":{"type":"LineString","coordinates":[[-120.8438,35.2206],[-120.8481,35.2175]]},"properties":{"Name":"PG&E 500kV","kV":"500","kV_Sort":500,"Owner":"PG&E","Status":"Operational","Circuit":"Single","TLine_Name":" ","Length_Mile":0}},{"type":"Feature","geometry":{"type":"LineString","coordinates":[[-120.8438,35.2206],[-120.848,35.2174]]},"properties":{"Name":"PG&E 500kV","kV":"500","kV_Sort":500,"Owner":"PG&E","Status":"Operational","Circuit":"Single","TLine_Name":" ","Length_Mile":0}},{"type":"Feature","geometry":{"type":"LineString","coordinates":[[-120.8478,35.2174],[-120.8438,35.2206]]},"properties":{"Name":"PG&E 500kV","kV":"500","kV_Sort":500,"Owner":"PG&E","Status":"Operational","Circuit":"Single","TLine_Name":" ","Length_Mile":0}},{"type":"Feature","geometry":{"type":"LineString","coordinates":[[-120.8516,35.2163],[-120.8058,35.2364],[-120.8136,35.2779],[-120.779,35.3329]]},"properties":{"Name":"PG&E 230kV","kV":"230","kV_Sort":230,"Owner":"PG&E","Status":"Operational","Circuit":"Double","TLine_Name":" ","Length_Mile":10}},{"type":"Feature","geometry":{"type":"LineString","coordinates":[[-119.4553,35.4002],[-119.4555,35.4018]]},"properties":{"Name":"PG&E 500kV","kV":"500","kV_Sort":500,"Owner":"PG&E","Status":"Operational","Circuit":"Single","TLine_Name":" ","Length_Mile":0}},{"type":"Feature","geometry":{"type":"LineString","coordinates":[[-119.4587,35.3967],[-119.4553,35.4002]]},"properties":{"Name":"PG&E 500kV","kV":"500","kV_Sort":500,"Owner":"PG&E","Status":"Operational","Circuit":"Single","TLine_Name":" ","Length_Mile":0}},{"type":"Feature","geometry":{"type":"LineString","coordinates":[[-119.4587,35.3967],[-119.4553,35.4002]]},"properties":{"Name":"PG&E 500kV","kV":"500","kV_Sort":500,"Owner":"PG&E","Status":"Operational","Circuit":"Single","TLine_Name":" ","Length_Mile":0}},{"type":"Feature","geometry":{"type":"LineString","coordinates":[[-119.4587,35.3967],[-119.4553,35.4002]]},"properties":{"Name":"PG&E 500kV","kV":"500","kV_Sort":500,"Owner":"PG&E","Status":"Operational","Circuit":"Single","TLine_Name":" ","Length_Mile":0}},{"type":"Feature","geometry":{"type":"LineString","coordinates":[[-120.8441,35.2186],[-120.6843,35.2009],[-120.619,35.1677],[-120.5469,35.1752],[-120.4614,35.1615],[-120.2196,35.1752],[-120.0833,35.225],[-119.9362,35.263],[-119.8625,35.2629],[-119.7261,35.3477],[-119.6723,35.3944],[-119.4587,35.3967]]},"properties":{"Name":"PG&E 500kV","kV":"500","kV_Sort":500,"Owner":"PG&E","Status":"Operational","Circuit":"Single","TLine_Name":" ","Length_Mile":84}},{"type":"Feature","geometry":{"type":"LineString","coordinates":[[-120.8441,35.2186],[-120.8476,35.2174]]},"properties":{"Name":"PG&E 500kV","kV":"500","kV_Sort":500,"Owner":"PG&E","Status":"Operational","Circuit":"Single","TLine_Name":" ","Length_Mile":0}},{"type":"Feature","geometry":{"type":"LineString","coordinates":[[-120.8441,35.2186],[-120.8475,35.2174]]},"properties":{"Name":"PG&E 500kV","kV":"500","kV_Sort":500,"Owner":"PG&E","Status":"Operational","Circuit":"Single","TLine_Name":" ","Length_Mile":0}},{"type":"Feature","geometry":{"type":"LineString","coordinates":[[-120.8473,35.2174],[-120.8441,35.2186]]},"properties":{"Name":"PG&E 500kV","kV":"500","kV_Sort":500,"Owner":"PG&E","Status":"Operational","Circuit":"Single","TLine_Name":" ","Length_Mile":0}},{"type":"Feature","geometry":{"type":"LineString","coordinates":[[-120.8507,35.2143],[-120.8477,35.2153]]},"properties":{"Name":"PG&E 500kV","kV":"500","kV_Sort":500,"Owner":"PG&E","Status":"Operational","Circuit":"Single","TLine_Name":" ","Length_Mile":0}},{"type":"Feature","geometry":{"type":"LineString","coordinates":[[-120.8507,35.2143],[-120.8475,35.2152]]},"properties":{"Name":"PG&E 500kV","kV":"500","kV_Sort":500,"Owner":"PG&E","Status":"Operational","Circuit":"Single","TLine_Name":" ","Length_Mile":0}},{"type":"Feature","geometry":{"type":"LineString","coordinates":[[-120.8507,35.2143],[-120.8476,35.2152]]},"properties":{"Name":"PG&E 500kV","kV":"500","kV_Sort":500,"Owner":"PG&E","Status":"Operational","Circuit":"Single","TLine_Name":" ","Length_Mile":0}},{"type":"Feature","geometry":{"type":"LineString","coordinates":[[-120.8553,35.2126],[-120.8507,35.2143]]},"properties":{"Name":"PG&E 500kV","kV":"500","kV_Sort":500,"Owner":"PG&E","Status":"Operational","Circuit":"Single","TLine_Name":" ","Length_Mile":0}},{"type":"Feature","geometry":{"type":"LineString","coordinates":[[-120.8502,35.2134],[-120.847,35.2152]]},"properties":{"Name":"PG&E 500kV","kV":"500","kV_Sort":500,"Owner":"PG&E","Status":"Operational","Circuit":"Single","TLine_Name":" ","Length_Mile":0}},{"type":"Feature","geometry":{"type":"LineString","coordinates":[[-120.8502,35.2134],[-120.8471,35.2152]]},"properties":{"Name":"PG&E 500kV","kV":"500","kV_Sort":500,"Owner":"PG&E","Status":"Operational","Circuit":"Single","TLine_Name":" ","Length_Mile":0}},{"type":"Feature","geometry":{"type":"LineString","coordinates":[[-120.8502,35.2134],[-120.8473,35.2152]]},"properties":{"Name":"PG&E 500kV","kV":"500","kV_Sort":500,"Owner":"PG&E","Status":"Operational","Circuit":"Single","TLine_Name":" ","Length_Mile":0}},{"type":"Feature","geometry":{"type":"LineString","coordinates":[[-120.8544,35.2109],[-120.8502,35.2134]]},"properties":{"Name":"PG&E 500kV","kV":"500","kV_Sort":500,"Owner":"PG&E","Status":"Operational","Circuit":"Single","TLine_Name":" ","Length_Mile":0}},{"type":"Feature","geometry":{"type":"LineString","coordinates":[[-119.4544,35.4003],[-119.4549,35.4014]]},"properties":{"Name":"PG&E 500kV","kV":"500","kV_Sort":500,"Owner":"PG&E","Status":"Operational","Circuit":"Single","TLine_Name":" ","Length_Mile":0}},{"type":"Feature","geometry":{"type":"LineString","coordinates":[[-119.4589,35.3955],[-119.4544,35.4003]]},"properties":{"Name":"PG&E 500kV","kV":"500","kV_Sort":500,"Owner":"PG&E","Status":"Operational","Circuit":"Single","TLine_Name":" ","Length_Mile":0}},{"type":"Feature","geometry":{"type":"LineString","coordinates":[[-119.4589,35.3955],[-119.4544,35.4003]]},"properties":{"Name":"PG&E 500kV","kV":"500","kV_Sort":500,"Owner":"PG&E","Status":"Operational","Circuit":"Single","TLine_Name":" ","Length_Mile":0}},{"type":"Feature","geometry":{"type":"LineString","coordinates":[[-119.4589,35.3955],[-119.4544,35.4003]]},"properties":{"Name":"PG&E 500kV","kV":"500","kV_Sort":500,"Owner":"PG&E","Status":"Operational","Circuit":"Single","TLine_Name":" ","Length_Mile":0}},{"type":"Feature","geometry":{"type":"LineString","coordinates":[[-120.8445,35.2183],[-120.6838,35.2002],[-120.6192,35.1671],[-120.5449,35.1746],[-120.4618,35.161],[-120.2191,35.1747],[-120.0831,35.2245],[-119.9361,35.2624],[-119.8623,35.2623],[-119.7546,35.3292],[-119.6871,35.3395],[-119.6055,35.34],[-119.5138,35.3829],[-119.4832,35.3828],[-119.4589,35.3955]]},"properties":{"Name":"PG&E 500kV","kV":"500","kV_Sort":500,"Owner":"PG&E","Status":"Operational","Circuit":"Single","TLine_Name":" ","Length_Mile":83}},{"type":"Feature","geometry":{"type":"LineString","coordinates":[[-120.8445,35.2183],[-120.8471,35.2173]]},"properties":{"Name":"PG&E 500kV","kV":"500","kV_Sort":500,"Owner":"PG&E","Status":"Operational","Circuit":"Single","TLine_Name":" ","Length_Mile":0}},{"type":"Feature","geometry":{"type":"LineString","coordinates":[[-120.8445,35.2183],[-120.847,35.2173]]},"properties":{"Name":"PG&E 500kV","kV":"500","kV_Sort":500,"Owner":"PG&E","Status":"Operational","Circuit":"Single","TLine_Name":" ","Length_Mile":0}},{"type":"Feature","geometry":{"type":"LineString","coordinates":[[-120.8468,35.2173],[-120.8445,35.2183]]},"properties":{"Name":"PG&E 500kV","kV":"500","kV_Sort":500,"Owner":"PG&E","Status":"Operational","Circuit":"Single","TLine_Name":" ","Length_Mile":0}},{"type":"Feature","geometry":{"type":"LineString","coordinates":[[-120.5367,37.9443],[-120.5347,37.9165],[-120.548,37.8793],[-120.6061,37.8283],[-120.6203,37.7885],[-120.6609,37.7728],[-120.6805,37.7559],[-120.8005,37.7411]]},"properties":{"Name":"PG&E 230kV","kV":"230","kV_Sort":230,"Owner":"PG&E","Status":"Operational","Circuit":"Double","TLine_Name":" ","Length_Mile":23}},{"type":"Feature","geometry":{"type":"LineString","coordinates":[[-120.8005,37.7411],[-120.8032,37.7404],[-120.8031,37.7402],[-120.8005,37.7411]]},"properties":{"Name":"PG&E 230kV","kV":"230","kV_Sort":230,"Owner":"PG&E","Status":"Operational","Circuit":"Double","TLine_Name":" ","Length_Mile":0}},{"type":"Feature","geometry":{"type":"LineString","coordinates":[[-120.4924,38.4492],[-120.5878,38.4228],[-120.634,38.3897],[-120.6622,38.3464],[-120.6698,38.3191],[-120.6886,38.3034]]},"properties":{"Name":"PG&E 230kV","kV":"230","kV_Sort":230,"Owner":"PG&E","Status":"Operational","Circuit":"Single","TLine_Name":" ","Length_Mile":16}},{"type":"Feature","geometry":{"type":"LineString","coordinates":[[-121.5815,37.7966],[-121.5761,37.7946]]},"properties":{"Name":"PG&E 230kV","kV":"230","kV_Sort":230,"Owner":"PG&E","Status":"Operational","Circuit":"Double","TLine_Name":" ","Length_Mile":0}},{"type":"Feature","geometry":{"type":"LineString","coordinates":[[-121.5761,37.7946],[-121.5815,37.7966]]},"properties":{"Name":"PG&E 230kV","kV":"230","kV_Sort":230,"Owner":"PG&E","Status":"Operational","Circuit":"Double","TLine_Name":" ","Length_Mile":0}},{"type":"Feature","geometry":{"type":"LineString","coordinates":[[-121.2317,37.5166],[-121.2421,37.5125],[-121.3036,37.5615],[-121.5487,37.7033],[-121.5489,37.7395],[-121.5671,37.7523],[-121.5679,37.7946],[-121.5761,37.7946]]},"properties":{"Name":"PG&E 230kV","kV":"230","kV_Sort":230,"Owner":"PG&E","Status":"Operational","Circuit":"Double","TLine_Name":" ","Length_Mile":29}},{"type":"Feature","geometry":{"type":"LineString","coordinates":[[-121.5832,37.7947],[-121.5834,37.7967]]},"properties":{"Name":"PG&E 230kV","kV":"230","kV_Sort":230,"Owner":"PG&E","Status":"Operational","Circuit":"Double","TLine_Name":" ","Length_Mile":0}},{"type":"Feature","geometry":{"type":"LineString","coordinates":[[-121.5832,37.7947],[-121.5824,37.7957]]},"properties":{"Name":"PG&E 230kV","kV":"230","kV_Sort":230,"Owner":"PG&E","Status":"Operational","Circuit":"Double","TLine_Name":" ","Length_Mile":0}},{"type":"Feature","geometry":{"type":"LineString","coordinates":[[-121.565,37.7145],[-121.583,37.7659],[-121.5832,37.7947]]},"properties":{"Name":"PG&E 230kV","kV":"230","kV_Sort":230,"Owner":"PG&E","Status":"Operational","Circuit":"Double","TLine_Name":" ","Length_Mile":6}},{"type":"Feature","geometry":{"type":"LineString","coordinates":[[-121.6191,37.7979],[-121.6195,37.7989]]},"properties":{"Name":"PG&E 230kV","kV":"230","kV_Sort":230,"Owner":"PG&E","Status":"Operational","Circuit":"Double","TLine_Name":" ","Length_Mile":0}},{"type":"Feature","geometry":{"type":"LineString","coordinates":[[-121.6197,37.7987],[-121.6191,37.7979]]},"properties":{"Name":"PG&E 230kV","kV":"230","kV_Sort":230,"Owner":"PG&E","Status":"Operational","Circuit":"Double","TLine_Name":" ","Length_Mile":0}},{"type":"Feature","geometry":{"type":"LineString","coordinates":[[-121.6191,37.7979],[-121.6352,37.7911]]},"properties":{"Name":"PG&E 230kV","kV":"230","kV_Sort":230,"Owner":"PG&E","Status":"Operational","Circuit":"Double","TLine_Name":" ","Length_Mile":1}},{"type":"Feature","geometry":{"type":"LineString","coordinates":[[-121.7086,37.6693],[-121.5641,37.7144]]},"properties":{"Name":"PG&E 230kV","kV":"230","kV_Sort":230,"Owner":"PG&E","Status":"Operational","Circuit":"Double","TLine_Name":" ","Length_Mile":9}},{"type":"Feature","geometry":{"type":"LineString","coordinates":[[-121.7138,37.6672],[-121.7086,37.6693]]},"properties":{"Name":"PG&E 230kV","kV":"230","kV_Sort":230,"Owner":"PG&E","Status":"Operational","Circuit":"Double","TLine_Name":" ","Length_Mile":0}},{"type":"Feature","geometry":{"type":"LineString","coordinates":[[-121.7138,37.6672],[-121.7086,37.6693]]},"properties":{"Name":"PG&E 230kV","kV":"230","kV_Sort":230,"Owner":"PG&E","Status":"Operational","Circuit":"Double","TLine_Name":" ","Length_Mile":0}},{"type":"Feature","geometry":{"type":"LineString","coordinates":[[-121.9854,37.5014],[-121.9155,37.5246],[-121.8554,37.5872],[-121.7138,37.6672]]},"properties":{"Name":"PG&E 230kV","kV":"230","kV_Sort":230,"Owner":"PG&E","Status":"Operational","Circuit":"Double","TLine_Name":" ","Length_Mile":19}},{"type":"Feature","geometry":{"type":"LineString","coordinates":[[-121.3288,36.7257],[-121.5437,36.7487],[-121.6013,36.7779],[-121.6936,36.7867],[-121.7793,36.8073]]},"properties":{"Name":"PG&E 230kV","kV":"230","kV_Sort":230,"Owner":"PG&E","Status":"Operational","Circuit":"Double","TLine_Name":" ","Length_Mile":26}},{"type":"Feature","geometry":{"type":"LineString","coordinates":[[-121.3288,36.7257],[-121.1565,36.6814],[-120.9958,36.6483],[-120.9145,36.6402],[-120.7793,36.6069],[-120.6804,36.6178],[-120.5839,36.6522]]},"properties":{"Name":"PG&E 230kV","kV":"230","kV_Sort":230,"Owner":"PG&E","Status":"Operational","Circuit":"Double","TLine_Name":" ","Length_Mile":43}},{"type":"Feature","geometry":{"type":"LineString","coordinates":[[-121.3288,36.7257],[-121.2942,36.668],[-121.2741,36.6119],[-121.3066,36.4858],[-121.3277,36.4637],[-121.2946,36.4477],[-121.1937,36.3511],[-121.1479,36.3194],[-121.1302,36.2807],[-121.145,36.2654]]},"properties":{"Name":"PG&E 230kV","kV":"230","kV_Sort":230,"Owner":"PG&E","Status":"Operational","Circuit":"Double","TLine_Name":" ","Length_Mile":38}},{"type":"Feature","geometry":{"type":"LineString","coordinates":[[-120.5839,36.6522],[-120.5828,36.6529]]},"properties":{"Name":"PG&E 230kV","kV":"230","kV_Sort":230,"Owner":"PG&E","Status":"Operational","Circuit":"Double","TLine_Name":" ","Length_Mile":0}},{"type":"Feature","geometry":{"type":"LineString","coordinates":[[-120.5839,36.6522],[-120.5826,36.6527]]},"properties":{"Name":"PG&E 230kV","kV":"230","kV_Sort":230,"Owner":"PG&E","Status":"Operational","Circuit":"Double","TLine_Name":" ","Length_Mile":0}},{"type":"Feature","geometry":{"type":"LineString","coordinates":[[-121.9175,38.4042],[-121.9194,38.3351],[-121.8788,38.2916],[-121.8894,38.2664],[-121.8572,38.2053],[-121.8276,38.122],[-121.832,38.0947],[-121.7598,38.088],[-121.746,38.0752],[-121.6981,38.0577],[-121.6859,38.0461],[-121.6848,38.0303],[-121.6286,37.9684],[-121.6289,37.92],[-121.5923,37.8142],[-121.5976,37.7824],[-121.5597,37.7178],[-121.5646,37.7116]]},"properties":{"Name":"PG&E 500kV","kV":"500","kV_Sort":500,"Owner":"PG&E","Status":"Operational","Circuit":"Single","TLine_Name":" ","Length_Mile":57}},{"type":"Feature","geometry":{"type":"LineString","coordinates":[[-121.7367,38.2275],[-121.7227,38.2937],[-121.7131,38.3145],[-121.6948,38.3295],[-121.6949,38.3641],[-121.6501,38.4693],[-121.649,38.5393],[-121.6817,38.727],[-121.6925,38.9811],[-121.7194,39.0036],[-121.7264,39.0621],[-121.7355,39.0697],[-121.7354,39.1714],[-121.7519,39.2692],[-121.7513,39.3638],[-121.7219,39.4645],[-121.6895,39.5118],[-121.6457,39.5537]]},"properties":{"Name":"PG&E 500kV","kV":"500","kV_Sort":500,"Owner":"PG&E","Status":"Operational","Circuit":"Single","TLine_Name":" ","Length_Mile":95}},{"type":"Feature","geometry":{"type":"LineString","coordinates":[[-121.7379,38.2243],[-121.7367,38.2275]]},"properties":{"Name":"PG&E 500kV","kV":"500","kV_Sort":500,"Owner":"PG&E","Status":"Operational","Circuit":"Single","TLine_Name":" ","Length_Mile":0}},{"type":"Feature","geometry":{"type":"LineString","coordinates":[[-121.7379,38.2243],[-121.7367,38.2275]]},"properties":{"Name":"PG&E 500kV","kV":"500","kV_Sort":500,"Owner":"PG&E","Status":"Operational","Circuit":"Single","TLine_Name":" ","Length_Mile":0}},{"type":"Feature","geometry":{"type":"LineString","coordinates":[[-121.5617,37.7113],[-121.5592,37.7179],[-121.597,37.7825],[-121.5918,37.8142],[-121.6284,37.9201],[-121.6281,37.9685],[-121.6843,38.0305],[-121.6854,38.0465],[-121.6973,38.0579],[-121.7454,38.0755],[-121.7594,38.0883],[-121.7379,38.2243]]},"properties":{"Name":"PG&E 500kV","kV":"500","kV_Sort":500,"Owner":"PG&E","Status":"Operational","Circuit":"Single","TLine_Name":" ","Length_Mile":40}},{"type":"Feature","geometry":{"type":"LineString","coordinates":[[-121.0891,38.1219],[-121.407,38.5461],[-121.4493,38.8638],[-121.4605,38.9346],[-121.4663,38.9346]]},"properties":{"Name":"PG&E 230kV","kV":"230","kV_Sort":230,"Owner":"PG&E","Status":"Operational","Circuit":"Double","TLine_Name":" ","Length_Mile":61}},{"type":"Feature","geometry":{"type":"LineString","coordinates":[[-121.089,38.1217],[-121.0891,38.1219]]},"properties":{"Name":"PG&E 230kV","kV":"230","kV_Sort":230,"Owner":"PG&E","Status":"Operational","Circuit":"Double","TLine_Name":" ","Length_Mile":0}},{"type":"Feature","geometry":{"type":"LineString","coordinates":[[-121.089,38.1217],[-121.0891,38.1219]]},"properties":{"Name":"PG&E 230kV","kV":"230","kV_Sort":230,"Owner":"PG&E","Status":"Operational","Circuit":"Double","TLine_Name":" ","Length_Mile":0}},{"type":"Feature","geometry":{"type":"LineString","coordinates":[[-121.0918,38.1216],[-121.0891,38.1219]]},"properties":{"Name":"PG&E 230kV","kV":"230","kV_Sort":230,"Owner":"PG&E","Status":"Operational","Circuit":"Double","TLine_Name":" ","Length_Mile":0}},{"type":"Feature","geometry":{"type":"LineString","coordinates":[[-121.089,38.1217],[-121.0889,38.1216]]},"properties":{"Name":"PG&E 230kV","kV":"230","kV_Sort":230,"Owner":"PG&E","Status":"Operational","Circuit":"Double","TLine_Name":" ","Length_Mile":0}},{"type":"Feature","geometry":{"type":"LineString","coordinates":[[-121.0889,38.1216],[-121.089,38.1217]]},"properties":{"Name":"PG&E 230kV","kV":"230","kV_Sort":230,"Owner":"PG&E","Status":"Operational","Circuit":"Double","TLine_Name":" ","Length_Mile":0}},{"type":"Feature","geometry":{"type":"LineString","coordinates":[[-121.0889,38.1216],[-121.0918,38.1216]]},"properties":{"Name":"PG&E 230kV","kV":"230","kV_Sort":230,"Owner":"PG&E","Status":"Operational","Circuit":"Double","TLine_Name":" ","Length_Mile":0}},{"type":"Feature","geometry":{"type":"LineString","coordinates":[[-121.159,38.1184],[-121.0918,38.1216]]},"properties":{"Name":"PG&E 230kV","kV":"230","kV_Sort":230,"Owner":"PG&E","Status":"Operational","Circuit":"Double","TLine_Name":" ","Length_Mile":4}},{"type":"Feature","geometry":{"type":"LineString","coordinates":[[-121.0146,38.0169],[-121.0889,38.1216]]},"properties":{"Name":"PG&E 230kV","kV":"230","kV_Sort":230,"Owner":"PG&E","Status":"Operational","Circuit":"Double","TLine_Name":" ","Length_Mile":8}},{"type":"Feature","geometry":{"type":"LineString","coordinates":[[-121.0146,38.0169],[-121.0139,38.0155]]},"properties":{"Name":"PG&E 230kV","kV":"230","kV_Sort":230,"Owner":"PG&E","Status":"Operational","Circuit":"Double","TLine_Name":" ","Length_Mile":0}},{"type":"Feature","geometry":{"type":"LineString","coordinates":[[-121.0136,38.0156],[-121.0146,38.0169]]},"properties":{"Name":"PG&E 230kV","kV":"230","kV_Sort":230,"Owner":"PG&E","Status":"Operational","Circuit":"Double","TLine_Name":" ","Length_Mile":0}},{"type":"Feature","geometry":{"type":"LineString","coordinates":[[-118.9757,35.0885],[-118.9843,35.0867],[-118.9845,35.0484],[-118.9934,35.0484],[-118.9951,35.0247]]},"properties":{"Name":"PG&E 230kV","kV":"230","kV_Sort":230,"Owner":"PG&E","Status":"Operational","Circuit":"Single","TLine_Name":" ","Length_Mile":5}},{"type":"Feature","geometry":{"type":"LineString","coordinates":[[-119.0047,35.3873],[-119.0104,35.4034],[-119.0897,35.3976],[-119.097,35.3802]]},"properties":{"Name":"PG&E 230kV","kV":"230","kV_Sort":230,"Owner":"PG&E","Status":"Operational","Circuit":"Double","TLine_Name":" ","Length_Mile":7}},{"type":"Feature","geometry":{"type":"LineString","coordinates":[[-119.448,35.401],[-119.4504,35.4044]]},"properties":{"Name":"PG&E 230kV","kV":"230","kV_Sort":230,"Owner":"PG&E","Status":"Operational","Circuit":"Double","TLine_Name":" ","Length_Mile":0}},{"type":"Feature","geometry":{"type":"LineString","coordinates":[[-119.448,35.401],[-119.451,35.4021]]},"properties":{"Name":"PG&E 230kV","kV":"230","kV_Sort":230,"Owner":"PG&E","Status":"Operational","Circuit":"Double","TLine_Name":" ","Length_Mile":0}},{"type":"Feature","geometry":{"type":"LineString","coordinates":[[-119.098,35.3802],[-119.1065,35.3866],[-119.4131,35.3878],[-119.448,35.401]]},"properties":{"Name":"PG&E 230kV","kV":"230","kV_Sort":230,"Owner":"PG&E","Status":"Operational","Circuit":"Double","TLine_Name":" ","Length_Mile":20}},{"type":"Feature","geometry":{"type":"LineString","coordinates":[[-121.9868,37.5019],[-122.1126,37.5108],[-122.137,37.4932]]},"properties":{"Name":"PG&E 230kV","kV":"230","kV_Sort":230,"Owner":"PG&E","Status":"Operational","Circuit":"Double","TLine_Name":" ","Length_Mile":9}},{"type":"Feature","geometry":{"type":"LineString","coordinates":[[-122.3181,37.5828],[-122.137,37.4943]]},"properties":{"Name":"PG&E 230kV","kV":"230","kV_Sort":230,"Owner":"PG&E","Status":"Operational","Circuit":"Double","TLine_Name":" ","Length_Mile":12}},{"type":"Feature","geometry":{"type":"LineString","coordinates":[[-122.137,37.4943],[-122.1371,37.4935]]},"properties":{"Name":"PG&E 230kV","kV":"230","kV_Sort":230,"Owner":"PG&E","Status":"Operational","Circuit":"Double","TLine_Name":" ","Length_Mile":0}},{"type":"Feature","geometry":{"type":"LineString","coordinates":[[-122.137,37.4943],[-122.1372,37.4936]]},"properties":{"Name":"PG&E 230kV","kV":"230","kV_Sort":230,"Owner":"PG&E","Status":"Operational","Circuit":"Double","TLine_Name":" ","Length_Mile":0}},{"type":"Feature","geometry":{"type":"LineString","coordinates":[[-120.408,37.2903],[-120.4077,37.2923]]},"properties":{"Name":"PG&E 230kV","kV":"230","kV_Sort":230,"Owner":"PG&E","Status":"Operational","Circuit":"Double","TLine_Name":" ","Length_Mile":0}},{"type":"Feature","geometry":{"type":"LineString","coordinates":[[-120.408,37.2903],[-120.4073,37.2913]]},"properties":{"Name":"PG&E 230kV","kV":"230","kV_Sort":230,"Owner":"PG&E","Status":"Operational","Circuit":"Double","TLine_Name":" ","Length_Mile":0}},{"type":"Feature","geometry":{"type":"LineString","coordinates":[[-120.408,37.2903],[-120.4067,37.2908]]},"properties":{"Name":"PG&E 230kV","kV":"230","kV_Sort":230,"Owner":"PG&E","Status":"Operational","Circuit":"Double","TLine_Name":" ","Length_Mile":0}},{"type":"Feature","geometry":{"type":"LineString","coordinates":[[-120.0339,36.9837],[-120.0806,37.0154],[-120.2715,37.1852],[-120.3499,37.2291],[-120.4079,37.2735],[-120.408,37.2903]]},"properties":{"Name":"PG&E 230kV","kV":"230","kV_Sort":230,"Owner":"PG&E","Status":"Operational","Circuit":"Double","TLine_Name":" ","Length_Mile":30}},{"type":"Feature","geometry":{"type":"LineString","coordinates":[[-120.0334,36.9839],[-120.0336,36.9838]]},"properties":{"Name":"PG&E 230kV","kV":"230","kV_Sort":230,"Owner":"PG&E","Status":"Operational","Circuit":"Double","TLine_Name":" ","Length_Mile":0}},{"type":"Feature","geometry":{"type":"LineString","coordinates":[[-120.0334,36.9839],[-120.0336,36.9838]]},"properties":{"Name":"PG&E 230kV","kV":"230","kV_Sort":230,"Owner":"PG&E","Status":"Operational","Circuit":"Double","TLine_Name":" ","Length_Mile":0}},{"type":"Feature","geometry":{"type":"LineString","coordinates":[[-119.9177,36.8518],[-120.0334,36.9839]]},"properties":{"Name":"PG&E 230kV","kV":"230","kV_Sort":230,"Owner":"PG&E","Status":"Operational","Circuit":"Double","TLine_Name":" ","Length_Mile":11}},{"type":"Feature","geometry":{"type":"LineString","coordinates":[[-120.0336,36.9838],[-120.0334,36.9831]]},"properties":{"Name":"PG&E 230kV","kV":"230","kV_Sort":230,"Owner":"PG&E","Status":"Operational","Circuit":"Double","TLine_Name":" ","Length_Mile":0}},{"type":"Feature","geometry":{"type":"LineString","coordinates":[[-120.0336,36.9838],[-120.0339,36.9837]]},"properties":{"Name":"PG&E 230kV","kV":"230","kV_Sort":230,"Owner":"PG&E","Status":"Operational","Circuit":"Double","TLine_Name":" ","Length_Mile":0}},{"type":"Feature","geometry":{"type":"LineString","coordinates":[[-120.0339,36.9837],[-120.0338,36.9832]]},"properties":{"Name":"PG&E 230kV","kV":"230","kV_Sort":230,"Owner":"PG&E","Status":"Operational","Circuit":"Double","TLine_Name":" ","Length_Mile":0}},{"type":"Feature","geometry":{"type":"LineString","coordinates":[[-119.9179,36.8526],[-119.9177,36.8518]]},"properties":{"Name":"PG&E 230kV","kV":"230","kV_Sort":230,"Owner":"PG&E","Status":"Operational","Circuit":"Double","TLine_Name":" ","Length_Mile":0}},{"type":"Feature","geometry":{"type":"LineString","coordinates":[[-119.9177,36.8518],[-119.9176,36.8526]]},"properties":{"Name":"PG&E 230kV","kV":"230","kV_Sort":230,"Owner":"PG&E","Status":"Operational","Circuit":"Double","TLine_Name":" ","Length_Mile":0}},{"type":"Feature","geometry":{"type":"LineString","coordinates":[[-120.3797,38.1449],[-120.3808,38.1773]]},"properties":{"Name":"PG&E 230kV","kV":"230","kV_Sort":230,"Owner":"PG&E","Status":"Operational","Circuit":"Single","TLine_Name":" ","Length_Mile":3}},{"type":"Feature","geometry":{"type":"LineString","coordinates":[[-121.0135,38.0158],[-120.9547,38.053],[-121.0409,38.2277],[-121.0995,38.2739],[-121.1134,38.3354],[-121.1262,38.3353],[-121.1238,38.344]]},"properties":{"Name":"PG&E 230kV","kV":"230","kV_Sort":230,"Owner":"PG&E","Status":"Operational","Circuit":"Double","TLine_Name":" ","Length_Mile":27}},{"type":"Feature","geometry":{"type":"LineString","coordinates":[[-120.7789,38.2267],[-120.6886,38.3034]]},"properties":{"Name":"PG&E 230kV","kV":"230","kV_Sort":230,"Owner":"PG&E","Status":"Operational","Circuit":"Double","TLine_Name":" ","Length_Mile":7}},{"type":"Feature","geometry":{"type":"LineString","coordinates":[[-120.7642,38.2181],[-120.7789,38.2267]]},"properties":{"Name":"PG&E 230kV","kV":"230","kV_Sort":230,"Owner":"PG&E","Status":"Operational","Circuit":"Double","TLine_Name":" ","Length_Mile":1}},{"type":"Feature","geometry":{"type":"LineString","coordinates":[[-120.9533,38.0534],[-120.9295,38.0687],[-120.8846,38.1313],[-120.7789,38.2267]]},"properties":{"Name":"PG&E 230kV","kV":"230","kV_Sort":230,"Owner":"PG&E","Status":"Operational","Circuit":"Double","TLine_Name":" ","Length_Mile":15}},{"type":"Feature","geometry":{"type":"LineString","coordinates":[[-120.7641,38.2172],[-120.7642,38.2181]]},"properties":{"Name":"PG&E 230kV","kV":"230","kV_Sort":230,"Owner":"PG&E","Status":"Operational","Circuit":"Double","TLine_Name":" ","Length_Mile":0}},{"type":"Feature","geometry":{"type":"LineString","coordinates":[[-120.7642,38.2172],[-120.7642,38.2181]]},"properties":{"Name":"PG&E 230kV","kV":"230","kV_Sort":230,"Owner":"PG&E","Status":"Operational","Circuit":"Double","TLine_Name":" ","Length_Mile":0}},{"type":"Feature","geometry":{"type":"LineString","coordinates":[[-120.9533,38.0534],[-120.9574,38.051]]},"properties":{"Name":"PG&E 230kV","kV":"230","kV_Sort":230,"Owner":"PG&E","Status":"Operational","Circuit":"Double","TLine_Name":" ","Length_Mile":0}},{"type":"Feature","geometry":{"type":"LineString","coordinates":[[-120.9574,38.051],[-120.9533,38.0534]]},"properties":{"Name":"PG&E 230kV","kV":"230","kV_Sort":230,"Owner":"PG&E","Status":"Operational","Circuit":"Double","TLine_Name":" ","Length_Mile":0}},{"type":"Feature","geometry":{"type":"LineString","coordinates":[[-121.013,38.0159],[-120.9574,38.051]]},"properties":{"Name":"PG&E 230kV","kV":"230","kV_Sort":230,"Owner":"PG&E","Status":"Operational","Circuit":"Double","TLine_Name":" ","Length_Mile":4}},{"type":"Feature","geometry":{"type":"LineString","coordinates":[[-121.5648,37.71],[-121.5767,37.6897],[-121.589,37.6063],[-121.6176,37.511],[-121.681,37.3586],[-121.6763,37.3395],[-121.7104,37.2979],[-121.7461,37.2267]]},"properties":{"Name":"PG&E 500kV","kV":"500","kV_Sort":500,"Owner":"PG&E","Status":"Operational","Circuit":"Single","TLine_Name":" ","Length_Mile":35}},{"type":"Feature","geometry":{"type":"LineString","coordinates":[[-121.4331,38.8646],[-121.4371,38.9043],[-121.4662,38.935]]},"properties":{"Name":"PG&E 230kV","kV":"230","kV_Sort":230,"Owner":"PG&E","Status":"Operational","Circuit":"Double","TLine_Name":" ","Length_Mile":6}},{"type":"Feature","geometry":{"type":"LineString","coordinates":[[-121.4331,38.8646],[-121.432,38.858]]},"properties":{"Name":"PG&E 230kV","kV":"230","kV_Sort":230,"Owner":"PG&E","Status":"Operational","Circuit":"Double","TLine_Name":" ","Length_Mile":0}},{"type":"Feature","geometry":{"type":"LineString","coordinates":[[-121.432,38.858],[-121.4331,38.8646]]},"properties":{"Name":"PG&E 230kV","kV":"230","kV_Sort":230,"Owner":"PG&E","Status":"Operational","Circuit":"Double","TLine_Name":" ","Length_Mile":0}},{"type":"Feature","geometry":{"type":"LineString","coordinates":[[-121.3491,38.8277],[-121.3707,38.8431],[-121.4152,38.8428],[-121.432,38.858]]},"properties":{"Name":"PG&E 230kV","kV":"230","kV_Sort":230,"Owner":"PG&E","Status":"Operational","Circuit":"Double","TLine_Name":" ","Length_Mile":5}},{"type":"Feature","geometry":{"type":"LineString","coordinates":[[-121.3419,38.8226],[-121.3491,38.8277]]},"properties":{"Name":"PG&E 230kV","kV":"230","kV_Sort":230,"Owner":"PG&E","Status":"Operational","Circuit":"Double","TLine_Name":" ","Length_Mile":1}},{"type":"Feature","geometry":{"type":"LineString","coordinates":[[-121.3419,38.8226],[-121.3491,38.8277]]},"properties":{"Name":"PG&E 230kV","kV":"230","kV_Sort":230,"Owner":"PG&E","Status":"Operational","Circuit":"Double","TLine_Name":" ","Length_Mile":1}},{"type":"Feature","geometry":{"type":"LineString","coordinates":[[-121.1349,38.6578],[-121.1402,38.6831],[-121.1716,38.687],[-121.3419,38.8226]]},"properties":{"Name":"PG&E 230kV","kV":"230","kV_Sort":230,"Owner":"PG&E","Status":"Operational","Circuit":"Double","TLine_Name":" ","Length_Mile":17}},{"type":"Feature","geometry":{"type":"LineString","coordinates":[[-121.643,39.5552],[-121.632,39.5464],[-121.505,39.5452],[-121.5025,39.4538]]},"properties":{"Name":"PG&E 230kV","kV":"230","kV_Sort":230,"Owner":"PG&E","Status":"Operational","Circuit":"Double","TLine_Name":" ","Length_Mile":14}},{"type":"Feature","geometry":{"type":"LineString","coordinates":[[-121.5025,39.4538],[-121.5161,39.454]]},"properties":{"Name":"PG&E 230kV","kV":"230","kV_Sort":230,"Owner":"PG&E","Status":"Operational","Circuit":"Double","TLine_Name":" ","Length_Mile":1}},{"type":"Feature","geometry":{"type":"LineString","coordinates":[[-121.5025,39.4538],[-121.4971,39.3158],[-121.469,39.1726],[-121.4707,39.0175],[-121.4606,38.9353],[-121.4662,38.9352]]},"properties":{"Name":"PG&E 230kV","kV":"230","kV_Sort":230,"Owner":"PG&E","Status":"Operational","Circuit":"Double","TLine_Name":" ","Length_Mile":36}},{"type":"Feature","geometry":{"type":"LineString","coordinates":[[-121.3162,42.0054],[-121.2893,41.7266],[-121.3442,41.5621],[-121.5086,41.3852],[-121.6887,41.164],[-121.8003,41.076],[-121.8691,41.0576],[-121.8902,41.0353],[-121.8941,41.0063],[-121.9141,40.9678],[-121.9191,40.8987],[-121.9111,40.831],[-121.9347,40.8081]]},"properties":{"Name":"PG&E 500kV","kV":"500","kV_Sort":500,"Owner":"PG&E","Status":"Operational","Circuit":"Single","TLine_Name":"Malin-Round Mt.","Length_Mile":94}},{"type":"Feature","geometry":{"type":"LineString","coordinates":[[-119.9173,36.8539],[-119.9131,36.9165],[-119.8605,36.9209],[-119.8573,36.9321],[-119.8252,36.9405],[-119.5794,36.9493],[-119.5129,36.9356],[-119.4244,36.9489],[-119.3322,36.9469],[-119.2966,36.9606],[-119.2381,36.9689],[-119.1766,36.9582],[-119.1143,36.988],[-119.0434,36.9964],[-118.9941,37.0318],[-118.9638,37.0391]]},"properties":{"Name":"PG&E 230kV","kV":"230","kV_Sort":230,"Owner":"PG&E","Status":"Operational","Circuit":"Double","TLine_Name":" ","Length_Mile":60}},{"type":"Feature","geometry":{"type":"LineString","coordinates":[[-119.9173,36.8539],[-119.9172,36.8528]]},"properties":{"Name":"PG&E 230kV","kV":"230","kV_Sort":230,"Owner":"PG&E","Status":"Operational","Circuit":"Double","TLine_Name":" ","Length_Mile":0}},{"type":"Feature","geometry":{"type":"LineString","coordinates":[[-119.9173,36.8539],[-119.9174,36.8528]]},"properties":{"Name":"PG&E 230kV","kV":"230","kV_Sort":230,"Owner":"PG&E","Status":"Operational","Circuit":"Double","TLine_Name":" ","Length_Mile":0}},{"type":"Feature","geometry":{"type":"LineString","coordinates":[[-122.2624,39.8014],[-122.1821,39.7981],[-122.1432,39.7788]]},"properties":{"Name":"PG&E 230kV","kV":"230","kV_Sort":230,"Owner":"PG&E","Status":"Operational","Circuit":"Double","TLine_Name":" ","Length_Mile":7}},{"type":"Feature","geometry":{"type":"LineString","coordinates":[[-122.4902,38.1304],[-122.5186,38.1161],[-122.5212,38.0968],[-122.5411,38.0787]]},"properties":{"Name":"PG&E 230kV","kV":"230","kV_Sort":230,"Owner":"PG&E","Status":"Operational","Circuit":"Double","TLine_Name":" ","Length_Mile":5}},{"type":"Feature","geometry":{"type":"LineString","coordinates":[[-122.5411,38.0787],[-122.5405,38.078]]},"properties":{"Name":"PG&E 230kV","kV":"230","kV_Sort":230,"Owner":"PG&E","Status":"Operational","Circuit":"Double","TLine_Name":" ","Length_Mile":0}},{"type":"Feature","geometry":{"type":"LineString","coordinates":[[-122.5411,38.0787],[-122.5409,38.0779]]},"properties":{"Name":"PG&E 230kV","kV":"230","kV_Sort":230,"Owner":"PG&E","Status":"Operational","Circuit":"Double","TLine_Name":" ","Length_Mile":0}},{"type":"Feature","geometry":{"type":"LineString","coordinates":[[-122.5835,38.4437],[-122.6122,38.5089],[-122.6918,38.551],[-122.6963,38.5642],[-122.7426,38.6071],[-122.7415,38.623],[-122.7585,38.6423],[-122.7663,38.6808],[-122.7628,38.743],[-122.7543,38.7543],[-122.7633,38.7632],[-122.7672,38.7958],[-122.7838,38.8053]]},"properties":{"Name":"PG&E 230kV","kV":"230","kV_Sort":230,"Owner":"PG&E","Status":"Operational","Circuit":"Double","TLine_Name":" ","Length_Mile":30}},{"type":"Feature","geometry":{"type":"LineString","coordinates":[[-122.7813,38.8239],[-122.7993,38.8259],[-122.8021,38.8015]]},"properties":{"Name":"PG&E 230kV","kV":"230","kV_Sort":230,"Owner":"PG&E","Status":"Operational","Circuit":"Double","TLine_Name":" ","Length_Mile":3}},{"type":"Feature","geometry":{"type":"LineString","coordinates":[[-122.8021,38.8015],[-122.8083,38.8056]]},"properties":{"Name":"PG&E 230kV","kV":"230","kV_Sort":230,"Owner":"PG&E","Status":"Operational","Circuit":"Double","TLine_Name":" ","Length_Mile":0}},{"type":"Feature","geometry":{"type":"LineString","coordinates":[[-122.7604,38.4995],[-122.7603,38.5185],[-122.7532,38.5198],[-122.7496,38.548],[-122.7421,38.5544],[-122.7412,38.6203],[-122.7589,38.6424],[-122.7665,38.6804],[-122.7615,38.7404],[-122.7892,38.7555],[-122.8021,38.8015]]},"properties":{"Name":"PG&E 230kV","kV":"230","kV_Sort":230,"Owner":"PG&E","Status":"Operational","Circuit":"Double","TLine_Name":" ","Length_Mile":23}},{"type":"Feature","geometry":{"type":"LineString","coordinates":[[-122.7604,38.4995],[-122.7604,38.4995]]},"properties":{"Name":"PG&E 230kV","kV":"230","kV_Sort":230,"Owner":"PG&E","Status":"Operational","Circuit":"Double","TLine_Name":" ","Length_Mile":0}},{"type":"Feature","geometry":{"type":"LineString","coordinates":[[-122.7656,38.7788],[-122.7554,38.7783]]},"properties":{"Name":"PG&E 230kV","kV":"230","kV_Sort":230,"Owner":"PG&E","Status":"Operational","Circuit":"Double","TLine_Name":" ","Length_Mile":1}},{"type":"Feature","geometry":{"type":"LineString","coordinates":[[-122.7554,38.7783],[-122.7553,38.7786]]},"properties":{"Name":"PG&E 230kV","kV":"230","kV_Sort":230,"Owner":"PG&E","Status":"Operational","Circuit":"Double","TLine_Name":" ","Length_Mile":0}},{"type":"Feature","geometry":{"type":"LineString","coordinates":[[-122.7554,38.7783],[-122.7291,38.7734]]},"properties":{"Name":"PG&E 230kV","kV":"230","kV_Sort":230,"Owner":"PG&E","Status":"Operational","Circuit":"Double","TLine_Name":" ","Length_Mile":1}},{"type":"Feature","geometry":{"type":"LineString","coordinates":[[-122.7671,38.7817],[-122.7821,38.7866]]},"properties":{"Name":"PG&E 230kV","kV":"230","kV_Sort":230,"Owner":"PG&E","Status":"Operational","Circuit":"Single","TLine_Name":" ","Length_Mile":1}},{"type":"Feature","geometry":{"type":"LineString","coordinates":[[-122.7524,38.7778],[-122.7448,38.7887]]},"properties":{"Name":"PG&E 230kV","kV":"230","kV_Sort":230,"Owner":"PG&E","Status":"Operational","Circuit":"Single","TLine_Name":" ","Length_Mile":1}},{"type":"Feature","geometry":{"type":"LineString","coordinates":[[-122.7614,38.7672],[-122.7484,38.7687]]},"properties":{"Name":"PG&E 230kV","kV":"230","kV_Sort":230,"Owner":"PG&E","Status":"Operational","Circuit":"Single","TLine_Name":" ","Length_Mile":1}},{"type":"Feature","geometry":{"type":"LineString","coordinates":[[-122.7543,38.7543],[-122.7196,38.7523]]},"properties":{"Name":"PG&E 230kV","kV":"230","kV_Sort":230,"Owner":"PG&E","Status":"Operational","Circuit":"Single","TLine_Name":" ","Length_Mile":2}},{"type":"Feature","geometry":{"type":"LineString","coordinates":[[-121.4874,39.2776],[-121.3524,39.3061],[-121.2447,39.3093],[-121.192,39.331]]},"properties":{"Name":"PG&E 230kV","kV":"230","kV_Sort":230,"Owner":"PG&E","Status":"Operational","Circuit":"Double","TLine_Name":" ","Length_Mile":17}},{"type":"Feature","geometry":{"type":"LineString","coordinates":[[-121.4874,39.2776],[-121.4897,39.2782],[-121.4897,39.2785],[-121.4874,39.2776]]},"properties":{"Name":"PG&E 230kV","kV":"230","kV_Sort":230,"Owner":"PG&E","Status":"Operational","Circuit":"Double","TLine_Name":" ","Length_Mile":0}},{"type":"Feature","geometry":{"type":"LineString","coordinates":[[-121.9355,40.8063],[-121.9294,40.7935],[-121.9422,40.7299],[-121.9482,40.4782],[-121.9341,40.3495],[-121.9352,40.2828],[-121.9163,40.1414],[-121.7661,39.774],[-121.6463,39.5568]]},"properties":{"Name":"PG&E 500kV","kV":"500","kV_Sort":500,"Owner":"PG&E","Status":"Operational","Circuit":"Single","TLine_Name":"Rount Mt.-Table Mt.","Length_Mile":89}},{"type":"Feature","geometry":{"type":"LineString","coordinates":[[-121.9349,40.8063],[-121.9288,40.7936],[-121.9417,40.7299],[-121.9387,40.6395],[-121.9478,40.4794],[-121.9334,40.3472],[-121.9346,40.2829],[-121.9158,40.1419],[-121.7657,39.7743],[-121.6458,39.5568]]},"properties":{"Name":"PG&E 500kV","kV":"500","kV_Sort":500,"Owner":"PG&E","Status":"Operational","Circuit":"Single","TLine_Name":"Round Mt.-Table Mt.","Length_Mile":89}},{"type":"Feature","geometry":{"type":"LineString","coordinates":[[-121.5361,39.5459],[-121.505,39.5456],[-121.5191,39.6146],[-121.5049,39.6643],[-121.5069,39.7221],[-121.4696,39.7984],[-121.4027,39.8802],[-121.3659,39.8975],[-121.2999,39.9547],[-121.2781,39.9648],[-121.2828,39.9919],[-121.2692,40.0049],[-121.2267,40.0126],[-121.2158,40.0474],[-121.1999,40.064],[-121.1861,40.064],[-121.149,40.0861]]},"properties":{"Name":"PG&E 230kV","kV":"230","kV_Sort":230,"Owner":"PG&E","Status":"Operational","Circuit":"Single","TLine_Name":" ","Length_Mile":48}},{"type":"Feature","geometry":{"type":"LineString","coordinates":[[-121.643,39.5555],[-121.6409,39.5522]]},"properties":{"Name":"PG&E 230kV","kV":"230","kV_Sort":230,"Owner":"PG&E","Status":"Operational","Circuit":"Single","TLine_Name":" ","Length_Mile":0}},{"type":"Feature","geometry":{"type":"LineString","coordinates":[[-121.5361,39.5459],[-121.538,39.5476]]},"properties":{"Name":"PG&E 230kV","kV":"230","kV_Sort":230,"Owner":"PG&E","Status":"Operational","Circuit":"Single","TLine_Name":" ","Length_Mile":0}},{"type":"Feature","geometry":{"type":"LineString","coordinates":[[-121.918,38.4056],[-121.9325,38.479],[-121.9235,38.545],[-121.955,38.705],[-121.8532,38.8293],[-121.8472,39.0044],[-121.7578,39.2248],[-121.7515,39.3678],[-121.7418,39.4137],[-121.7224,39.4646],[-121.6898,39.5121],[-121.6462,39.5538]]},"properties":{"Name":"PG&E 500kV","kV":"500","kV_Sort":500,"Owner":"PG&E","Status":"Operational","Circuit":"Single","TLine_Name":" ","Length_Mile":84}},{"type":"Feature","geometry":{"type":"LineString","coordinates":[[-121.2637,38.7645],[-121.2639,38.7645]]},"properties":{"Name":"PG&E 230kV","kV":"230","kV_Sort":230,"Owner":"PG&E","Status":"Operational","Circuit":"Single","TLine_Name":" ","Length_Mile":0}},{"type":"Feature","geometry":{"type":"LineString","coordinates":[[-121.4864,39.5328],[-121.504,39.5462],[-121.6316,39.5474],[-121.6426,39.5567]]},"properties":{"Name":"PG&E 230kV","kV":"230","kV_Sort":230,"Owner":"PG&E","Status":"Operational","Circuit":"Double","TLine_Name":" ","Length_Mile":9}},{"type":"Feature","geometry":{"type":"LineString","coordinates":[[-121.3889,38.0878],[-121.3884,38.0881]]},"properties":{"Name":"PG&E 230kV","kV":"230","kV_Sort":230,"Owner":"PG&E","Status":"Operational","Circuit":"Single","TLine_Name":" ","Length_Mile":0}},{"type":"Feature","geometry":{"type":"LineString","coordinates":[[-121.3889,38.0878],[-121.3883,38.0879]]},"properties":{"Name":"PG&E 230kV","kV":"230","kV_Sort":230,"Owner":"PG&E","Status":"Operational","Circuit":"Single","TLine_Name":" ","Length_Mile":0}},{"type":"Feature","geometry":{"type":"LineString","coordinates":[[-121.3882,38.0878],[-121.3889,38.0878]]},"properties":{"Name":"PG&E 230kV","kV":"230","kV_Sort":230,"Owner":"PG&E","Status":"Operational","Circuit":"Single","TLine_Name":" ","Length_Mile":0}},{"type":"Feature","geometry":{"type":"LineString","coordinates":[[-121.7471,37.2255],[-121.7625,37.2147],[-121.7639,37.1973],[-121.719,37.1416],[-121.7098,37.1084],[-121.6724,37.0635],[-121.6609,37.0039],[-121.6655,36.9637],[-121.6517,36.9349],[-121.6556,36.9],[-121.7034,36.8275],[-121.7458,36.7993],[-121.7747,36.8061]]},"properties":{"Name":"PG&E 500kV","kV":"500","kV_Sort":500,"Owner":"PG&E","Status":"Operational","Circuit":"Single","TLine_Name":" ","Length_Mile":35}},{"type":"Feature","geometry":{"type":"LineString","coordinates":[[-121.7416,37.2248],[-121.6854,37.1834],[-121.6999,37.1698],[-121.6707,37.1322],[-121.6682,37.1115],[-121.6781,37.093],[-121.6601,37.0038],[-121.665,36.9637],[-121.6512,36.935],[-121.6549,36.9017],[-121.7081,36.8234],[-121.7391,36.8022],[-121.7807,36.8078]]},"properties":{"Name":"PG&E 230kV","kV":"230","kV_Sort":230,"Owner":"PG&E","Status":"Operational","Circuit":"Double","TLine_Name":" ","Length_Mile":36}},{"type":"Feature","geometry":{"type":"LineString","coordinates":[[-122.016,37.2805],[-122.0154,37.281]]},"properties":{"Name":"PG&E 230kV","kV":"230","kV_Sort":230,"Owner":"PG&E","Status":"Operational","Circuit":"Single","TLine_Name":" ","Length_Mile":0}},{"type":"Feature","geometry":{"type":"LineString","coordinates":[[-122.0143,37.2798],[-122.015,37.281]]},"properties":{"Name":"PG&E 230kV","kV":"230","kV_Sort":230,"Owner":"PG&E","Status":"Operational","Circuit":"Single","TLine_Name":" ","Length_Mile":0}},{"type":"Feature","geometry":{"type":"LineString","coordinates":[[-122.0759,37.3268],[-122.0771,37.3051],[-122.0429,37.2927]]},"properties":{"Name":"PG&E 230kV","kV":"230","kV_Sort":230,"Owner":"PG&E","Status":"Operational","Circuit":"Double","TLine_Name":" ","Length_Mile":4}},{"type":"Feature","geometry":{"type":"LineString","coordinates":[[-122.0429,37.2927],[-122.0358,37.2896]]},"properties":{"Name":"PG&E 230kV","kV":"230","kV_Sort":230,"Owner":"PG&E","Status":"Operational","Circuit":"Double","TLine_Name":" ","Length_Mile":0}},{"type":"Feature","geometry":{"type":"LineString","coordinates":[[-122.0429,37.2927],[-122.0358,37.2896]]},"properties":{"Name":"PG&E 230kV","kV":"230","kV_Sort":230,"Owner":"PG&E","Status":"Operational","Circuit":"Double","TLine_Name":" ","Length_Mile":0}},{"type":"Feature","geometry":{"type":"LineString","coordinates":[[-122.0358,37.2896],[-121.9663,37.2539]]},"properties":{"Name":"PG&E 230kV","kV":"230","kV_Sort":230,"Owner":"PG&E","Status":"Operational","Circuit":"Double","TLine_Name":" ","Length_Mile":5}},{"type":"Feature","geometry":{"type":"LineString","coordinates":[[-121.9661,37.2536],[-121.9391,37.2396],[-121.9032,37.2396],[-121.8994,37.2337]]},"properties":{"Name":"PG&E 230kV","kV":"230","kV_Sort":230,"Owner":"PG&E","Status":"Operational","Circuit":"Double","TLine_Name":" ","Length_Mile":4}},{"type":"Feature","geometry":{"type":"LineString","coordinates":[[-121.8994,37.2337],[-121.9009,37.2337]]},"properties":{"Name":"PG&E 230kV","kV":"230","kV_Sort":230,"Owner":"PG&E","Status":"Operational","Circuit":"Double","TLine_Name":" ","Length_Mile":0}},{"type":"Feature","geometry":{"type":"LineString","coordinates":[[-121.7425,37.2243],[-121.7624,37.2172],[-121.8994,37.2337]]},"properties":{"Name":"PG&E 230kV","kV":"230","kV_Sort":230,"Owner":"PG&E","Status":"Operational","Circuit":"Double","TLine_Name":" ","Length_Mile":9}},{"type":"Feature","geometry":{"type":"LineString","coordinates":[[-121.7606,37.945],[-121.782,37.9937],[-121.7629,38.0117]]},"properties":{"Name":"PG&E 230kV","kV":"230","kV_Sort":230,"Owner":"PG&E","Status":"Operational","Circuit":"Double","TLine_Name":" ","Length_Mile":5}},{"type":"Feature","geometry":{"type":"LineString","coordinates":[[-121.7606,37.945],[-121.7589,37.9416]]},"properties":{"Name":"PG&E 230kV","kV":"230","kV_Sort":230,"Owner":"PG&E","Status":"Operational","Circuit":"Double","TLine_Name":" ","Length_Mile":0}},{"type":"Feature","geometry":{"type":"LineString","coordinates":[[-121.7589,37.9416],[-121.7606,37.945]]},"properties":{"Name":"PG&E 230kV","kV":"230","kV_Sort":230,"Owner":"PG&E","Status":"Operational","Circuit":"Double","TLine_Name":" ","Length_Mile":0}},{"type":"Feature","geometry":{"type":"LineString","coordinates":[[-121.7374,37.8882],[-121.7589,37.9416]]},"properties":{"Name":"PG&E 230kV","kV":"230","kV_Sort":230,"Owner":"PG&E","Status":"Operational","Circuit":"Double","TLine_Name":" ","Length_Mile":4}},{"type":"Feature","geometry":{"type":"LineString","coordinates":[[-121.7358,37.8838],[-121.7374,37.8882]]},"properties":{"Name":"PG&E 230kV","kV":"230","kV_Sort":230,"Owner":"PG&E","Status":"Operational","Circuit":"Double","TLine_Name":" ","Length_Mile":0}},{"type":"Feature","geometry":{"type":"LineString","coordinates":[[-121.7358,37.8838],[-121.7374,37.8882]]},"properties":{"Name":"PG&E 230kV","kV":"230","kV_Sort":230,"Owner":"PG&E","Status":"Operational","Circuit":"Double","TLine_Name":" ","Length_Mile":0}},{"type":"Feature","geometry":{"type":"LineString","coordinates":[[-121.7308,37.7754],[-121.7287,37.792],[-121.716,37.7932],[-121.7094,37.8109],[-121.7275,37.8418],[-121.7358,37.8838]]},"properties":{"Name":"PG&E 230kV","kV":"230","kV_Sort":230,"Owner":"PG&E","Status":"Operational","Circuit":"Double","TLine_Name":" ","Length_Mile":9}},{"type":"Feature","geometry":{"type":"LineString","coordinates":[[-121.7316,37.7698],[-121.7308,37.7754]]},"properties":{"Name":"PG&E 230kV","kV":"230","kV_Sort":230,"Owner":"PG&E","Status":"Operational","Circuit":"Double","TLine_Name":" ","Length_Mile":0}},{"type":"Feature","geometry":{"type":"LineString","coordinates":[[-121.7316,37.7698],[-121.7308,37.7754]]},"properties":{"Name":"PG&E 230kV","kV":"230","kV_Sort":230,"Owner":"PG&E","Status":"Operational","Circuit":"Double","TLine_Name":" ","Length_Mile":0}},{"type":"Feature","geometry":{"type":"LineString","coordinates":[[-121.7334,37.7179],[-121.7316,37.7698]]},"properties":{"Name":"PG&E 230kV","kV":"230","kV_Sort":230,"Owner":"PG&E","Status":"Operational","Circuit":"Double","TLine_Name":" ","Length_Mile":4}},{"type":"Feature","geometry":{"type":"LineString","coordinates":[[-121.7334,37.7179],[-121.7334,37.7135]]},"properties":{"Name":"PG&E 230kV","kV":"230","kV_Sort":230,"Owner":"PG&E","Status":"Operational","Circuit":"Double","TLine_Name":" ","Length_Mile":0}},{"type":"Feature","geometry":{"type":"LineString","coordinates":[[-121.7334,37.7135],[-121.7334,37.7179]]},"properties":{"Name":"PG&E 230kV","kV":"230","kV_Sort":230,"Owner":"PG&E","Status":"Operational","Circuit":"Double","TLine_Name":" ","Length_Mile":0}},{"type":"Feature","geometry":{"type":"LineString","coordinates":[[-121.7332,37.7011],[-121.7334,37.7135]]},"properties":{"Name":"PG&E 230kV","kV":"230","kV_Sort":230,"Owner":"PG&E","Status":"Operational","Circuit":"Double","TLine_Name":" ","Length_Mile":1}},{"type":"Feature","geometry":{"type":"LineString","coordinates":[[-122.1162,37.6249],[-122.102,37.6322]]},"properties":{"Name":"PG&E 230kV","kV":"230","kV_Sort":230,"Owner":"PG&E","Status":"Operational","Circuit":"Double","TLine_Name":" ","Length_Mile":1}},{"type":"Feature","geometry":{"type":"LineString","coordinates":[[-121.7404,37.2243],[-121.8261,37.1759],[-121.8462,37.1733],[-121.9104,37.1786],[-122.0032,37.2094],[-122.0245,37.2069],[-122.0495,37.2198],[-122.0501,37.2354],[-122.069,37.2572],[-122.0692,37.2959],[-122.0892,37.3009],[-122.0755,37.3269]]},"properties":{"Name":"PG&E 230kV","kV":"230","kV_Sort":230,"Owner":"PG&E","Status":"Operational","Circuit":"Double","TLine_Name":" ","Length_Mile":29}},{"type":"Feature","geometry":{"type":"LineString","coordinates":[[-122.2869,37.4575],[-122.2867,37.4577]]},"properties":{"Name":"PG&E 230kV","kV":"230","kV_Sort":230,"Owner":"PG&E","Status":"Operational","Circuit":"Single","TLine_Name":" ","Length_Mile":0}},{"type":"Feature","geometry":{"type":"LineString","coordinates":[[-121.9286,37.4616],[-121.9302,37.4642]]},"properties":{"Name":"PG&E 230kV","kV":"230","kV_Sort":230,"Owner":"PG&E","Status":"Operational","Circuit":"Double","TLine_Name":" ","Length_Mile":0}},{"type":"Feature","geometry":{"type":"LineString","coordinates":[[-121.9286,37.4616],[-121.9305,37.4641]]},"properties":{"Name":"PG&E 230kV","kV":"230","kV_Sort":230,"Owner":"PG&E","Status":"Operational","Circuit":"Double","TLine_Name":" ","Length_Mile":0}},{"type":"Feature","geometry":{"type":"LineString","coordinates":[[-121.927,37.4558],[-121.9286,37.4616]]},"properties":{"Name":"PG&E 230kV","kV":"230","kV_Sort":230,"Owner":"PG&E","Status":"Operational","Circuit":"Double","TLine_Name":" ","Length_Mile":0}},{"type":"Feature","geometry":{"type":"LineString","coordinates":[[-121.927,37.4558],[-121.9286,37.4616]]},"properties":{"Name":"PG&E 230kV","kV":"230","kV_Sort":230,"Owner":"PG&E","Status":"Operational","Circuit":"Double","TLine_Name":" ","Length_Mile":0}},{"type":"Feature","geometry":{"type":"LineString","coordinates":[[-121.9229,37.4499],[-121.927,37.4558]]},"properties":{"Name":"PG&E 230kV","kV":"230","kV_Sort":230,"Owner":"PG&E","Status":"Operational","Circuit":"Double","TLine_Name":" ","Length_Mile":1}},{"type":"Feature","geometry":{"type":"LineString","coordinates":[[-121.9229,37.4499],[-121.927,37.4558]]},"properties":{"Name":"PG&E 230kV","kV":"230","kV_Sort":230,"Owner":"PG&E","Status":"Operational","Circuit":"Double","TLine_Name":" ","Length_Mile":1}},{"type":"Feature","geometry":{"type":"LineString","coordinates":[[-121.9253,37.4434],[-121.9229,37.4499]]},"properties":{"Name":"PG&E 230kV","kV":"230","kV_Sort":230,"Owner":"PG&E","Status":"Operational","Circuit":"Double","TLine_Name":" ","Length_Mile":1}},{"type":"Feature","geometry":{"type":"LineString","coordinates":[[-121.9253,37.4434],[-121.9229,37.4499]]},"properties":{"Name":"PG&E 230kV","kV":"230","kV_Sort":230,"Owner":"PG&E","Status":"Operational","Circuit":"Double","TLine_Name":" ","Length_Mile":1}},{"type":"Feature","geometry":{"type":"LineString","coordinates":[[-121.9299,37.4334],[-121.9253,37.4434]]},"properties":{"Name":"PG&E 230kV","kV":"230","kV_Sort":230,"Owner":"PG&E","Status":"Operational","Circuit":"Double","TLine_Name":" ","Length_Mile":1}},{"type":"Feature","geometry":{"type":"LineString","coordinates":[[-121.9332,37.4304],[-121.9299,37.4334]]},"properties":{"Name":"PG&E 230kV","kV":"230","kV_Sort":230,"Owner":"PG&E","Status":"Operational","Circuit":"Double","TLine_Name":" ","Length_Mile":0}},{"type":"Feature","geometry":{"type":"LineString","coordinates":[[-121.9332,37.4304],[-121.9299,37.4334]]},"properties":{"Name":"PG&E 230kV","kV":"230","kV_Sort":230,"Owner":"PG&E","Status":"Operational","Circuit":"Double","TLine_Name":" ","Length_Mile":0}},{"type":"Feature","geometry":{"type":"LineString","coordinates":[[-121.9335,37.4284],[-121.9332,37.4304]]},"properties":{"Name":"PG&E 230kV","kV":"230","kV_Sort":230,"Owner":"PG&E","Status":"Operational","Circuit":"Double","TLine_Name":" ","Length_Mile":0}},{"type":"Feature","geometry":{"type":"LineString","coordinates":[[-121.9335,37.4284],[-121.9332,37.4304]]},"properties":{"Name":"PG&E 230kV","kV":"230","kV_Sort":230,"Owner":"PG&E","Status":"Operational","Circuit":"Double","TLine_Name":" ","Length_Mile":0}},{"type":"Feature","geometry":{"type":"LineString","coordinates":[[-121.9319,37.427],[-121.9335,37.4284]]},"properties":{"Name":"PG&E 230kV","kV":"230","kV_Sort":230,"Owner":"PG&E","Status":"Operational","Circuit":"Double","TLine_Name":" ","Length_Mile":0}},{"type":"Feature","geometry":{"type":"LineString","coordinates":[[-121.932,37.4271],[-121.9335,37.4284]]},"properties":{"Name":"PG&E 230kV","kV":"230","kV_Sort":230,"Owner":"PG&E","Status":"Operational","Circuit":"Double","TLine_Name":" ","Length_Mile":0}},{"type":"Feature","geometry":{"type":"LineString","coordinates":[[-121.9663,37.5054],[-121.958,37.4988]]},"properties":{"Name":"PG&E 230kV","kV":"230","kV_Sort":230,"Owner":"PG&E","Status":"Operational","Circuit":"Double","TLine_Name":" ","Length_Mile":1}},{"type":"Feature","geometry":{"type":"LineString","coordinates":[[-121.958,37.4988],[-121.9569,37.4937]]},"properties":{"Name":"PG&E 230kV","kV":"230","kV_Sort":230,"Owner":"PG&E","Status":"Operational","Circuit":"Double","TLine_Name":" ","Length_Mile":0}},{"type":"Feature","geometry":{"type":"LineString","coordinates":[[-121.958,37.4988],[-121.9569,37.4937]]},"properties":{"Name":"PG&E 230kV","kV":"230","kV_Sort":230,"Owner":"PG&E","Status":"Operational","Circuit":"Double","TLine_Name":" ","Length_Mile":0}},{"type":"Feature","geometry":{"type":"LineString","coordinates":[[-121.9569,37.4937],[-121.9574,37.4914]]},"properties":{"Name":"PG&E 230kV","kV":"230","kV_Sort":230,"Owner":"PG&E","Status":"Operational","Circuit":"Double","TLine_Name":" ","Length_Mile":0}},{"type":"Feature","geometry":{"type":"LineString","coordinates":[[-121.9574,37.4914],[-121.9577,37.4895]]},"properties":{"Name":"PG&E 230kV","kV":"230","kV_Sort":230,"Owner":"PG&E","Status":"Operational","Circuit":"Double","TLine_Name":" ","Length_Mile":0}},{"type":"Feature","geometry":{"type":"LineString","coordinates":[[-121.9574,37.4914],[-121.9578,37.4896]]},"properties":{"Name":"PG&E 230kV","kV":"230","kV_Sort":230,"Owner":"PG&E","Status":"Operational","Circuit":"Double","TLine_Name":" ","Length_Mile":0}},{"type":"Feature","geometry":{"type":"LineString","coordinates":[[-121.7629,38.0117],[-121.7607,38.015]]},"properties":{"Name":"PG&E 230kV","kV":"230","kV_Sort":230,"Owner":"PG&E","Status":"Operational","Circuit":"Single","TLine_Name":" ","Length_Mile":0}},{"type":"Feature","geometry":{"type":"LineString","coordinates":[[-121.7629,38.0117],[-121.7624,38.0151]]},"properties":{"Name":"PG&E 230kV","kV":"230","kV_Sort":230,"Owner":"PG&E","Status":"Operational","Circuit":"Single","TLine_Name":" ","Length_Mile":0}},{"type":"Feature","geometry":{"type":"LineString","coordinates":[[-121.7634,38.015],[-121.7794,38.0075]]},"properties":{"Name":"PG&E 230kV","kV":"230","kV_Sort":230,"Owner":"PG&E","Status":"Operational","Circuit":"Double","TLine_Name":" ","Length_Mile":1}},{"type":"Feature","geometry":{"type":"LineString","coordinates":[[-121.9193,38.4003],[-121.9191,38.4014]]},"properties":{"Name":"PG&E 230kV","kV":"230","kV_Sort":230,"Owner":"PG&E","Status":"Operational","Circuit":"Double","TLine_Name":" ","Length_Mile":0}},{"type":"Feature","geometry":{"type":"LineString","coordinates":[[-121.9193,38.4003],[-121.9195,38.4014]]},"properties":{"Name":"PG&E 230kV","kV":"230","kV_Sort":230,"Owner":"PG&E","Status":"Operational","Circuit":"Double","TLine_Name":" ","Length_Mile":0}},{"type":"Feature","geometry":{"type":"LineString","coordinates":[[-121.9198,38.3352],[-121.9193,38.4003]]},"properties":{"Name":"PG&E 230kV","kV":"230","kV_Sort":230,"Owner":"PG&E","Status":"Operational","Circuit":"Double","TLine_Name":" ","Length_Mile":5}},{"type":"Feature","geometry":{"type":"LineString","coordinates":[[-121.9198,38.3308],[-121.9198,38.3352]]},"properties":{"Name":"PG&E 230kV","kV":"230","kV_Sort":230,"Owner":"PG&E","Status":"Operational","Circuit":"Double","TLine_Name":" ","Length_Mile":0}},{"type":"Feature","geometry":{"type":"LineString","coordinates":[[-121.9198,38.3308],[-121.9198,38.3352]]},"properties":{"Name":"PG&E 230kV","kV":"230","kV_Sort":230,"Owner":"PG&E","Status":"Operational","Circuit":"Double","TLine_Name":" ","Length_Mile":0}},{"type":"Feature","geometry":{"type":"LineString","coordinates":[[-121.9197,38.3225],[-121.9198,38.3308]]},"properties":{"Name":"PG&E 230kV","kV":"230","kV_Sort":230,"Owner":"PG&E","Status":"Operational","Circuit":"Double","TLine_Name":" ","Length_Mile":1}},{"type":"Feature","geometry":{"type":"LineString","coordinates":[[-121.9703,38.2857],[-121.9547,38.2931],[-121.9336,38.3223],[-121.9216,38.3224]]},"properties":{"Name":"PG&E 230kV","kV":"230","kV_Sort":230,"Owner":"PG&E","Status":"Operational","Circuit":"Double","TLine_Name":" ","Length_Mile":4}},{"type":"Feature","geometry":{"type":"LineString","coordinates":[[-121.9197,38.3224],[-121.9197,38.3225]]},"properties":{"Name":"PG&E 230kV","kV":"230","kV_Sort":230,"Owner":"PG&E","Status":"Operational","Circuit":"Double","TLine_Name":" ","Length_Mile":0}},{"type":"Feature","geometry":{"type":"LineString","coordinates":[[-121.9216,38.3224],[-121.9197,38.3225]]},"properties":{"Name":"PG&E 230kV","kV":"230","kV_Sort":230,"Owner":"PG&E","Status":"Operational","Circuit":"Double","TLine_Name":" ","Length_Mile":0}},{"type":"Feature","geometry":{"type":"LineString","coordinates":[[-121.9197,38.3224],[-121.9197,38.3225]]},"properties":{"Name":"PG&E 230kV","kV":"230","kV_Sort":230,"Owner":"PG&E","Status":"Operational","Circuit":"Double","TLine_Name":" ","Length_Mile":0}},{"type":"Feature","geometry":{"type":"LineString","coordinates":[[-121.9196,38.3222],[-121.9216,38.3224]]},"properties":{"Name":"PG&E 230kV","kV":"230","kV_Sort":230,"Owner":"PG&E","Status":"Operational","Circuit":"Double","TLine_Name":" ","Length_Mile":0}},{"type":"Feature","geometry":{"type":"LineString","coordinates":[[-121.9196,38.3222],[-121.9197,38.3224]]},"properties":{"Name":"PG&E 230kV","kV":"230","kV_Sort":230,"Owner":"PG&E","Status":"Operational","Circuit":"Double","TLine_Name":" ","Length_Mile":0}},{"type":"Feature","geometry":{"type":"LineString","coordinates":[[-121.9196,38.3222],[-121.9197,38.3224]]},"properties":{"Name":"PG&E 230kV","kV":"230","kV_Sort":230,"Owner":"PG&E","Status":"Operational","Circuit":"Double","TLine_Name":" ","Length_Mile":0}},{"type":"Feature","geometry":{"type":"LineString","coordinates":[[-121.8819,38.2845],[-121.8834,38.2941],[-121.9081,38.3008],[-121.9196,38.3222]]},"properties":{"Name":"PG&E 230kV","kV":"230","kV_Sort":230,"Owner":"PG&E","Status":"Operational","Circuit":"Double","TLine_Name":" ","Length_Mile":4}},{"type":"Feature","geometry":{"type":"LineString","coordinates":[[-121.8819,38.2845],[-121.8837,38.2804]]},"properties":{"Name":"PG&E 230kV","kV":"230","kV_Sort":230,"Owner":"PG&E","Status":"Operational","Circuit":"Double","TLine_Name":" ","Length_Mile":0}},{"type":"Feature","geometry":{"type":"LineString","coordinates":[[-121.8837,38.2804],[-121.8819,38.2845]]},"properties":{"Name":"PG&E 230kV","kV":"230","kV_Sort":230,"Owner":"PG&E","Status":"Operational","Circuit":"Double","TLine_Name":" ","Length_Mile":0}},{"type":"Feature","geometry":{"type":"LineString","coordinates":[[-121.8364,38.1456],[-121.8899,38.2664],[-121.8837,38.2804]]},"properties":{"Name":"PG&E 230kV","kV":"230","kV_Sort":230,"Owner":"PG&E","Status":"Operational","Circuit":"Double","TLine_Name":" ","Length_Mile":10}},{"type":"Feature","geometry":{"type":"LineString","coordinates":[[-121.8364,38.1456],[-121.8349,38.1414]]},"properties":{"Name":"PG&E 230kV","kV":"230","kV_Sort":230,"Owner":"PG&E","Status":"Operational","Circuit":"Double","TLine_Name":" ","Length_Mile":0}},{"type":"Feature","geometry":{"type":"LineString","coordinates":[[-121.8349,38.1414],[-121.8364,38.1456]]},"properties":{"Name":"PG&E 230kV","kV":"230","kV_Sort":230,"Owner":"PG&E","Status":"Operational","Circuit":"Double","TLine_Name":" ","Length_Mile":0}},{"type":"Feature","geometry":{"type":"LineString","coordinates":[[-121.7817,37.9997],[-121.7803,38.0558],[-121.8349,38.1414]]},"properties":{"Name":"PG&E 230kV","kV":"230","kV_Sort":230,"Owner":"PG&E","Status":"Operational","Circuit":"Double","TLine_Name":" ","Length_Mile":11}},{"type":"Feature","geometry":{"type":"LineString","coordinates":[[-122.1603,37.8479],[-122.1334,37.8657],[-122.1071,37.8552],[-122.0594,37.857],[-122.0495,37.8696],[-121.9895,37.8999],[-121.9488,37.9402],[-121.8911,37.9628]]},"properties":{"Name":"PG&E 230kV","kV":"230","kV_Sort":230,"Owner":"PG&E","Status":"Operational","Circuit":"Double","TLine_Name":" ","Length_Mile":18}},{"type":"Feature","geometry":{"type":"LineString","coordinates":[[-121.8911,37.9628],[-121.8881,37.9628],[-121.8896,37.963],[-121.8911,37.9628]]},"properties":{"Name":"PG&E 230kV","kV":"230","kV_Sort":230,"Owner":"PG&E","Status":"Operational","Circuit":"Single","TLine_Name":" ","Length_Mile":0}},{"type":"Feature","geometry":{"type":"LineString","coordinates":[[-121.8896,37.9618],[-121.8894,37.962]]},"properties":{"Name":"PG&E 230kV","kV":"230","kV_Sort":230,"Owner":"PG&E","Status":"Operational","Circuit":"Double","TLine_Name":" ","Length_Mile":0}},{"type":"Feature","geometry":{"type":"LineString","coordinates":[[-121.8977,38.0384],[-121.9095,38.0203],[-121.9239,38.02],[-121.9335,38.0058],[-122.0001,38.0333],[-122.0462,38.0273],[-122.0899,38.0028],[-122.0903,37.9839],[-122.122,37.9597],[-122.1598,37.9535],[-122.1983,37.9264],[-122.2055,37.9068]]},"properties":{"Name":"PG&E 230kV","kV":"230","kV_Sort":230,"Owner":"PG&E","Status":"Operational","Circuit":"Double","TLine_Name":" ","Length_Mile":23}},{"type":"Feature","geometry":{"type":"LineString","coordinates":[[-122.0621,38.0192],[-122.0618,38.0193]]},"properties":{"Name":"PG&E 230kV","kV":"230","kV_Sort":230,"Owner":"PG&E","Status":"Operational","Circuit":"Single","TLine_Name":" ","Length_Mile":0}},{"type":"Feature","geometry":{"type":"LineString","coordinates":[[-122.2069,37.9056],[-122.2074,37.9058]]},"properties":{"Name":"PG&E 230kV","kV":"230","kV_Sort":230,"Owner":"PG&E","Status":"Operational","Circuit":"Single","TLine_Name":" ","Length_Mile":0}},{"type":"Feature","geometry":{"type":"LineString","coordinates":[[-122.0804,37.8646],[-122.0779,37.8574]]},"properties":{"Name":"PG&E 230kV","kV":"230","kV_Sort":230,"Owner":"PG&E","Status":"Operational","Circuit":"Double","TLine_Name":" ","Length_Mile":1}},{"type":"Feature","geometry":{"type":"LineString","coordinates":[[-122.4019,37.6539],[-122.4093,37.7042]]},"properties":{"Name":"PG&E 230kV","kV":"230","kV_Sort":230,"Owner":"PG&E","Status":"Operational","Circuit":"Single","TLine_Name":" ","Length_Mile":4}},{"type":"Feature","geometry":{"type":"LineString","coordinates":[[-122.3616,37.5896],[-122.3968,37.612],[-122.4039,37.6245],[-122.4002,37.6567],[-122.4129,37.6968],[-122.4089,37.7041]]},"properties":{"Name":"PG&E 230kV","kV":"230","kV_Sort":230,"Owner":"PG&E","Status":"Operational","Circuit":"Single","TLine_Name":" ","Length_Mile":9}},{"type":"Feature","geometry":{"type":"LineString","coordinates":[[-122.4038,37.6265],[-122.4,37.6568],[-122.4127,37.6968],[-122.4085,37.7041]]},"properties":{"Name":"PG&E 230kV","kV":"230","kV_Sort":230,"Owner":"PG&E","Status":"Operational","Circuit":"Single","TLine_Name":" ","Length_Mile":6}},{"type":"Feature","geometry":{"type":"LineString","coordinates":[[-122.4107,37.7045],[-122.4298,37.681],[-122.4541,37.6926]]},"properties":{"Name":"PG&E 230kV","kV":"230","kV_Sort":230,"Owner":"PG&E","Status":"Operational","Circuit":"Single","TLine_Name":" ","Length_Mile":4}},{"type":"Feature","geometry":{"type":"LineString","coordinates":[[-122.4541,37.6926],[-122.4559,37.6916]]},"properties":{"Name":"PG&E 230kV","kV":"230","kV_Sort":230,"Owner":"PG&E","Status":"Operational","Circuit":"Single","TLine_Name":" ","Length_Mile":0}},{"type":"Feature","geometry":{"type":"LineString","coordinates":[[-122.4541,37.6926],[-122.456,37.6917]]},"properties":{"Name":"PG&E 230kV","kV":"230","kV_Sort":230,"Owner":"PG&E","Status":"Operational","Circuit":"Single","TLine_Name":" ","Length_Mile":0}},{"type":"Feature","geometry":{"type":"LineString","coordinates":[[-122.1608,37.8486],[-122.2137,37.8823],[-122.21,37.9083]]},"properties":{"Name":"PG&E 230kV","kV":"230","kV_Sort":230,"Owner":"PG&E","Status":"Operational","Circuit":"Double","TLine_Name":" ","Length_Mile":6}},{"type":"Feature","geometry":{"type":"LineString","coordinates":[[-122.2538,38.1668],[-122.2834,38.1549],[-122.3669,38.1515],[-122.4405,38.1581],[-122.4902,38.1304],[-122.5092,38.1491],[-122.5018,38.1787],[-122.5126,38.1939],[-122.5804,38.2515]]},"properties":{"Name":"PG&E 230kV","kV":"230","kV_Sort":230,"Owner":"PG&E","Status":"Operational","Circuit":"Double","TLine_Name":" ","Length_Mile":24}},{"type":"Feature","geometry":{"type":"LineString","coordinates":[[-122.1583,38.1984],[-122.1707,38.2003],[-122.2538,38.1668]]},"properties":{"Name":"PG&E 230kV","kV":"230","kV_Sort":230,"Owner":"PG&E","Status":"Operational","Circuit":"Double","TLine_Name":" ","Length_Mile":6}},{"type":"Feature","geometry":{"type":"LineString","coordinates":[[-122.2538,38.1668],[-122.2537,38.1665]]},"properties":{"Name":"PG&E 230kV","kV":"230","kV_Sort":230,"Owner":"PG&E","Status":"Operational","Circuit":"Double","TLine_Name":" ","Length_Mile":0}},{"type":"Feature","geometry":{"type":"LineString","coordinates":[[-122.2078,37.9071],[-122.2199,37.9165],[-122.2031,37.9347],[-122.2038,37.9636],[-122.2335,38.0027],[-122.2352,38.0533],[-122.219,38.0816],[-122.2151,38.1497],[-122.1995,38.1682],[-122.21,38.1845]]},"properties":{"Name":"PG&E 230kV","kV":"230","kV_Sort":230,"Owner":"PG&E","Status":"Operational","Circuit":"Double","TLine_Name":" ","Length_Mile":21}},{"type":"Feature","geometry":{"type":"LineString","coordinates":[[-122.2079,37.9062],[-122.2078,37.9071]]},"properties":{"Name":"PG&E 230kV","kV":"230","kV_Sort":230,"Owner":"PG&E","Status":"Operational","Circuit":"Double","TLine_Name":" ","Length_Mile":0}},{"type":"Feature","geometry":{"type":"LineString","coordinates":[[-122.2077,37.906],[-122.2078,37.9071]]},"properties":{"Name":"PG&E 230kV","kV":"230","kV_Sort":230,"Owner":"PG&E","Status":"Operational","Circuit":"Double","TLine_Name":" ","Length_Mile":0}},{"type":"Feature","geometry":{"type":"LineString","coordinates":[[-122.0475,38.3435],[-122.0262,38.382],[-121.9928,38.4109],[-121.9211,38.4017]]},"properties":{"Name":"PG&E 230kV","kV":"230","kV_Sort":230,"Owner":"PG&E","Status":"Operational","Circuit":"Single","TLine_Name":" ","Length_Mile":10}},{"type":"Feature","geometry":{"type":"LineString","coordinates":[[-122.0475,38.3435],[-122.0526,38.3395]]},"properties":{"Name":"PG&E 230kV","kV":"230","kV_Sort":230,"Owner":"PG&E","Status":"Operational","Circuit":"Single","TLine_Name":" ","Length_Mile":0}},{"type":"Feature","geometry":{"type":"LineString","coordinates":[[-122.0526,38.3395],[-122.0475,38.3435]]},"properties":{"Name":"PG&E 230kV","kV":"230","kV_Sort":230,"Owner":"PG&E","Status":"Operational","Circuit":"Single","TLine_Name":" ","Length_Mile":0}},{"type":"Feature","geometry":{"type":"LineString","coordinates":[[-122.1539,38.2119],[-122.132,38.2958],[-122.0526,38.3395]]},"properties":{"Name":"PG&E 230kV","kV":"230","kV_Sort":230,"Owner":"PG&E","Status":"Operational","Circuit":"Single","TLine_Name":" ","Length_Mile":11}},{"type":"Feature","geometry":{"type":"LineString","coordinates":[[-122.1539,38.2119],[-122.155,38.2087]]},"properties":{"Name":"PG&E 230kV","kV":"230","kV_Sort":230,"Owner":"PG&E","Status":"Operational","Circuit":"Single","TLine_Name":" ","Length_Mile":0}},{"type":"Feature","geometry":{"type":"LineString","coordinates":[[-122.155,38.2087],[-122.1539,38.2119]]},"properties":{"Name":"PG&E 230kV","kV":"230","kV_Sort":230,"Owner":"PG&E","Status":"Operational","Circuit":"Single","TLine_Name":" ","Length_Mile":0}},{"type":"Feature","geometry":{"type":"LineString","coordinates":[[-122.2108,38.1422],[-122.2066,38.1623],[-122.1583,38.1984],[-122.155,38.2087]]},"properties":{"Name":"PG&E 230kV","kV":"230","kV_Sort":230,"Owner":"PG&E","Status":"Operational","Circuit":"Single","TLine_Name":" ","Length_Mile":6}},{"type":"Feature","geometry":{"type":"LineString","coordinates":[[-122.2102,38.1385],[-122.2108,38.1422]]},"properties":{"Name":"PG&E 230kV","kV":"230","kV_Sort":230,"Owner":"PG&E","Status":"Operational","Circuit":"Single","TLine_Name":" ","Length_Mile":0}},{"type":"Feature","geometry":{"type":"LineString","coordinates":[[-122.2102,38.1385],[-122.2108,38.1422]]},"properties":{"Name":"PG&E 230kV","kV":"230","kV_Sort":230,"Owner":"PG&E","Status":"Operational","Circuit":"Single","TLine_Name":" ","Length_Mile":0}},{"type":"Feature","geometry":{"type":"LineString","coordinates":[[-122.2102,38.1384],[-122.2102,38.1385]]},"properties":{"Name":"PG&E 230kV","kV":"230","kV_Sort":230,"Owner":"PG&E","Status":"Operational","Circuit":"Single","TLine_Name":" ","Length_Mile":0}},{"type":"Feature","geometry":{"type":"LineString","coordinates":[[-122.2102,38.1385],[-122.2102,38.1385]]},"properties":{"Name":"PG&E 230kV","kV":"230","kV_Sort":230,"Owner":"PG&E","Status":"Operational","Circuit":"Single","TLine_Name":" ","Length_Mile":0}},{"type":"Feature","geometry":{"type":"LineString","coordinates":[[-122.2102,38.1384],[-122.2102,38.1385]]},"properties":{"Name":"PG&E 230kV","kV":"230","kV_Sort":230,"Owner":"PG&E","Status":"Operational","Circuit":"Single","TLine_Name":" ","Length_Mile":0}},{"type":"Feature","geometry":{"type":"LineString","coordinates":[[-122.2102,38.1385],[-122.2094,38.1384]]},"properties":{"Name":"PG&E 230kV","kV":"230","kV_Sort":230,"Owner":"PG&E","Status":"Operational","Circuit":"Single","TLine_Name":" ","Length_Mile":0}},{"type":"Feature","geometry":{"type":"LineString","coordinates":[[-122.2102,38.1384],[-122.2102,38.1385]]},"properties":{"Name":"PG&E 230kV","kV":"230","kV_Sort":230,"Owner":"PG&E","Status":"Operational","Circuit":"Single","TLine_Name":" ","Length_Mile":0}},{"type":"Feature","geometry":{"type":"LineString","coordinates":[[-122.2102,38.1382],[-122.2102,38.1384]]},"properties":{"Name":"PG&E 230kV","kV":"230","kV_Sort":230,"Owner":"PG&E","Status":"Operational","Circuit":"Single","TLine_Name":" ","Length_Mile":0}},{"type":"Feature","geometry":{"type":"LineString","coordinates":[[-122.2102,38.1382],[-122.2102,38.1384]]},"properties":{"Name":"PG&E 230kV","kV":"230","kV_Sort":230,"Owner":"PG&E","Status":"Operational","Circuit":"Single","TLine_Name":" ","Length_Mile":0}},{"type":"Feature","geometry":{"type":"LineString","coordinates":[[-122.2102,38.1382],[-122.2093,38.1382]]},"properties":{"Name":"PG&E 230kV","kV":"230","kV_Sort":230,"Owner":"PG&E","Status":"Operational","Circuit":"Single","TLine_Name":" ","Length_Mile":0}},{"type":"Feature","geometry":{"type":"LineString","coordinates":[[-122.2065,38.1174],[-122.2102,38.1382]]},"properties":{"Name":"PG&E 230kV","kV":"230","kV_Sort":230,"Owner":"PG&E","Status":"Operational","Circuit":"Single","TLine_Name":" ","Length_Mile":1}},{"type":"Feature","geometry":{"type":"LineString","coordinates":[[-122.2065,38.1174],[-122.1515,38.0991],[-122.1372,38.0812]]},"properties":{"Name":"PG&E 230kV","kV":"230","kV_Sort":230,"Owner":"PG&E","Status":"Operational","Circuit":"Single","TLine_Name":" ","Length_Mile":5}},{"type":"Feature","geometry":{"type":"LineString","coordinates":[[-122.2337,38.0065],[-122.2343,38.0535],[-122.2059,38.0886],[-122.2065,38.1174]]},"properties":{"Name":"PG&E 230kV","kV":"230","kV_Sort":230,"Owner":"PG&E","Status":"Operational","Circuit":"Single","TLine_Name":" ","Length_Mile":8}},{"type":"Feature","geometry":{"type":"LineString","coordinates":[[-122.2338,38.0027],[-122.2337,38.0065]]},"properties":{"Name":"PG&E 230kV","kV":"230","kV_Sort":230,"Owner":"PG&E","Status":"Operational","Circuit":"Single","TLine_Name":" ","Length_Mile":0}},{"type":"Feature","geometry":{"type":"LineString","coordinates":[[-122.2338,38.0027],[-122.2337,38.0065]]},"properties":{"Name":"PG&E 230kV","kV":"230","kV_Sort":230,"Owner":"PG&E","Status":"Operational","Circuit":"Single","TLine_Name":" ","Length_Mile":0}},{"type":"Feature","geometry":{"type":"LineString","coordinates":[[-122.2094,37.9057],[-122.2205,37.9165],[-122.2037,37.935],[-122.2041,37.9635],[-122.2338,38.0027]]},"properties":{"Name":"PG&E 230kV","kV":"230","kV_Sort":230,"Owner":"PG&E","Status":"Operational","Circuit":"Single","TLine_Name":" ","Length_Mile":8}},{"type":"Feature","geometry":{"type":"LineString","coordinates":[[-122.2644,40.3982],[-122.2107,40.4653],[-122.1917,40.5158],[-122.0239,40.7238],[-121.938,40.7926],[-121.9373,40.808]]},"properties":{"Name":"PG&E 230kV","kV":"230","kV_Sort":230,"Owner":"PG&E","Status":"Operational","Circuit":"Double","TLine_Name":"Round Mt.-Cottonwood","Length_Mile":34}},{"type":"Feature","geometry":{"type":"LineString","coordinates":[[-122.164,40.5485],[-122.1611,40.552]]},"properties":{"Name":"PG&E 230kV","kV":"230","kV_Sort":230,"Owner":"PG&E","Status":"Operational","Circuit":"Single","TLine_Name":"Split Tap-Split Tap","Length_Mile":0}},{"type":"Feature","geometry":{"type":"LineString","coordinates":[[-122.209,40.47],[-122.2077,40.4741]]},"properties":{"Name":"PG&E 230kV","kV":"230","kV_Sort":230,"Owner":"PG&E","Status":"Operational","Circuit":"Single","TLine_Name":" ","Length_Mile":0}},{"type":"Feature","geometry":{"type":"LineString","coordinates":[[-122.7674,38.7868],[-122.7569,38.79]]},"properties":{"Name":"PG&E 230kV","kV":"230","kV_Sort":230,"Owner":"PG&E","Status":"Operational","Circuit":"Single","TLine_Name":" ","Length_Mile":1}},{"type":"Feature","geometry":{"type":"LineString","coordinates":[[-122.7217,38.7879],[-122.7179,38.7705],[-122.6923,38.7626]]},"properties":{"Name":"PG&E 230kV","kV":"230","kV_Sort":230,"Owner":"PG&E","Status":"Operational","Circuit":"Single","TLine_Name":" ","Length_Mile":3}},{"type":"Feature","geometry":{"type":"LineString","coordinates":[[-122.7243,38.7562],[-122.7122,38.7661]]},"properties":{"Name":"PG&E 230kV","kV":"230","kV_Sort":230,"Owner":"PG&E","Status":"Operational","Circuit":"Single","TLine_Name":" ","Length_Mile":1}},{"type":"Feature","geometry":{"type":"LineString","coordinates":[[-122.7116,38.7488],[-122.7194,38.7523]]},"properties":{"Name":"PG&E 230kV","kV":"230","kV_Sort":230,"Owner":"PG&E","Status":"Operational","Circuit":"Single","TLine_Name":" ","Length_Mile":1}},{"type":"Feature","geometry":{"type":"LineString","coordinates":[[-122.2629,40.3982],[-121.9392,40.7908],[-121.8219,40.824],[-121.7753,40.8284],[-121.7513,40.8588]]},"properties":{"Name":"PG&E 230kV","kV":"230","kV_Sort":230,"Owner":"PG&E","Status":"Operational","Circuit":"Single","TLine_Name":"Carberry-Cottonwood","Length_Mile":44}},{"type":"Feature","geometry":{"type":"LineString","coordinates":[[-121.7147,40.8775],[-121.715,40.8779]]},"properties":{"Name":"PG&E 230kV","kV":"230","kV_Sort":230,"Owner":"PG&E","Status":"Operational","Circuit":"Single","TLine_Name":"Burney Forest Power-Burney Forest Power Tap","Length_Mile":0}},{"type":"Feature","geometry":{"type":"LineString","coordinates":[[-122.2624,39.8014],[-122.2652,39.8014]]},"properties":{"Name":"PG&E 230kV","kV":"230","kV_Sort":230,"Owner":"PG&E","Status":"Operational","Circuit":"Single","TLine_Name":" ","Length_Mile":0}},{"type":"Feature","geometry":{"type":"LineString","coordinates":[[-122.2624,39.8014],[-122.2653,39.8012]]},"properties":{"Name":"PG&E 230kV","kV":"230","kV_Sort":230,"Owner":"PG&E","Status":"Operational","Circuit":"Single","TLine_Name":" ","Length_Mile":0}},{"type":"Feature","geometry":{"type":"LineString","coordinates":[[-122.2624,39.8014],[-122.2624,39.8014]]},"properties":{"Name":"PG&E 230kV","kV":"230","kV_Sort":230,"Owner":"PG&E","Status":"Operational","Circuit":"Single","TLine_Name":" ","Length_Mile":0}},{"type":"Feature","geometry":{"type":"LineString","coordinates":[[-121.1358,38.6579],[-121.1358,38.6581]]},"properties":{"Name":"PG&E 230kV","kV":"230","kV_Sort":230,"Owner":"PG&E","Status":"Operational","Circuit":"Single","TLine_Name":" ","Length_Mile":0}},{"type":"Feature","geometry":{"type":"LineString","coordinates":[[-121.7158,40.8769],[-121.7494,40.9858],[-121.7471,40.9975]]},"properties":{"Name":"PG&E 230kV","kV":"230","kV_Sort":230,"Owner":"PG&E","Status":"Operational","Circuit":"Single","TLine_Name":"Pit 3-Carberry Tap","Length_Mile":9}},{"type":"Feature","geometry":{"type":"LineString","coordinates":[[-121.716,40.8767],[-121.7496,40.9858],[-121.7474,40.9974]]},"properties":{"Name":"PG&E 230kV","kV":"230","kV_Sort":230,"Owner":"PG&E","Status":"Operational","Circuit":"Single","TLine_Name":"Pit 3-Carberry Tap","Length_Mile":9}},{"type":"Feature","geometry":{"type":"LineString","coordinates":[[-121.9766,40.9867],[-121.9304,40.9264],[-121.9374,40.8088]]},"properties":{"Name":"PG&E 230kV","kV":"230","kV_Sort":230,"Owner":"PG&E","Status":"Operational","Circuit":"Single","TLine_Name":"Pit 5-Round Mt.","Length_Mile":13}},{"type":"Feature","geometry":{"type":"MultiLineString","coordinates":[[[-121.9371,40.8086],[-121.9305,40.9244]],[[-121.9923,40.9223],[-121.9734,40.9294],[-121.9305,40.9244]],[[-121.9305,40.9244],[-121.9296,40.9243],[-121.9295,40.9248],[-121.9305,40.9244]]]},"properties":{"Name":"PG&E 230kV","kV":"230","kV_Sort":230,"Owner":"PG&E","Status":"Operational","Circuit":"Single","TLine_Name":"Pit 6-Round Mt.","Length_Mile":12}},{"type":"Feature","geometry":{"type":"LineString","coordinates":[[-121.9371,40.809],[-121.9302,40.9264],[-121.9766,40.9867]]},"properties":{"Name":"PG&E 230kV","kV":"230","kV_Sort":230,"Owner":"PG&E","Status":"Operational","Circuit":"Single","TLine_Name":"Pit 5-Round Mt.","Length_Mile":13}},{"type":"Feature","geometry":{"type":"MultiLineString","coordinates":[[[-121.9332,40.8246],[-121.935,40.8252]],[[-121.935,40.8252],[-121.9331,40.8248]],[[-121.991,40.8466],[-121.935,40.8252]]]},"properties":{"Name":"PG&E 230kV","kV":"230","kV_Sort":230,"Owner":"PG&E","Status":"Operational","Circuit":"Double","TLine_Name":"Pit 7-Round Mt. Tap","Length_Mile":4}},{"type":"Feature","geometry":{"type":"LineString","coordinates":[[-121.9752,40.9924],[-121.9768,40.9869]]},"properties":{"Name":"PG&E 230kV","kV":"230","kV_Sort":230,"Owner":"PG&E","Status":"Operational","Circuit":"Double","TLine_Name":" ","Length_Mile":1}},{"type":"Feature","geometry":{"type":"LineString","coordinates":[[-121.628,39.5474],[-121.6325,39.5142]]},"properties":{"Name":"PG&E 230kV","kV":"230","kV_Sort":230,"Owner":"PG&E","Status":"Operational","Circuit":"Double","TLine_Name":" ","Length_Mile":2}},{"type":"Feature","geometry":{"type":"LineString","coordinates":[[-121.6409,39.5522],[-121.6426,39.5534]]},"properties":{"Name":"PG&E 230kV","kV":"230","kV_Sort":230,"Owner":"PG&E","Status":"Operational","Circuit":"Single","TLine_Name":" ","Length_Mile":0}},{"type":"Feature","geometry":{"type":"LineString","coordinates":[[-121.422,39.8294],[-121.4098,39.8259]]},"properties":{"Name":"PG&E 230kV","kV":"230","kV_Sort":230,"Owner":"PG&E","Status":"Operational","Circuit":"Single","TLine_Name":" ","Length_Mile":1}},{"type":"Feature","geometry":{"type":"LineString","coordinates":[[-121.4968,40.9899],[-121.4978,40.9912]]},"properties":{"Name":"PG&E 230kV","kV":"230","kV_Sort":230,"Owner":"PG&E","Status":"Operational","Circuit":"Double","TLine_Name":"Pt 1 Ph-Pit 1","Length_Mile":0}},{"type":"Feature","geometry":{"type":"LineString","coordinates":[[-121.5491,40.9617],[-121.7524,40.859]]},"properties":{"Name":"PG&E 230kV","kV":"230","kV_Sort":230,"Owner":"PG&E","Status":"Operational","Circuit":"Single","TLine_Name":"Hat Creek2 Tap-Carberry","Length_Mile":13}},{"type":"Feature","geometry":{"type":"LineString","coordinates":[[-121.7035,40.883],[-121.7039,40.8835]]},"properties":{"Name":"PG&E 230kV","kV":"230","kV_Sort":230,"Owner":"PG&E","Status":"Operational","Circuit":"Single","TLine_Name":" ","Length_Mile":0}},{"type":"Feature","geometry":{"type":"LineString","coordinates":[[-121.9371,40.8075],[-121.9375,40.7918]]},"properties":{"Name":"PG&E 230kV","kV":"230","kV_Sort":230,"Owner":"PG&E","Status":"Operational","Circuit":"Double","TLine_Name":"Round Mt-Cedar Creek Tap","Length_Mile":1}},{"type":"Feature","geometry":{"type":"LineString","coordinates":[[-121.9366,40.8034],[-121.9377,40.7917]]},"properties":{"Name":"PG&E 230kV","kV":"230","kV_Sort":230,"Owner":"PG&E","Status":"Operational","Circuit":"Single","TLine_Name":" ","Length_Mile":1}},{"type":"Feature","geometry":{"type":"LineString","coordinates":[[-121.8976,38.0381],[-121.9091,38.0208],[-121.9093,37.9913],[-121.8913,37.9627]]},"properties":{"Name":"PG&E 230kV","kV":"230","kV_Sort":230,"Owner":"PG&E","Status":"Operational","Circuit":"Double","TLine_Name":" ","Length_Mile":6}},{"type":"Feature","geometry":{"type":"LineString","coordinates":[[-122.1171,37.6252],[-122.2426,37.5905],[-122.2786,37.5667],[-122.3178,37.5831]]},"properties":{"Name":"PG&E 230kV","kV":"230","kV_Sort":230,"Owner":"PG&E","Status":"Operational","Circuit":"Double","TLine_Name":" ","Length_Mile":12}},{"type":"Feature","geometry":{"type":"LineString","coordinates":[[-121.9359,37.7444],[-121.9381,37.7426]]},"properties":{"Name":"PG&E 230kV","kV":"230","kV_Sort":230,"Owner":"PG&E","Status":"Operational","Circuit":"Single","TLine_Name":" ","Length_Mile":0}},{"type":"Feature","geometry":{"type":"LineString","coordinates":[[-121.7427,37.226],[-121.7106,37.3016],[-121.7435,37.3585],[-121.8274,37.4577],[-121.8723,37.5608]]},"properties":{"Name":"PG&E 230kV","kV":"230","kV_Sort":230,"Owner":"PG&E","Status":"Operational","Circuit":"Double","TLine_Name":" ","Length_Mile":26}},{"type":"Feature","geometry":{"type":"LineString","coordinates":[[-121.9819,37.5029],[-121.9817,37.5031]]},"properties":{"Name":"PG&E 230kV","kV":"230","kV_Sort":230,"Owner":"PG&E","Status":"Operational","Circuit":"Single","TLine_Name":" ","Length_Mile":0}},{"type":"Feature","geometry":{"type":"LineString","coordinates":[[-121.9841,37.501],[-121.9147,37.5239],[-121.8763,37.5622]]},"properties":{"Name":"PG&E 230kV","kV":"230","kV_Sort":230,"Owner":"PG&E","Status":"Operational","Circuit":"Double","TLine_Name":" ","Length_Mile":8}},{"type":"Feature","geometry":{"type":"LineString","coordinates":[[-121.8723,37.5608],[-121.8741,37.5647]]},"properties":{"Name":"PG&E 230kV","kV":"230","kV_Sort":230,"Owner":"PG&E","Status":"Operational","Circuit":"Single","TLine_Name":" ","Length_Mile":0}},{"type":"Feature","geometry":{"type":"LineString","coordinates":[[-121.8763,37.5622],[-121.8723,37.5608]]},"properties":{"Name":"PG&E 230kV","kV":"230","kV_Sort":230,"Owner":"PG&E","Status":"Operational","Circuit":"Single","TLine_Name":" ","Length_Mile":0}},{"type":"Feature","geometry":{"type":"LineString","coordinates":[[-121.8179,37.6104],[-121.7321,37.6575]]},"properties":{"Name":"PG&E 230kV","kV":"230","kV_Sort":230,"Owner":"PG&E","Status":"Operational","Circuit":"Double","TLine_Name":" ","Length_Mile":6}},{"type":"Feature","geometry":{"type":"LineString","coordinates":[[-121.8179,37.6104],[-121.8217,37.608]]},"properties":{"Name":"PG&E 230kV","kV":"230","kV_Sort":230,"Owner":"PG&E","Status":"Operational","Circuit":"Double","TLine_Name":" ","Length_Mile":0}},{"type":"Feature","geometry":{"type":"LineString","coordinates":[[-121.8217,37.608],[-121.8179,37.6104]]},"properties":{"Name":"PG&E 230kV","kV":"230","kV_Sort":230,"Owner":"PG&E","Status":"Operational","Circuit":"Double","TLine_Name":" ","Length_Mile":0}},{"type":"Feature","geometry":{"type":"LineString","coordinates":[[-121.8765,37.5643],[-121.8558,37.5875],[-121.8217,37.608]]},"properties":{"Name":"PG&E 230kV","kV":"230","kV_Sort":230,"Owner":"PG&E","Status":"Operational","Circuit":"Double","TLine_Name":" ","Length_Mile":4}},{"type":"Feature","geometry":{"type":"LineString","coordinates":[[-121.8765,37.5643],[-121.8765,37.5643],[-121.8766,37.5641],[-121.8765,37.5643]]},"properties":{"Name":"PG&E 230kV","kV":"230","kV_Sort":230,"Owner":"PG&E","Status":"Operational","Circuit":"Double","TLine_Name":" ","Length_Mile":0}},{"type":"Feature","geometry":{"type":"LineString","coordinates":[[-121.8763,37.5622],[-121.8765,37.5643]]},"properties":{"Name":"PG&E 230kV","kV":"230","kV_Sort":230,"Owner":"PG&E","Status":"Operational","Circuit":"Double","TLine_Name":" ","Length_Mile":0}},{"type":"Feature","geometry":{"type":"LineString","coordinates":[[-121.9857,37.5015],[-121.986,37.5016]]},"properties":{"Name":"PG&E 230kV","kV":"230","kV_Sort":230,"Owner":"PG&E","Status":"Operational","Circuit":"Double","TLine_Name":" ","Length_Mile":0}},{"type":"Feature","geometry":{"type":"LineString","coordinates":[[-121.8193,37.6098],[-121.7329,37.6575],[-121.7332,37.7005]]},"properties":{"Name":"PG&E 230kV","kV":"230","kV_Sort":230,"Owner":"PG&E","Status":"Operational","Circuit":"Double","TLine_Name":" ","Length_Mile":9}},{"type":"Feature","geometry":{"type":"LineString","coordinates":[[-121.8193,37.6098],[-121.8243,37.6068]]},"properties":{"Name":"PG&E 230kV","kV":"230","kV_Sort":230,"Owner":"PG&E","Status":"Operational","Circuit":"Double","TLine_Name":" ","Length_Mile":0}},{"type":"Feature","geometry":{"type":"LineString","coordinates":[[-121.8243,37.6068],[-121.8193,37.6098]]},"properties":{"Name":"PG&E 230kV","kV":"230","kV_Sort":230,"Owner":"PG&E","Status":"Operational","Circuit":"Double","TLine_Name":" ","Length_Mile":0}},{"type":"Feature","geometry":{"type":"LineString","coordinates":[[-121.8951,37.5441],[-121.8559,37.5877],[-121.8243,37.6068]]},"properties":{"Name":"PG&E 230kV","kV":"230","kV_Sort":230,"Owner":"PG&E","Status":"Operational","Circuit":"Double","TLine_Name":" ","Length_Mile":6}},{"type":"Feature","geometry":{"type":"LineString","coordinates":[[-121.8951,37.5441],[-121.8969,37.5419]]},"properties":{"Name":"PG&E 230kV","kV":"230","kV_Sort":230,"Owner":"PG&E","Status":"Operational","Circuit":"Double","TLine_Name":" ","Length_Mile":0}},{"type":"Feature","geometry":{"type":"LineString","coordinates":[[-121.8969,37.5419],[-121.8951,37.5441]]},"properties":{"Name":"PG&E 230kV","kV":"230","kV_Sort":230,"Owner":"PG&E","Status":"Operational","Circuit":"Double","TLine_Name":" ","Length_Mile":0}},{"type":"Feature","geometry":{"type":"LineString","coordinates":[[-121.9851,37.5023],[-121.9159,37.5252],[-121.8969,37.5419]]},"properties":{"Name":"PG&E 230kV","kV":"230","kV_Sort":230,"Owner":"PG&E","Status":"Operational","Circuit":"Double","TLine_Name":" ","Length_Mile":6}},{"type":"Feature","geometry":{"type":"LineString","coordinates":[[-119.4524,35.407],[-119.8033,35.8311],[-119.9607,36.0007],[-120.0534,36.0613],[-120.1242,36.1416]]},"properties":{"Name":"PG&E 230kV","kV":"230","kV_Sort":230,"Owner":"PG&E","Status":"Operational","Circuit":"Double","TLine_Name":" ","Length_Mile":64}},{"type":"Feature","geometry":{"type":"LineString","coordinates":[[-119.8093,35.8342],[-119.8072,35.8353],[-119.8074,35.8355],[-119.8093,35.8342]]},"properties":{"Name":"PG&E 230kV","kV":"230","kV_Sort":230,"Owner":"PG&E","Status":"Operational","Circuit":"Double","TLine_Name":" ","Length_Mile":0}},{"type":"Feature","geometry":{"type":"LineString","coordinates":[[-119.9132,35.7755],[-119.8712,35.7927],[-119.8093,35.8342]]},"properties":{"Name":"PG&E 230kV","kV":"230","kV_Sort":230,"Owner":"PG&E","Status":"Operational","Circuit":"Double","TLine_Name":" ","Length_Mile":7}},{"type":"Feature","geometry":{"type":"LineString","coordinates":[[-120.124,36.1406],[-120.1238,36.1406]]},"properties":{"Name":"PG&E 230kV","kV":"230","kV_Sort":230,"Owner":"PG&E","Status":"Operational","Circuit":"Single","TLine_Name":" ","Length_Mile":0}},{"type":"Feature","geometry":{"type":"LineString","coordinates":[[-121.0169,37.0527],[-121.019,37.0543]]},"properties":{"Name":"PG&E 230kV","kV":"230","kV_Sort":230,"Owner":"PG&E","Status":"Operational","Circuit":"Double","TLine_Name":" ","Length_Mile":0}},{"type":"Feature","geometry":{"type":"LineString","coordinates":[[-121.0169,37.0527],[-121.0167,37.054]]},"properties":{"Name":"PG&E 230kV","kV":"230","kV_Sort":230,"Owner":"PG&E","Status":"Operational","Circuit":"Double","TLine_Name":" ","Length_Mile":0}},{"type":"Feature","geometry":{"type":"LineString","coordinates":[[-121.017,37.0521],[-121.0169,37.0527]]},"properties":{"Name":"PG&E 230kV","kV":"230","kV_Sort":230,"Owner":"PG&E","Status":"Operational","Circuit":"Double","TLine_Name":" ","Length_Mile":0}},{"type":"Feature","geometry":{"type":"LineString","coordinates":[[-121.0169,37.0527],[-121.017,37.0521]]},"properties":{"Name":"PG&E 230kV","kV":"230","kV_Sort":230,"Owner":"PG&E","Status":"Operational","Circuit":"Double","TLine_Name":" ","Length_Mile":0}},{"type":"Feature","geometry":{"type":"LineString","coordinates":[[-120.6909,36.7697],[-120.845,36.9299],[-121.0173,37.0458],[-121.017,37.0521]]},"properties":{"Name":"PG&E 230kV","kV":"230","kV_Sort":230,"Owner":"PG&E","Status":"Operational","Circuit":"Double","TLine_Name":" ","Length_Mile":27}},{"type":"Feature","geometry":{"type":"LineString","coordinates":[[-120.6864,36.7649],[-120.6909,36.7697],[-120.6886,36.7674],[-120.6864,36.7649]]},"properties":{"Name":"PG&E 230kV","kV":"230","kV_Sort":230,"Owner":"PG&E","Status":"Operational","Circuit":"Double","TLine_Name":" ","Length_Mile":1}},{"type":"Feature","geometry":{"type":"LineString","coordinates":[[-120.583,36.6532],[-120.6864,36.7649]]},"properties":{"Name":"PG&E 230kV","kV":"230","kV_Sort":230,"Owner":"PG&E","Status":"Operational","Circuit":"Double","TLine_Name":" ","Length_Mile":10}},{"type":"Feature","geometry":{"type":"LineString","coordinates":[[-120.5832,36.6536],[-120.5831,36.6533]]},"properties":{"Name":"PG&E 230kV","kV":"230","kV_Sort":230,"Owner":"PG&E","Status":"Operational","Circuit":"Double","TLine_Name":" ","Length_Mile":0}},{"type":"Feature","geometry":{"type":"LineString","coordinates":[[-120.693,36.7724],[-120.8448,36.9301],[-121.0169,37.0458],[-121.0188,37.0538]]},"properties":{"Name":"PG&E 230kV","kV":"230","kV_Sort":230,"Owner":"PG&E","Status":"Operational","Circuit":"Double","TLine_Name":" ","Length_Mile":27}},{"type":"Feature","geometry":{"type":"LineString","coordinates":[[-120.693,36.7724],[-120.6884,36.7675]]},"properties":{"Name":"PG&E 230kV","kV":"230","kV_Sort":230,"Owner":"PG&E","Status":"Operational","Circuit":"Double","TLine_Name":" ","Length_Mile":0}},{"type":"Feature","geometry":{"type":"LineString","coordinates":[[-120.6884,36.7675],[-120.693,36.7724]]},"properties":{"Name":"PG&E 230kV","kV":"230","kV_Sort":230,"Owner":"PG&E","Status":"Operational","Circuit":"Double","TLine_Name":" ","Length_Mile":0}},{"type":"Feature","geometry":{"type":"LineString","coordinates":[[-120.5843,36.654],[-120.6884,36.7675]]},"properties":{"Name":"PG&E 230kV","kV":"230","kV_Sort":230,"Owner":"PG&E","Status":"Operational","Circuit":"Double","TLine_Name":" ","Length_Mile":10}},{"type":"Feature","geometry":{"type":"LineString","coordinates":[[-121.4678,37.6568],[-121.5625,37.714]]},"properties":{"Name":"PG&E 230kV","kV":"230","kV_Sort":230,"Owner":"PG&E","Status":"Operational","Circuit":"Double","TLine_Name":" ","Length_Mile":7}},{"type":"Feature","geometry":{"type":"LineString","coordinates":[[-121.4631,37.654],[-121.4678,37.6568]]},"properties":{"Name":"PG&E 230kV","kV":"230","kV_Sort":230,"Owner":"PG&E","Status":"Operational","Circuit":"Double","TLine_Name":" ","Length_Mile":0}},{"type":"Feature","geometry":{"type":"LineString","coordinates":[[-121.4631,37.654],[-121.4678,37.6568]]},"properties":{"Name":"PG&E 230kV","kV":"230","kV_Sort":230,"Owner":"PG&E","Status":"Operational","Circuit":"Double","TLine_Name":" ","Length_Mile":0}},{"type":"Feature","geometry":{"type":"LineString","coordinates":[[-121.3951,37.613],[-121.4631,37.654]]},"properties":{"Name":"PG&E 230kV","kV":"230","kV_Sort":230,"Owner":"PG&E","Status":"Operational","Circuit":"Double","TLine_Name":" ","Length_Mile":5}},{"type":"Feature","geometry":{"type":"LineString","coordinates":[[-121.39,37.6102],[-121.3951,37.613]]},"properties":{"Name":"PG&E 230kV","kV":"230","kV_Sort":230,"Owner":"PG&E","Status":"Operational","Circuit":"Double","TLine_Name":" ","Length_Mile":0}},{"type":"Feature","geometry":{"type":"LineString","coordinates":[[-121.39,37.6102],[-121.3951,37.613]]},"properties":{"Name":"PG&E 230kV","kV":"230","kV_Sort":230,"Owner":"PG&E","Status":"Operational","Circuit":"Double","TLine_Name":" ","Length_Mile":0}},{"type":"Feature","geometry":{"type":"LineString","coordinates":[[-121.2278,37.5003],[-121.2993,37.5584],[-121.39,37.6102]]},"properties":{"Name":"PG&E 230kV","kV":"230","kV_Sort":230,"Owner":"PG&E","Status":"Operational","Circuit":"Double","TLine_Name":" ","Length_Mile":12}},{"type":"Feature","geometry":{"type":"LineString","coordinates":[[-121.2228,37.4961],[-121.2278,37.5003]]},"properties":{"Name":"PG&E 230kV","kV":"230","kV_Sort":230,"Owner":"PG&E","Status":"Operational","Circuit":"Double","TLine_Name":" ","Length_Mile":0}},{"type":"Feature","geometry":{"type":"LineString","coordinates":[[-121.2228,37.4961],[-121.2278,37.5003]]},"properties":{"Name":"PG&E 230kV","kV":"230","kV_Sort":230,"Owner":"PG&E","Status":"Operational","Circuit":"Double","TLine_Name":" ","Length_Mile":0}},{"type":"Feature","geometry":{"type":"LineString","coordinates":[[-121.184,37.4295],[-121.2228,37.4961]]},"properties":{"Name":"PG&E 230kV","kV":"230","kV_Sort":230,"Owner":"PG&E","Status":"Operational","Circuit":"Double","TLine_Name":" ","Length_Mile":5}},{"type":"Feature","geometry":{"type":"LineString","coordinates":[[-121.1809,37.4233],[-121.184,37.4295]]},"properties":{"Name":"PG&E 230kV","kV":"230","kV_Sort":230,"Owner":"PG&E","Status":"Operational","Circuit":"Double","TLine_Name":" ","Length_Mile":0}},{"type":"Feature","geometry":{"type":"LineString","coordinates":[[-121.1809,37.4233],[-121.184,37.4295]]},"properties":{"Name":"PG&E 230kV","kV":"230","kV_Sort":230,"Owner":"PG&E","Status":"Operational","Circuit":"Double","TLine_Name":" ","Length_Mile":0}},{"type":"Feature","geometry":{"type":"LineString","coordinates":[[-121.0918,37.1719],[-121.1809,37.4233]]},"properties":{"Name":"PG&E 230kV","kV":"230","kV_Sort":230,"Owner":"PG&E","Status":"Operational","Circuit":"Double","TLine_Name":" ","Length_Mile":18}},{"type":"Feature","geometry":{"type":"LineString","coordinates":[[-121.0902,37.1669],[-121.0918,37.1719]]},"properties":{"Name":"PG&E 230kV","kV":"230","kV_Sort":230,"Owner":"PG&E","Status":"Operational","Circuit":"Double","TLine_Name":" ","Length_Mile":0}},{"type":"Feature","geometry":{"type":"LineString","coordinates":[[-121.0902,37.1669],[-121.0918,37.1719]]},"properties":{"Name":"PG&E 230kV","kV":"230","kV_Sort":230,"Owner":"PG&E","Status":"Operational","Circuit":"Double","TLine_Name":" ","Length_Mile":0}},{"type":"Feature","geometry":{"type":"LineString","coordinates":[[-121.0189,37.054],[-121.0167,37.0758],[-121.0425,37.0922],[-121.0469,37.1068],[-121.0667,37.1142],[-121.0902,37.1669]]},"properties":{"Name":"PG&E 230kV","kV":"230","kV_Sort":230,"Owner":"PG&E","Status":"Operational","Circuit":"Double","TLine_Name":" ","Length_Mile":10}},{"type":"Feature","geometry":{"type":"LineString","coordinates":[[-120.5911,35.1713],[-120.6922,35.2403],[-120.7503,35.313],[-120.8217,35.3645],[-120.8547,35.3733]]},"properties":{"Name":"PG&E 230kV","kV":"230","kV_Sort":230,"Owner":"PG&E","Status":"Operational","Circuit":"Double","TLine_Name":" ","Length_Mile":21}},{"type":"Feature","geometry":{"type":"LineString","coordinates":[[-120.5911,35.1713],[-120.589,35.1686]]},"properties":{"Name":"PG&E 230kV","kV":"230","kV_Sort":230,"Owner":"PG&E","Status":"Operational","Circuit":"Double","TLine_Name":" ","Length_Mile":0}},{"type":"Feature","geometry":{"type":"LineString","coordinates":[[-120.589,35.1686],[-120.5911,35.1713]]},"properties":{"Name":"PG&E 230kV","kV":"230","kV_Sort":230,"Owner":"PG&E","Status":"Operational","Circuit":"Double","TLine_Name":" ","Length_Mile":0}},{"type":"Feature","geometry":{"type":"LineString","coordinates":[[-120.4539,35.0088],[-120.4487,35.0222],[-120.497,35.0915],[-120.589,35.1686]]},"properties":{"Name":"PG&E 230kV","kV":"230","kV_Sort":230,"Owner":"PG&E","Status":"Operational","Circuit":"Double","TLine_Name":" ","Length_Mile":14}},{"type":"Feature","geometry":{"type":"LineString","coordinates":[[-119.4524,35.407],[-119.451,35.4057]]},"properties":{"Name":"PG&E 230kV","kV":"230","kV_Sort":230,"Owner":"PG&E","Status":"Operational","Circuit":"Single","TLine_Name":" ","Length_Mile":0}},{"type":"Feature","geometry":{"type":"LineString","coordinates":[[-119.4524,35.407],[-119.4511,35.404]]},"properties":{"Name":"PG&E 230kV","kV":"230","kV_Sort":230,"Owner":"PG&E","Status":"Operational","Circuit":"Single","TLine_Name":" ","Length_Mile":0}},{"type":"Feature","geometry":{"type":"LineString","coordinates":[[-119.0995,35.3811],[-119.0973,35.3808]]},"properties":{"Name":"PG&E 230kV","kV":"230","kV_Sort":230,"Owner":"PG&E","Status":"Operational","Circuit":"Single","TLine_Name":" ","Length_Mile":0}},{"type":"Feature","geometry":{"type":"LineString","coordinates":[[-119.0684,35.3167],[-119.0678,35.3168]]},"properties":{"Name":"PG&E 230kV","kV":"230","kV_Sort":230,"Owner":"PG&E","Status":"Operational","Circuit":"Single","TLine_Name":" ","Length_Mile":0}},{"type":"Feature","geometry":{"type":"LineString","coordinates":[[-119.0995,35.3811],[-119.0967,35.3178],[-119.0686,35.3177]]},"properties":{"Name":"PG&E 230kV","kV":"230","kV_Sort":230,"Owner":"PG&E","Status":"Operational","Circuit":"Double","TLine_Name":" ","Length_Mile":6}},{"type":"Feature","geometry":{"type":"LineString","coordinates":[[-121.6409,39.5522],[-121.5361,39.5459]]},"properties":{"Name":"PG&E 230kV","kV":"230","kV_Sort":230,"Owner":"PG&E","Status":"Operational","Circuit":"Double","TLine_Name":" ","Length_Mile":6}},{"type":"Feature","geometry":{"type":"LineString","coordinates":[[-121.4857,39.5332],[-121.5038,39.5464],[-121.5878,39.5486]]},"properties":{"Name":"PG&E 230kV","kV":"230","kV_Sort":230,"Owner":"PG&E","Status":"Operational","Circuit":"Double","TLine_Name":" ","Length_Mile":6}},{"type":"Feature","geometry":{"type":"LineString","coordinates":[[-121.5862,39.5472],[-121.6315,39.5476],[-121.6427,39.5569]]},"properties":{"Name":"PG&E 230kV","kV":"230","kV_Sort":230,"Owner":"PG&E","Status":"Operational","Circuit":"Double","TLine_Name":" ","Length_Mile":3}},{"type":"Feature","geometry":{"type":"LineString","coordinates":[[-121.3685,38.238],[-121.3549,38.3058],[-121.3503,38.508]]},"properties":{"Name":"PG&E 230kV","kV":"230","kV_Sort":230,"Owner":"PG&E","Status":"Operational","Circuit":"Double","TLine_Name":" ","Length_Mile":19}},{"type":"Feature","geometry":{"type":"LineString","coordinates":[[-121.3685,38.238],[-121.3704,38.2313]]},"properties":{"Name":"PG&E 230kV","kV":"230","kV_Sort":230,"Owner":"PG&E","Status":"Operational","Circuit":"Double","TLine_Name":" ","Length_Mile":0}},{"type":"Feature","geometry":{"type":"LineString","coordinates":[[-121.3704,38.2313],[-121.3685,38.238]]},"properties":{"Name":"PG&E 230kV","kV":"230","kV_Sort":230,"Owner":"PG&E","Status":"Operational","Circuit":"Double","TLine_Name":" ","Length_Mile":0}},{"type":"Feature","geometry":{"type":"LineString","coordinates":[[-121.3879,38.1677],[-121.3704,38.2313]]},"properties":{"Name":"PG&E 230kV","kV":"230","kV_Sort":230,"Owner":"PG&E","Status":"Operational","Circuit":"Double","TLine_Name":" ","Length_Mile":4}},{"type":"Feature","geometry":{"type":"LineString","coordinates":[[-121.3879,38.1677],[-121.3899,38.1602]]},"properties":{"Name":"PG&E 230kV","kV":"230","kV_Sort":230,"Owner":"PG&E","Status":"Operational","Circuit":"Double","TLine_Name":" ","Length_Mile":1}},{"type":"Feature","geometry":{"type":"LineString","coordinates":[[-121.3899,38.1602],[-121.3879,38.1677]]},"properties":{"Name":"PG&E 230kV","kV":"230","kV_Sort":230,"Owner":"PG&E","Status":"Operational","Circuit":"Double","TLine_Name":" ","Length_Mile":1}},{"type":"Feature","geometry":{"type":"LineString","coordinates":[[-121.5637,37.7145],[-121.5321,37.768],[-121.3867,37.9476],[-121.3776,38.068],[-121.4013,38.1164],[-121.3899,38.1602]]},"properties":{"Name":"PG&E 230kV","kV":"230","kV_Sort":230,"Owner":"PG&E","Status":"Operational","Circuit":"Double","TLine_Name":" ","Length_Mile":34}},{"type":"Feature","geometry":{"type":"LineString","coordinates":[[-121.3808,37.9869],[-121.3502,37.9863],[-121.3503,37.9917]]},"properties":{"Name":"PG&E 230kV","kV":"230","kV_Sort":230,"Owner":"PG&E","Status":"Operational","Circuit":"Double","TLine_Name":" ","Length_Mile":2}},{"type":"Feature","geometry":{"type":"LineString","coordinates":[[-121.3494,37.9915],[-121.3494,37.9918]]},"properties":{"Name":"PG&E 230kV","kV":"230","kV_Sort":230,"Owner":"PG&E","Status":"Operational","Circuit":"Double","TLine_Name":" ","Length_Mile":0}},{"type":"Feature","geometry":{"type":"LineString","coordinates":[[-121.3771,38.0591],[-121.3777,38.0594]]},"properties":{"Name":"PG&E 230kV","kV":"230","kV_Sort":230,"Owner":"PG&E","Status":"Operational","Circuit":"Double","TLine_Name":" ","Length_Mile":0}},{"type":"Feature","geometry":{"type":"LineString","coordinates":[[-121.3777,38.0594],[-121.3777,38.0597]]},"properties":{"Name":"PG&E 230kV","kV":"230","kV_Sort":230,"Owner":"PG&E","Status":"Operational","Circuit":"Double","TLine_Name":" ","Length_Mile":0}},{"type":"Feature","geometry":{"type":"LineString","coordinates":[[-121.3777,38.0595],[-121.3769,38.0591]]},"properties":{"Name":"PG&E 230kV","kV":"230","kV_Sort":230,"Owner":"PG&E","Status":"Operational","Circuit":"Double","TLine_Name":" ","Length_Mile":0}},{"type":"Feature","geometry":{"type":"LineString","coordinates":[[-121.3777,38.0595],[-121.3767,38.059]]},"properties":{"Name":"PG&E 230kV","kV":"230","kV_Sort":230,"Owner":"PG&E","Status":"Operational","Circuit":"Double","TLine_Name":" ","Length_Mile":0}},{"type":"Feature","geometry":{"type":"LineString","coordinates":[[-121.3777,38.0597],[-121.3765,38.059]]},"properties":{"Name":"PG&E 230kV","kV":"230","kV_Sort":230,"Owner":"PG&E","Status":"Operational","Circuit":"Double","TLine_Name":" ","Length_Mile":0}},{"type":"Feature","geometry":{"type":"LineString","coordinates":[[-121.136,38.6571],[-121.1353,38.6554]]},"properties":{"Name":"PG&E 230kV","kV":"230","kV_Sort":230,"Owner":"PG&E","Status":"Operational","Circuit":"Single","TLine_Name":" ","Length_Mile":0}},{"type":"Feature","geometry":{"type":"LineString","coordinates":[[-122.579,38.2511],[-122.5815,38.2528]]},"properties":{"Name":"PG&E 230kV","kV":"230","kV_Sort":230,"Owner":"PG&E","Status":"Operational","Circuit":"Single","TLine_Name":" ","Length_Mile":0}},{"type":"Feature","geometry":{"type":"LineString","coordinates":[[-122.58,38.2516],[-122.5802,38.2514]]},"properties":{"Name":"PG&E 230kV","kV":"230","kV_Sort":230,"Owner":"PG&E","Status":"Operational","Circuit":"Double","TLine_Name":" ","Length_Mile":0}},{"type":"Feature","geometry":{"type":"LineString","coordinates":[[-122.579,38.2511],[-122.5815,38.2528]]},"properties":{"Name":"PG&E 230kV","kV":"230","kV_Sort":230,"Owner":"PG&E","Status":"Operational","Circuit":"Single","TLine_Name":" ","Length_Mile":0}},{"type":"Feature","geometry":{"type":"LineString","coordinates":[[-122.5799,38.2517],[-122.58,38.2516]]},"properties":{"Name":"PG&E 230kV","kV":"230","kV_Sort":230,"Owner":"PG&E","Status":"Operational","Circuit":"Double","TLine_Name":" ","Length_Mile":0}},{"type":"Feature","geometry":{"type":"LineString","coordinates":[[-122.5811,38.2522],[-122.5812,38.252]]},"properties":{"Name":"PG&E 230kV","kV":"230","kV_Sort":230,"Owner":"PG&E","Status":"Operational","Circuit":"Double","TLine_Name":" ","Length_Mile":0}},{"type":"Feature","geometry":{"type":"LineString","coordinates":[[-122.581,38.2523],[-122.5811,38.2522]]},"properties":{"Name":"PG&E 230kV","kV":"230","kV_Sort":230,"Owner":"PG&E","Status":"Operational","Circuit":"Double","TLine_Name":" ","Length_Mile":0}},{"type":"Feature","geometry":{"type":"LineString","coordinates":[[-122.5815,38.2528],[-122.5793,38.2637],[-122.5948,38.2873],[-122.5921,38.4]]},"properties":{"Name":"PG&E 230kV","kV":"230","kV_Sort":230,"Owner":"PG&E","Status":"Operational","Circuit":"Double","TLine_Name":" ","Length_Mile":10}},{"type":"Feature","geometry":{"type":"LineString","coordinates":[[-122.5921,38.4],[-122.5943,38.2874],[-122.5788,38.2639],[-122.581,38.2523]]},"properties":{"Name":"PG&E 230kV","kV":"230","kV_Sort":230,"Owner":"PG&E","Status":"Operational","Circuit":"Double","TLine_Name":" ","Length_Mile":10}},{"type":"Feature","geometry":{"type":"LineString","coordinates":[[-122.5956,38.4259],[-122.589,38.4175],[-122.5921,38.4]]},"properties":{"Name":"PG&E 230kV","kV":"230","kV_Sort":230,"Owner":"PG&E","Status":"Operational","Circuit":"Double","TLine_Name":" ","Length_Mile":2}},{"type":"Feature","geometry":{"type":"LineString","coordinates":[[-122.5956,38.4259],[-122.582,38.4463],[-122.6077,38.4975],[-122.7571,38.499]]},"properties":{"Name":"PG&E 230kV","kV":"230","kV_Sort":230,"Owner":"PG&E","Status":"Operational","Circuit":"Double","TLine_Name":" ","Length_Mile":14}},{"type":"Feature","geometry":{"type":"LineString","coordinates":[[-122.594,38.428],[-122.5956,38.4259]]},"properties":{"Name":"PG&E 230kV","kV":"230","kV_Sort":230,"Owner":"PG&E","Status":"Operational","Circuit":"Double","TLine_Name":" ","Length_Mile":0}},{"type":"Feature","geometry":{"type":"LineString","coordinates":[[-122.5933,38.4288],[-122.5934,38.4289]]},"properties":{"Name":"PG&E 230kV","kV":"230","kV_Sort":230,"Owner":"PG&E","Status":"Operational","Circuit":"Double","TLine_Name":" ","Length_Mile":0}},{"type":"Feature","geometry":{"type":"LineString","coordinates":[[-122.7613,38.4986],[-122.7611,38.4986]]},"properties":{"Name":"PG&E 230kV","kV":"230","kV_Sort":230,"Owner":"PG&E","Status":"Operational","Circuit":"Single","TLine_Name":" ","Length_Mile":1}},{"type":"Feature","geometry":{"type":"LineString","coordinates":[[-122.5803,38.2515],[-122.5797,38.252]]},"properties":{"Name":"PG&E 230kV","kV":"230","kV_Sort":230,"Owner":"PG&E","Status":"Operational","Circuit":"Single","TLine_Name":" ","Length_Mile":0}},{"type":"Feature","geometry":{"type":"LineString","coordinates":[[-122.5797,38.252],[-122.5808,38.2517]]},"properties":{"Name":"PG&E 230kV","kV":"230","kV_Sort":230,"Owner":"PG&E","Status":"Operational","Circuit":"Double","TLine_Name":" ","Length_Mile":0}},{"type":"Feature","geometry":{"type":"LineString","coordinates":[[-121.7629,38.0117],[-121.762,38.0152]]},"properties":{"Name":"PG&E 230kV","kV":"230","kV_Sort":230,"Owner":"PG&E","Status":"Operational","Circuit":"Single","TLine_Name":" ","Length_Mile":0}},{"type":"Feature","geometry":{"type":"LineString","coordinates":[[-121.5677,37.713],[-121.5674,37.7109]]},"properties":{"Name":"PG&E 230kV","kV":"230","kV_Sort":230,"Owner":"PG&E","Status":"Operational","Circuit":"Single","TLine_Name":" ","Length_Mile":0}},{"type":"Feature","geometry":{"type":"LineString","coordinates":[[-121.5677,37.713],[-121.5674,37.7112]]},"properties":{"Name":"PG&E 230kV","kV":"230","kV_Sort":230,"Owner":"PG&E","Status":"Operational","Circuit":"Single","TLine_Name":" ","Length_Mile":0}},{"type":"Feature","geometry":{"type":"LineString","coordinates":[[-121.5677,37.713],[-121.5673,37.7117]]},"properties":{"Name":"PG&E 230kV","kV":"230","kV_Sort":230,"Owner":"PG&E","Status":"Operational","Circuit":"Single","TLine_Name":" ","Length_Mile":0}},{"type":"Feature","geometry":{"type":"LineString","coordinates":[[-121.8748,37.9557],[-121.9083,37.9832],[-121.9088,38.0208],[-121.897,38.0377]]},"properties":{"Name":"PG&E 230kV","kV":"230","kV_Sort":230,"Owner":"PG&E","Status":"Operational","Circuit":"Double","TLine_Name":" ","Length_Mile":7}},{"type":"Feature","geometry":{"type":"LineString","coordinates":[[-121.8748,37.9557],[-121.8709,37.9533]]},"properties":{"Name":"PG&E 230kV","kV":"230","kV_Sort":230,"Owner":"PG&E","Status":"Operational","Circuit":"Double","TLine_Name":" ","Length_Mile":0}},{"type":"Feature","geometry":{"type":"LineString","coordinates":[[-121.8709,37.9533],[-121.8748,37.9557]]},"properties":{"Name":"PG&E 230kV","kV":"230","kV_Sort":230,"Owner":"PG&E","Status":"Operational","Circuit":"Double","TLine_Name":" ","Length_Mile":0}},{"type":"Feature","geometry":{"type":"LineString","coordinates":[[-121.797,37.9177],[-121.8709,37.9533]]},"properties":{"Name":"PG&E 230kV","kV":"230","kV_Sort":230,"Owner":"PG&E","Status":"Operational","Circuit":"Double","TLine_Name":" ","Length_Mile":5}},{"type":"Feature","geometry":{"type":"LineString","coordinates":[[-121.797,37.9177],[-121.7904,37.9152]]},"properties":{"Name":"PG&E 230kV","kV":"230","kV_Sort":230,"Owner":"PG&E","Status":"Operational","Circuit":"Double","TLine_Name":" ","Length_Mile":0}},{"type":"Feature","geometry":{"type":"LineString","coordinates":[[-121.7904,37.9152],[-121.797,37.9177]]},"properties":{"Name":"PG&E 230kV","kV":"230","kV_Sort":230,"Owner":"PG&E","Status":"Operational","Circuit":"Double","TLine_Name":" ","Length_Mile":0}},{"type":"Feature","geometry":{"type":"LineString","coordinates":[[-121.7441,37.8984],[-121.7904,37.9152]]},"properties":{"Name":"PG&E 230kV","kV":"230","kV_Sort":230,"Owner":"PG&E","Status":"Operational","Circuit":"Double","TLine_Name":" ","Length_Mile":3}},{"type":"Feature","geometry":{"type":"LineString","coordinates":[[-121.7441,37.8984],[-121.739,37.8963]]},"properties":{"Name":"PG&E 230kV","kV":"230","kV_Sort":230,"Owner":"PG&E","Status":"Operational","Circuit":"Double","TLine_Name":" ","Length_Mile":0}},{"type":"Feature","geometry":{"type":"LineString","coordinates":[[-121.739,37.8963],[-121.7441,37.8984]]},"properties":{"Name":"PG&E 230kV","kV":"230","kV_Sort":230,"Owner":"PG&E","Status":"Operational","Circuit":"Double","TLine_Name":" ","Length_Mile":0}},{"type":"Feature","geometry":{"type":"LineString","coordinates":[[-121.6611,37.8221],[-121.7111,37.8826],[-121.739,37.8963]]},"properties":{"Name":"PG&E 230kV","kV":"230","kV_Sort":230,"Owner":"PG&E","Status":"Operational","Circuit":"Double","TLine_Name":" ","Length_Mile":7}},{"type":"Feature","geometry":{"type":"LineString","coordinates":[[-121.6611,37.8221],[-121.6572,37.8174]]},"properties":{"Name":"PG&E 230kV","kV":"230","kV_Sort":230,"Owner":"PG&E","Status":"Operational","Circuit":"Double","TLine_Name":" ","Length_Mile":0}},{"type":"Feature","geometry":{"type":"LineString","coordinates":[[-121.6572,37.8174],[-121.6611,37.8221]]},"properties":{"Name":"PG&E 230kV","kV":"230","kV_Sort":230,"Owner":"PG&E","Status":"Operational","Circuit":"Double","TLine_Name":" ","Length_Mile":0}},{"type":"Feature","geometry":{"type":"LineString","coordinates":[[-121.5677,37.713],[-121.6572,37.8174]]},"properties":{"Name":"PG&E 230kV","kV":"230","kV_Sort":230,"Owner":"PG&E","Status":"Operational","Circuit":"Double","TLine_Name":" ","Length_Mile":9}},{"type":"Feature","geometry":{"type":"LineString","coordinates":[[-121.9381,37.7426],[-121.9402,37.7437]]},"properties":{"Name":"PG&E 230kV","kV":"230","kV_Sort":230,"Owner":"PG&E","Status":"Operational","Circuit":"Single","TLine_Name":" ","Length_Mile":0}},{"type":"Feature","geometry":{"type":"LineString","coordinates":[[-121.937,37.7428],[-121.9402,37.7437]]},"properties":{"Name":"PG&E 230kV","kV":"230","kV_Sort":230,"Owner":"PG&E","Status":"Operational","Circuit":"Double","TLine_Name":" ","Length_Mile":0}},{"type":"Feature","geometry":{"type":"LineString","coordinates":[[-121.9402,37.7437],[-121.9676,37.7824]]},"properties":{"Name":"PG&E 230kV","kV":"230","kV_Sort":230,"Owner":"PG&E","Status":"Operational","Circuit":"Double","TLine_Name":" ","Length_Mile":3}},{"type":"Feature","geometry":{"type":"LineString","coordinates":[[-121.9844,37.5011],[-121.9148,37.5241],[-121.8748,37.5659]]},"properties":{"Name":"PG&E 230kV","kV":"230","kV_Sort":230,"Owner":"PG&E","Status":"Operational","Circuit":"Double","TLine_Name":" ","Length_Mile":8}},{"type":"Feature","geometry":{"type":"LineString","coordinates":[[-121.8748,37.5659],[-121.8774,37.5668],[-121.875,37.5663],[-121.8748,37.5659]]},"properties":{"Name":"PG&E 230kV","kV":"230","kV_Sort":230,"Owner":"PG&E","Status":"Operational","Circuit":"Single","TLine_Name":" ","Length_Mile":0}},{"type":"Feature","geometry":{"type":"LineString","coordinates":[[-121.8774,37.5668],[-121.96,37.6149],[-122.036,37.6797]]},"properties":{"Name":"PG&E 230kV","kV":"230","kV_Sort":230,"Owner":"PG&E","Status":"Operational","Circuit":"Double","TLine_Name":" ","Length_Mile":12}},{"type":"Feature","geometry":{"type":"LineString","coordinates":[[-122.0437,37.6756],[-122.1167,37.6255]]},"properties":{"Name":"PG&E 230kV","kV":"230","kV_Sort":230,"Owner":"PG&E","Status":"Operational","Circuit":"Double","TLine_Name":" ","Length_Mile":6}},{"type":"Feature","geometry":{"type":"LineString","coordinates":[[-122.0437,37.6756],[-122.0405,37.6796]]},"properties":{"Name":"PG&E 230kV","kV":"230","kV_Sort":230,"Owner":"PG&E","Status":"Operational","Circuit":"Double","TLine_Name":" ","Length_Mile":0}},{"type":"Feature","geometry":{"type":"LineString","coordinates":[[-122.0405,37.6796],[-122.0426,37.6931]]},"properties":{"Name":"PG&E 230kV","kV":"230","kV_Sort":230,"Owner":"PG&E","Status":"Operational","Circuit":"Double","TLine_Name":" ","Length_Mile":1}},{"type":"Feature","geometry":{"type":"LineString","coordinates":[[-122.036,37.6797],[-122.0363,37.6804],[-122.0366,37.6803],[-122.036,37.6797]]},"properties":{"Name":"PG&E 230kV","kV":"230","kV_Sort":230,"Owner":"PG&E","Status":"Operational","Circuit":"Single","TLine_Name":" ","Length_Mile":0}},{"type":"Feature","geometry":{"type":"LineString","coordinates":[[-122.0601,37.6919],[-122.0611,37.6915]]},"properties":{"Name":"PG&E 230kV","kV":"230","kV_Sort":230,"Owner":"PG&E","Status":"Operational","Circuit":"Double","TLine_Name":" ","Length_Mile":0}},{"type":"Feature","geometry":{"type":"LineString","coordinates":[[-122.0601,37.6919],[-122.0609,37.6913]]},"properties":{"Name":"PG&E 230kV","kV":"230","kV_Sort":230,"Owner":"PG&E","Status":"Operational","Circuit":"Double","TLine_Name":" ","Length_Mile":0}},{"type":"Feature","geometry":{"type":"LineString","coordinates":[[-122.0427,37.6933],[-122.0427,37.6934]]},"properties":{"Name":"PG&E 230kV","kV":"230","kV_Sort":230,"Owner":"PG&E","Status":"Operational","Circuit":"Double","TLine_Name":" ","Length_Mile":0}},{"type":"Feature","geometry":{"type":"LineString","coordinates":[[-122.0427,37.6934],[-122.0426,37.6931]]},"properties":{"Name":"PG&E 230kV","kV":"230","kV_Sort":230,"Owner":"PG&E","Status":"Operational","Circuit":"Double","TLine_Name":" ","Length_Mile":0}},{"type":"Feature","geometry":{"type":"LineString","coordinates":[[-122.0427,37.6933],[-122.0427,37.6934]]},"properties":{"Name":"PG&E 230kV","kV":"230","kV_Sort":230,"Owner":"PG&E","Status":"Operational","Circuit":"Double","TLine_Name":" ","Length_Mile":0}},{"type":"Feature","geometry":{"type":"LineString","coordinates":[[-122.0426,37.6931],[-122.0427,37.6933]]},"properties":{"Name":"PG&E 230kV","kV":"230","kV_Sort":230,"Owner":"PG&E","Status":"Operational","Circuit":"Double","TLine_Name":" ","Length_Mile":0}},{"type":"Feature","geometry":{"type":"LineString","coordinates":[[-122.0426,37.6931],[-122.0427,37.6933]]},"properties":{"Name":"PG&E 230kV","kV":"230","kV_Sort":230,"Owner":"PG&E","Status":"Operational","Circuit":"Double","TLine_Name":" ","Length_Mile":0}},{"type":"Feature","geometry":{"type":"LineString","coordinates":[[-122.0435,37.6932],[-122.0601,37.6919]]},"properties":{"Name":"PG&E 230kV","kV":"230","kV_Sort":230,"Owner":"PG&E","Status":"Operational","Circuit":"Double","TLine_Name":" ","Length_Mile":1}},{"type":"Feature","geometry":{"type":"LineString","coordinates":[[-122.0427,37.6934],[-122.1237,37.842],[-122.1511,37.8556],[-122.16,37.8475]]},"properties":{"Name":"PG&E 230kV","kV":"230","kV_Sort":230,"Owner":"PG&E","Status":"Operational","Circuit":"Double","TLine_Name":" ","Length_Mile":14}},{"type":"Feature","geometry":{"type":"LineString","coordinates":[[-121.9338,37.7442],[-121.9356,37.7447]]},"properties":{"Name":"PG&E 230kV","kV":"230","kV_Sort":230,"Owner":"PG&E","Status":"Operational","Circuit":"Single","TLine_Name":" ","Length_Mile":0}},{"type":"Feature","geometry":{"type":"LineString","coordinates":[[-121.9381,37.7426],[-122.0405,37.6796]]},"properties":{"Name":"PG&E 230kV","kV":"230","kV_Sort":230,"Owner":"PG&E","Status":"Operational","Circuit":"Double","TLine_Name":" ","Length_Mile":7}},{"type":"Feature","geometry":{"type":"LineString","coordinates":[[-121.9352,37.7463],[-121.9353,37.7447]]},"properties":{"Name":"PG&E 230kV","kV":"230","kV_Sort":230,"Owner":"PG&E","Status":"Operational","Circuit":"Single","TLine_Name":" ","Length_Mile":0}},{"type":"Feature","geometry":{"type":"LineString","coordinates":[[-121.7627,38.015],[-121.782,37.9962],[-121.8896,37.9619],[-121.895,37.9486],[-121.8766,37.8891],[-121.9338,37.7442]]},"properties":{"Name":"PG&E 230kV","kV":"230","kV_Sort":230,"Owner":"PG&E","Status":"Operational","Circuit":"Double","TLine_Name":" ","Length_Mile":24}},{"type":"Feature","geometry":{"type":"LineString","coordinates":[[-121.9338,37.7442],[-121.937,37.7428]]},"properties":{"Name":"PG&E 230kV","kV":"230","kV_Sort":230,"Owner":"PG&E","Status":"Operational","Circuit":"Double","TLine_Name":" ","Length_Mile":0}},{"type":"Feature","geometry":{"type":"LineString","coordinates":[[-121.937,37.7428],[-121.9338,37.7442]]},"properties":{"Name":"PG&E 230kV","kV":"230","kV_Sort":230,"Owner":"PG&E","Status":"Operational","Circuit":"Double","TLine_Name":" ","Length_Mile":0}},{"type":"Feature","geometry":{"type":"LineString","coordinates":[[-121.937,37.7428],[-121.9631,37.7326],[-122.0151,37.689],[-122.0437,37.6756]]},"properties":{"Name":"PG&E 230kV","kV":"230","kV_Sort":230,"Owner":"PG&E","Status":"Operational","Circuit":"Double","TLine_Name":" ","Length_Mile":8}},{"type":"Feature","geometry":{"type":"LineString","coordinates":[[-121.8896,37.9633],[-121.8952,37.9486],[-121.8769,37.8892],[-121.9276,37.749],[-121.9353,37.7463]]},"properties":{"Name":"PG&E 230kV","kV":"230","kV_Sort":230,"Owner":"PG&E","Status":"Operational","Circuit":"Double","TLine_Name":" ","Length_Mile":16}},{"type":"Feature","geometry":{"type":"LineString","coordinates":[[-121.9353,37.7463],[-121.9381,37.7426]]},"properties":{"Name":"PG&E 230kV","kV":"230","kV_Sort":230,"Owner":"PG&E","Status":"Operational","Circuit":"Single","TLine_Name":" ","Length_Mile":0}},{"type":"Feature","geometry":{"type":"LineString","coordinates":[[-122.2888,37.3879],[-122.3069,37.4374],[-122.2875,37.4574]]},"properties":{"Name":"PG&E 230kV","kV":"230","kV_Sort":230,"Owner":"PG&E","Status":"Operational","Circuit":"Double","TLine_Name":" ","Length_Mile":5}},{"type":"Feature","geometry":{"type":"LineString","coordinates":[[-122.0749,37.3272],[-122.2144,37.3305],[-122.2626,37.3456],[-122.2864,37.3731],[-122.2888,37.3878]]},"properties":{"Name":"PG&E 230kV","kV":"230","kV_Sort":230,"Owner":"PG&E","Status":"Operational","Circuit":"Double","TLine_Name":" ","Length_Mile":14}},{"type":"Feature","geometry":{"type":"LineString","coordinates":[[-122.2888,37.3878],[-122.2888,37.3879],[-122.2888,37.3877],[-122.2888,37.3878]]},"properties":{"Name":"PG&E 230kV","kV":"230","kV_Sort":230,"Owner":"PG&E","Status":"Operational","Circuit":"Double","TLine_Name":" ","Length_Mile":0}},{"type":"Feature","geometry":{"type":"LineString","coordinates":[[-122.2888,37.3878],[-122.2085,37.4147]]},"properties":{"Name":"PG&E 230kV","kV":"230","kV_Sort":230,"Owner":"PG&E","Status":"Operational","Circuit":"Single","TLine_Name":" ","Length_Mile":5}},{"type":"Feature","geometry":{"type":"LineString","coordinates":[[-122.2085,37.4147],[-122.2058,37.4156]]},"properties":{"Name":"PG&E 230kV","kV":"230","kV_Sort":230,"Owner":"PG&E","Status":"Operational","Circuit":"Double","TLine_Name":" ","Length_Mile":0}},{"type":"Feature","geometry":{"type":"LineString","coordinates":[[-122.2085,37.4147],[-122.2057,37.4156]]},"properties":{"Name":"PG&E 230kV","kV":"230","kV_Sort":230,"Owner":"PG&E","Status":"Operational","Circuit":"Double","TLine_Name":" ","Length_Mile":0}},{"type":"Feature","geometry":{"type":"LineString","coordinates":[[-122.2085,37.4147],[-122.2058,37.4157]]},"properties":{"Name":"PG&E 230kV","kV":"230","kV_Sort":230,"Owner":"PG&E","Status":"Operational","Circuit":"Double","TLine_Name":" ","Length_Mile":0}},{"type":"Feature","geometry":{"type":"LineString","coordinates":[[-120.8028,37.741],[-120.8039,37.7408]]},"properties":{"Name":"PG&E 230kV","kV":"230","kV_Sort":230,"Owner":"PG&E","Status":"Operational","Circuit":"Double","TLine_Name":" ","Length_Mile":0}},{"type":"Feature","geometry":{"type":"LineString","coordinates":[[-121.0133,38.0145],[-120.938,37.9169],[-120.9317,37.893],[-120.9118,37.8826],[-120.608,37.4773],[-120.4091,37.3087],[-120.4079,37.2947]]},"properties":{"Name":"PG&E 230kV","kV":"230","kV_Sort":230,"Owner":"PG&E","Status":"Operational","Circuit":"Double","TLine_Name":" ","Length_Mile":60}},{"type":"Feature","geometry":{"type":"LineString","coordinates":[[-120.4079,37.2947],[-120.4067,37.2913]]},"properties":{"Name":"PG&E 230kV","kV":"230","kV_Sort":230,"Owner":"PG&E","Status":"Operational","Circuit":"Double","TLine_Name":" ","Length_Mile":0}},{"type":"Feature","geometry":{"type":"LineString","coordinates":[[-120.4079,37.2947],[-120.4069,37.2914]]},"properties":{"Name":"PG&E 230kV","kV":"230","kV_Sort":230,"Owner":"PG&E","Status":"Operational","Circuit":"Double","TLine_Name":" ","Length_Mile":0}},{"type":"Feature","geometry":{"type":"LineString","coordinates":[[-120.8266,37.7724],[-120.8267,37.7726]]},"properties":{"Name":"PG&E 230kV","kV":"230","kV_Sort":230,"Owner":"PG&E","Status":"Operational","Circuit":"Double","TLine_Name":" ","Length_Mile":0}},{"type":"Feature","geometry":{"type":"LineString","coordinates":[[-121.5628,37.7144],[-121.4637,37.7584],[-121.329,37.8811],[-121.3109,37.9076],[-121.1844,37.9334],[-121.0779,37.9714],[-121.0133,38.0145]]},"properties":{"Name":"PG&E 230kV","kV":"230","kV_Sort":230,"Owner":"PG&E","Status":"Operational","Circuit":"Double","TLine_Name":" ","Length_Mile":38}},{"type":"Feature","geometry":{"type":"LineString","coordinates":[[-121.2404,37.9193],[-121.24,37.9194]]},"properties":{"Name":"PG&E 230kV","kV":"230","kV_Sort":230,"Owner":"PG&E","Status":"Operational","Circuit":"Double","TLine_Name":" ","Length_Mile":0}},{"type":"Feature","geometry":{"type":"LineString","coordinates":[[-121.0138,38.0149],[-121.0133,38.0145]]},"properties":{"Name":"PG&E 230kV","kV":"230","kV_Sort":230,"Owner":"PG&E","Status":"Operational","Circuit":"Double","TLine_Name":" ","Length_Mile":0}},{"type":"Feature","geometry":{"type":"LineString","coordinates":[[-119.9162,36.8402],[-119.919,36.8423]]},"properties":{"Name":"PG&E 230kV","kV":"230","kV_Sort":230,"Owner":"PG&E","Status":"Operational","Circuit":"Single","TLine_Name":" ","Length_Mile":0}},{"type":"Feature","geometry":{"type":"LineString","coordinates":[[-119.9008,36.2418],[-119.9021,36.2423]]},"properties":{"Name":"PG&E 230kV","kV":"230","kV_Sort":230,"Owner":"PG&E","Status":"Operational","Circuit":"Single","TLine_Name":" ","Length_Mile":0}},{"type":"Feature","geometry":{"type":"MultiLineString","coordinates":[[[-119.9008,36.2424],[-119.8689,36.2554],[-119.8895,36.3199],[-119.8937,36.5937]],[[-119.8937,36.5937],[-119.8932,36.5949]],[[-119.8937,36.594],[-119.8937,36.5937]],[[-119.8932,36.5949],[-119.8937,36.594]],[[-119.8932,36.5949],[-119.9007,36.8259],[-119.9187,36.8426]]]},"properties":{"Name":"PG&E 230kV","kV":"230","kV_Sort":230,"Owner":"PG&E","Status":"Operational","Circuit":"Double","TLine_Name":" ","Length_Mile":26}},{"type":"Feature","geometry":{"type":"LineString","coordinates":[[-119.6402,36.6111],[-119.6402,36.6114]]},"properties":{"Name":"PG&E 230kV","kV":"230","kV_Sort":230,"Owner":"PG&E","Status":"Operational","Circuit":"Double","TLine_Name":" ","Length_Mile":0}},{"type":"Feature","geometry":{"type":"LineString","coordinates":[[-119.897,36.6847],[-119.897,36.692]]},"properties":{"Name":"PG&E 230kV","kV":"230","kV_Sort":230,"Owner":"PG&E","Status":"Operational","Circuit":"Double","TLine_Name":" ","Length_Mile":1}},{"type":"Feature","geometry":{"type":"LineString","coordinates":[[-119.8971,36.7053],[-119.8971,36.7056],[-119.895,36.7054],[-119.8971,36.7053]]},"properties":{"Name":"PG&E 230kV","kV":"230","kV_Sort":230,"Owner":"PG&E","Status":"Operational","Circuit":"Single","TLine_Name":" ","Length_Mile":0}},{"type":"Feature","geometry":{"type":"LineString","coordinates":[[-119.895,36.7054],[-119.8851,36.7055]]},"properties":{"Name":"PG&E 230kV","kV":"230","kV_Sort":230,"Owner":"PG&E","Status":"Operational","Circuit":"Double","TLine_Name":" ","Length_Mile":1}},{"type":"Feature","geometry":{"type":"LineString","coordinates":[[-119.8835,36.7058],[-119.8835,36.7055]]},"properties":{"Name":"PG&E 230kV","kV":"230","kV_Sort":230,"Owner":"PG&E","Status":"Operational","Circuit":"Single","TLine_Name":" ","Length_Mile":0}},{"type":"Feature","geometry":{"type":"LineString","coordinates":[[-119.8279,36.7932],[-119.8277,36.7932]]},"properties":{"Name":"PG&E 230kV","kV":"230","kV_Sort":230,"Owner":"PG&E","Status":"Operational","Circuit":"Double","TLine_Name":" ","Length_Mile":0}},{"type":"Feature","geometry":{"type":"LineString","coordinates":[[-119.8279,36.7934],[-119.9165,36.8419]]},"properties":{"Name":"PG&E 230kV","kV":"230","kV_Sort":230,"Owner":"PG&E","Status":"Operational","Circuit":"Double","TLine_Name":" ","Length_Mile":6}},{"type":"Feature","geometry":{"type":"LineString","coordinates":[[-119.6412,36.6115],[-119.5883,36.6133],[-119.5447,36.6556],[-119.5292,36.6924],[-119.4965,36.7171],[-119.4574,36.7336],[-119.37,36.8146],[-119.2806,36.8356],[-119.2165,36.8808],[-119.1477,36.8887],[-119.0828,36.9115],[-119.0621,36.9038],[-119.0208,36.9274]]},"properties":{"Name":"PG&E 230kV","kV":"230","kV_Sort":230,"Owner":"PG&E","Status":"Operational","Circuit":"Double","TLine_Name":" ","Length_Mile":44}},{"type":"Feature","geometry":{"type":"LineString","coordinates":[[-119.9182,36.8422],[-119.919,36.8423]]},"properties":{"Name":"PG&E 230kV","kV":"230","kV_Sort":230,"Owner":"PG&E","Status":"Operational","Circuit":"Single","TLine_Name":" ","Length_Mile":0}},{"type":"Feature","geometry":{"type":"LineString","coordinates":[[-119.9165,36.8419],[-119.9182,36.8422]]},"properties":{"Name":"PG&E 230kV","kV":"230","kV_Sort":230,"Owner":"PG&E","Status":"Operational","Circuit":"Single","TLine_Name":" ","Length_Mile":0}},{"type":"Feature","geometry":{"type":"LineString","coordinates":[[-119.9165,36.8419],[-119.9187,36.8426]]},"properties":{"Name":"PG&E 230kV","kV":"230","kV_Sort":230,"Owner":"PG&E","Status":"Operational","Circuit":"Single","TLine_Name":" ","Length_Mile":0}},{"type":"Feature","geometry":{"type":"LineString","coordinates":[[-119.919,36.8423],[-119.9216,36.8443]]},"properties":{"Name":"PG&E 230kV","kV":"230","kV_Sort":230,"Owner":"PG&E","Status":"Operational","Circuit":"Double","TLine_Name":" ","Length_Mile":0}},{"type":"Feature","geometry":{"type":"LineString","coordinates":[[-119.9169,36.8517],[-119.9187,36.8426]]},"properties":{"Name":"PG&E 230kV","kV":"230","kV_Sort":230,"Owner":"PG&E","Status":"Operational","Circuit":"Double","TLine_Name":" ","Length_Mile":1}},{"type":"Feature","geometry":{"type":"LineString","coordinates":[[-119.917,36.8526],[-119.9167,36.8526]]},"properties":{"Name":"PG&E 230kV","kV":"230","kV_Sort":230,"Owner":"PG&E","Status":"Operational","Circuit":"Double","TLine_Name":" ","Length_Mile":0}},{"type":"Feature","geometry":{"type":"LineString","coordinates":[[-120.6886,38.3034],[-120.67,38.3192],[-120.6623,38.3465],[-120.6343,38.3898],[-120.5879,38.423],[-120.4921,38.4493]]},"properties":{"Name":"PG&E 230kV","kV":"230","kV_Sort":230,"Owner":"PG&E","Status":"Operational","Circuit":"Double","TLine_Name":" ","Length_Mile":16}},{"type":"Feature","geometry":{"type":"LineString","coordinates":[[-122.5095,38.149],[-122.502,38.1787],[-122.579,38.2511]]},"properties":{"Name":"PG&E 230kV","kV":"230","kV_Sort":230,"Owner":"PG&E","Status":"Operational","Circuit":"Double","TLine_Name":" ","Length_Mile":9}},{"type":"Feature","geometry":{"type":"LineString","coordinates":[[-122.5095,38.149],[-122.5117,38.142]]},"properties":{"Name":"PG&E 230kV","kV":"230","kV_Sort":230,"Owner":"PG&E","Status":"Operational","Circuit":"Double","TLine_Name":" ","Length_Mile":0}},{"type":"Feature","geometry":{"type":"LineString","coordinates":[[-122.5117,38.142],[-122.5095,38.149]]},"properties":{"Name":"PG&E 230kV","kV":"230","kV_Sort":230,"Owner":"PG&E","Status":"Operational","Circuit":"Double","TLine_Name":" ","Length_Mile":0}},{"type":"Feature","geometry":{"type":"LineString","coordinates":[[-122.5413,38.0776],[-122.5501,38.0894],[-122.5117,38.142]]},"properties":{"Name":"PG&E 230kV","kV":"230","kV_Sort":230,"Owner":"PG&E","Status":"Operational","Circuit":"Double","TLine_Name":" ","Length_Mile":5}},{"type":"Feature","geometry":{"type":"LineString","coordinates":[[-122.5837,38.4428],[-122.5839,38.4429]]},"properties":{"Name":"PG&E 230kV","kV":"230","kV_Sort":230,"Owner":"PG&E","Status":"Operational","Circuit":"Single","TLine_Name":" ","Length_Mile":0}},{"type":"Feature","geometry":{"type":"LineString","coordinates":[[-122.7618,38.4986],[-122.7604,38.4995]]},"properties":{"Name":"PG&E 230kV","kV":"230","kV_Sort":230,"Owner":"PG&E","Status":"Operational","Circuit":"Single","TLine_Name":" ","Length_Mile":0}},{"type":"Feature","geometry":{"type":"LineString","coordinates":[[-122.7604,38.4995],[-122.7604,38.4995]]},"properties":{"Name":"PG&E 230kV","kV":"230","kV_Sort":230,"Owner":"PG&E","Status":"Operational","Circuit":"Single","TLine_Name":" ","Length_Mile":0}},{"type":"Feature","geometry":{"type":"LineString","coordinates":[[-122.7604,38.4995],[-122.7615,38.4986]]},"properties":{"Name":"PG&E 230kV","kV":"230","kV_Sort":230,"Owner":"PG&E","Status":"Operational","Circuit":"Single","TLine_Name":" ","Length_Mile":0}},{"type":"Feature","geometry":{"type":"LineString","coordinates":[[-121.7491,37.9613],[-121.7633,37.9923],[-121.7602,38.015]]},"properties":{"Name":"PG&E 230kV","kV":"230","kV_Sort":230,"Owner":"PG&E","Status":"Operational","Circuit":"Double","TLine_Name":" ","Length_Mile":4}},{"type":"Feature","geometry":{"type":"LineString","coordinates":[[-121.7491,37.9613],[-121.7465,37.9558]]},"properties":{"Name":"PG&E 230kV","kV":"230","kV_Sort":230,"Owner":"PG&E","Status":"Operational","Circuit":"Double","TLine_Name":" ","Length_Mile":0}},{"type":"Feature","geometry":{"type":"LineString","coordinates":[[-121.7465,37.9558],[-121.7491,37.9613]]},"properties":{"Name":"PG&E 230kV","kV":"230","kV_Sort":230,"Owner":"PG&E","Status":"Operational","Circuit":"Double","TLine_Name":" ","Length_Mile":0}},{"type":"Feature","geometry":{"type":"LineString","coordinates":[[-121.7295,37.9201],[-121.7465,37.9558]]},"properties":{"Name":"PG&E 230kV","kV":"230","kV_Sort":230,"Owner":"PG&E","Status":"Operational","Circuit":"Double","TLine_Name":" ","Length_Mile":3}},{"type":"Feature","geometry":{"type":"LineString","coordinates":[[-121.6782,37.9184],[-121.7261,37.9202]]},"properties":{"Name":"PG&E 230kV","kV":"230","kV_Sort":230,"Owner":"PG&E","Status":"Operational","Circuit":"Double","TLine_Name":" ","Length_Mile":3}},{"type":"Feature","geometry":{"type":"LineString","coordinates":[[-121.7261,37.9202],[-121.7295,37.9201]]},"properties":{"Name":"PG&E 230kV","kV":"230","kV_Sort":230,"Owner":"PG&E","Status":"Operational","Circuit":"Double","TLine_Name":" ","Length_Mile":0}},{"type":"Feature","geometry":{"type":"LineString","coordinates":[[-121.7293,37.9198],[-121.7261,37.9202]]},"properties":{"Name":"PG&E 230kV","kV":"230","kV_Sort":230,"Owner":"PG&E","Status":"Operational","Circuit":"Double","TLine_Name":" ","Length_Mile":0}},{"type":"Feature","geometry":{"type":"LineString","coordinates":[[-121.7295,37.9201],[-121.7294,37.92]]},"properties":{"Name":"PG&E 230kV","kV":"230","kV_Sort":230,"Owner":"PG&E","Status":"Operational","Circuit":"Double","TLine_Name":" ","Length_Mile":0}},{"type":"Feature","geometry":{"type":"LineString","coordinates":[[-121.7294,37.92],[-121.7295,37.9201]]},"properties":{"Name":"PG&E 230kV","kV":"230","kV_Sort":230,"Owner":"PG&E","Status":"Operational","Circuit":"Double","TLine_Name":" ","Length_Mile":0}},{"type":"Feature","geometry":{"type":"LineString","coordinates":[[-121.7294,37.92],[-121.7293,37.9198]]},"properties":{"Name":"PG&E 230kV","kV":"230","kV_Sort":230,"Owner":"PG&E","Status":"Operational","Circuit":"Double","TLine_Name":" ","Length_Mile":0}},{"type":"Feature","geometry":{"type":"LineString","coordinates":[[-121.7293,37.9198],[-121.7294,37.92]]},"properties":{"Name":"PG&E 230kV","kV":"230","kV_Sort":230,"Owner":"PG&E","Status":"Operational","Circuit":"Double","TLine_Name":" ","Length_Mile":0}},{"type":"Feature","geometry":{"type":"LineString","coordinates":[[-121.7267,37.9143],[-121.7293,37.9198]]},"properties":{"Name":"PG&E 230kV","kV":"230","kV_Sort":230,"Owner":"PG&E","Status":"Operational","Circuit":"Double","TLine_Name":" ","Length_Mile":0}},{"type":"Feature","geometry":{"type":"LineString","coordinates":[[-121.6782,37.9184],[-121.6762,37.9189]]},"properties":{"Name":"PG&E 230kV","kV":"230","kV_Sort":230,"Owner":"PG&E","Status":"Operational","Circuit":"Double","TLine_Name":" ","Length_Mile":0}},{"type":"Feature","geometry":{"type":"LineString","coordinates":[[-121.6782,37.9184],[-121.6764,37.9188]]},"properties":{"Name":"PG&E 230kV","kV":"230","kV_Sort":230,"Owner":"PG&E","Status":"Operational","Circuit":"Double","TLine_Name":" ","Length_Mile":0}},{"type":"Feature","geometry":{"type":"LineString","coordinates":[[-121.7243,37.9092],[-121.7267,37.9143]]},"properties":{"Name":"PG&E 230kV","kV":"230","kV_Sort":230,"Owner":"PG&E","Status":"Operational","Circuit":"Double","TLine_Name":" ","Length_Mile":0}},{"type":"Feature","geometry":{"type":"LineString","coordinates":[[-121.7243,37.9092],[-121.7267,37.9143]]},"properties":{"Name":"PG&E 230kV","kV":"230","kV_Sort":230,"Owner":"PG&E","Status":"Operational","Circuit":"Double","TLine_Name":" ","Length_Mile":0}},{"type":"Feature","geometry":{"type":"LineString","coordinates":[[-121.6537,37.8134],[-121.7127,37.8848],[-121.7243,37.9092]]},"properties":{"Name":"PG&E 230kV","kV":"230","kV_Sort":230,"Owner":"PG&E","Status":"Operational","Circuit":"Double","TLine_Name":" ","Length_Mile":8}},{"type":"Feature","geometry":{"type":"LineString","coordinates":[[-121.6537,37.8134],[-121.65,37.8091]]},"properties":{"Name":"PG&E 230kV","kV":"230","kV_Sort":230,"Owner":"PG&E","Status":"Operational","Circuit":"Double","TLine_Name":" ","Length_Mile":0}},{"type":"Feature","geometry":{"type":"LineString","coordinates":[[-121.65,37.8091],[-121.6537,37.8134]]},"properties":{"Name":"PG&E 230kV","kV":"230","kV_Sort":230,"Owner":"PG&E","Status":"Operational","Circuit":"Double","TLine_Name":" ","Length_Mile":0}},{"type":"Feature","geometry":{"type":"LineString","coordinates":[[-121.5653,37.7145],[-121.65,37.8091]]},"properties":{"Name":"PG&E 230kV","kV":"230","kV_Sort":230,"Owner":"PG&E","Status":"Operational","Circuit":"Double","TLine_Name":" ","Length_Mile":8}},{"type":"Feature","geometry":{"type":"LineString","coordinates":[[-120.1245,36.1406],[-120.1243,36.1406]]},"properties":{"Name":"PG&E 230kV","kV":"230","kV_Sort":230,"Owner":"PG&E","Status":"Operational","Circuit":"Single","TLine_Name":" ","Length_Mile":0}},{"type":"Feature","geometry":{"type":"LineString","coordinates":[[-120.1227,36.1428],[-120.1245,36.1417],[-120.1237,36.1421],[-120.1227,36.1428]]},"properties":{"Name":"PG&E 230kV","kV":"230","kV_Sort":230,"Owner":"PG&E","Status":"Operational","Circuit":"Single","TLine_Name":" ","Length_Mile":0}},{"type":"Feature","geometry":{"type":"LineString","coordinates":[[-119.902,36.242],[-120.04,36.1733],[-120.1227,36.1428]]},"properties":{"Name":"PG&E 230kV","kV":"230","kV_Sort":230,"Owner":"PG&E","Status":"Operational","Circuit":"Double","TLine_Name":" ","Length_Mile":14}},{"type":"Feature","geometry":{"type":"LineString","coordinates":[[-120.8559,35.374],[-120.8429,35.3763],[-120.7743,35.4262],[-120.7173,35.5143],[-120.6086,35.6306],[-120.3649,35.8303],[-120.267,35.9234],[-120.2248,35.9466],[-120.1736,36.0663],[-120.1469,36.0882],[-120.1262,36.1393]]},"properties":{"Name":"PG&E 230kV","kV":"230","kV_Sort":230,"Owner":"PG&E","Status":"Operational","Circuit":"Double","TLine_Name":" ","Length_Mile":68}},{"type":"Feature","geometry":{"type":"LineString","coordinates":[[-120.1263,36.1401],[-120.1261,36.1402]]},"properties":{"Name":"PG&E 230kV","kV":"230","kV_Sort":230,"Owner":"PG&E","Status":"Operational","Circuit":"Single","TLine_Name":" ","Length_Mile":0}},{"type":"Feature","geometry":{"type":"LineString","coordinates":[[-121.7816,38.0073],[-121.7816,38.0075]]},"properties":{"Name":"PG&E 230kV","kV":"230","kV_Sort":230,"Owner":"PG&E","Status":"Operational","Circuit":"Single","TLine_Name":" ","Length_Mile":0}},{"type":"Feature","geometry":{"type":"LineString","coordinates":[[-122.0779,37.8574],[-122.0762,37.8558],[-122.0757,37.8558],[-122.0779,37.8574]]},"properties":{"Name":"PG&E 230kV","kV":"230","kV_Sort":230,"Owner":"PG&E","Status":"Operational","Circuit":"Single","TLine_Name":" ","Length_Mile":0}},{"type":"Feature","geometry":{"type":"LineString","coordinates":[[-122.2654,39.7818],[-122.2642,40.3978]]},"properties":{"Name":"PG&E 230kV","kV":"230","kV_Sort":230,"Owner":"PG&E","Status":"Operational","Circuit":"Double","TLine_Name":" ","Length_Mile":43}},{"type":"Feature","geometry":{"type":"LineString","coordinates":[[-122.2654,39.7818],[-122.2653,39.7777]]},"properties":{"Name":"PG&E 230kV","kV":"230","kV_Sort":230,"Owner":"PG&E","Status":"Operational","Circuit":"Double","TLine_Name":" ","Length_Mile":0}},{"type":"Feature","geometry":{"type":"LineString","coordinates":[[-122.2653,39.7777],[-122.2654,39.7818]]},"properties":{"Name":"PG&E 230kV","kV":"230","kV_Sort":230,"Owner":"PG&E","Status":"Operational","Circuit":"Double","TLine_Name":" ","Length_Mile":0}},{"type":"Feature","geometry":{"type":"LineString","coordinates":[[-122.2653,39.7777],[-122.2653,39.7777]]},"properties":{"Name":"PG&E 230kV","kV":"230","kV_Sort":230,"Owner":"PG&E","Status":"Operational","Circuit":"Double","TLine_Name":" ","Length_Mile":0}},{"type":"Feature","geometry":{"type":"LineString","coordinates":[[-122.2649,39.6942],[-122.2653,39.7777]]},"properties":{"Name":"PG&E 230kV","kV":"230","kV_Sort":230,"Owner":"PG&E","Status":"Operational","Circuit":"Double","TLine_Name":" ","Length_Mile":6}},{"type":"Feature","geometry":{"type":"LineString","coordinates":[[-122.2649,39.6942],[-122.2649,39.6897]]},"properties":{"Name":"PG&E 230kV","kV":"230","kV_Sort":230,"Owner":"PG&E","Status":"Operational","Circuit":"Double","TLine_Name":" ","Length_Mile":0}},{"type":"Feature","geometry":{"type":"LineString","coordinates":[[-122.2649,39.6897],[-122.2649,39.6942]]},"properties":{"Name":"PG&E 230kV","kV":"230","kV_Sort":230,"Owner":"PG&E","Status":"Operational","Circuit":"Double","TLine_Name":" ","Length_Mile":0}},{"type":"Feature","geometry":{"type":"LineString","coordinates":[[-122.2624,39.253],[-122.2649,39.6897]]},"properties":{"Name":"PG&E 230kV","kV":"230","kV_Sort":230,"Owner":"PG&E","Status":"Operational","Circuit":"Double","TLine_Name":" ","Length_Mile":30}},{"type":"Feature","geometry":{"type":"LineString","coordinates":[[-122.2624,39.253],[-122.2624,39.253]]},"properties":{"Name":"PG&E 230kV","kV":"230","kV_Sort":230,"Owner":"PG&E","Status":"Operational","Circuit":"Double","TLine_Name":" ","Length_Mile":0}},{"type":"Feature","geometry":{"type":"LineString","coordinates":[[-122.2624,39.2486],[-122.2624,39.253]]},"properties":{"Name":"PG&E 230kV","kV":"230","kV_Sort":230,"Owner":"PG&E","Status":"Operational","Circuit":"Double","TLine_Name":" ","Length_Mile":0}},{"type":"Feature","geometry":{"type":"LineString","coordinates":[[-122.2624,39.2486],[-122.2624,39.253]]},"properties":{"Name":"PG&E 230kV","kV":"230","kV_Sort":230,"Owner":"PG&E","Status":"Operational","Circuit":"Double","TLine_Name":" ","Length_Mile":0}},{"type":"Feature","geometry":{"type":"LineString","coordinates":[[-122.2624,39.2486],[-122.2624,39.2486]]},"properties":{"Name":"PG&E 230kV","kV":"230","kV_Sort":230,"Owner":"PG&E","Status":"Operational","Circuit":"Double","TLine_Name":" ","Length_Mile":0}},{"type":"Feature","geometry":{"type":"LineString","coordinates":[[-122.152,39.0072],[-122.2614,39.1868],[-122.2624,39.2486]]},"properties":{"Name":"PG&E 230kV","kV":"230","kV_Sort":230,"Owner":"PG&E","Status":"Operational","Circuit":"Double","TLine_Name":" ","Length_Mile":18}},{"type":"Feature","geometry":{"type":"LineString","coordinates":[[-122.2463,39.162],[-122.2487,39.1659]]},"properties":{"Name":"PG&E 230kV","kV":"230","kV_Sort":230,"Owner":"PG&E","Status":"Operational","Circuit":"Double","TLine_Name":" ","Length_Mile":0}},{"type":"Feature","geometry":{"type":"LineString","coordinates":[[-122.152,39.0072],[-122.1498,39.0036]]},"properties":{"Name":"PG&E 230kV","kV":"230","kV_Sort":230,"Owner":"PG&E","Status":"Operational","Circuit":"Double","TLine_Name":" ","Length_Mile":0}},{"type":"Feature","geometry":{"type":"LineString","coordinates":[[-122.1498,39.0036],[-122.152,39.0072]]},"properties":{"Name":"PG&E 230kV","kV":"230","kV_Sort":230,"Owner":"PG&E","Status":"Operational","Circuit":"Double","TLine_Name":" ","Length_Mile":0}},{"type":"Feature","geometry":{"type":"LineString","coordinates":[[-122.1045,38.9288],[-122.1498,39.0036]]},"properties":{"Name":"PG&E 230kV","kV":"230","kV_Sort":230,"Owner":"PG&E","Status":"Operational","Circuit":"Double","TLine_Name":" ","Length_Mile":6}},{"type":"Feature","geometry":{"type":"LineString","coordinates":[[-122.1045,38.9288],[-122.1018,38.9244]]},"properties":{"Name":"PG&E 230kV","kV":"230","kV_Sort":230,"Owner":"PG&E","Status":"Operational","Circuit":"Double","TLine_Name":" ","Length_Mile":0}},{"type":"Feature","geometry":{"type":"LineString","coordinates":[[-122.1018,38.9244],[-122.1045,38.9288]]},"properties":{"Name":"PG&E 230kV","kV":"230","kV_Sort":230,"Owner":"PG&E","Status":"Operational","Circuit":"Double","TLine_Name":" ","Length_Mile":0}},{"type":"Feature","geometry":{"type":"LineString","coordinates":[[-122.0075,38.7693],[-122.1018,38.9244]]},"properties":{"Name":"PG&E 230kV","kV":"230","kV_Sort":230,"Owner":"PG&E","Status":"Operational","Circuit":"Double","TLine_Name":" ","Length_Mile":12}},{"type":"Feature","geometry":{"type":"LineString","coordinates":[[-122.0075,38.7693],[-122.0045,38.7655]]},"properties":{"Name":"PG&E 230kV","kV":"230","kV_Sort":230,"Owner":"PG&E","Status":"Operational","Circuit":"Double","TLine_Name":" ","Length_Mile":0}},{"type":"Feature","geometry":{"type":"LineString","coordinates":[[-122.0045,38.7655],[-122.0075,38.7693]]},"properties":{"Name":"PG&E 230kV","kV":"230","kV_Sort":230,"Owner":"PG&E","Status":"Operational","Circuit":"Double","TLine_Name":" ","Length_Mile":0}},{"type":"Feature","geometry":{"type":"LineString","coordinates":[[-121.9197,38.4017],[-121.9332,38.478],[-121.924,38.5428],[-121.9352,38.6264],[-121.9556,38.7048],[-122.0045,38.7655]]},"properties":{"Name":"PG&E 230kV","kV":"230","kV_Sort":230,"Owner":"PG&E","Status":"Operational","Circuit":"Double","TLine_Name":" ","Length_Mile":26}},{"type":"Feature","geometry":{"type":"LineString","coordinates":[[-122.2651,39.7819],[-122.2684,40.3892],[-122.263,40.3979]]},"properties":{"Name":"PG&E 230kV","kV":"230","kV_Sort":230,"Owner":"PG&E","Status":"Operational","Circuit":"Double","TLine_Name":" ","Length_Mile":43}},{"type":"Feature","geometry":{"type":"LineString","coordinates":[[-122.2651,39.7819],[-122.2651,39.7777]]},"properties":{"Name":"PG&E 230kV","kV":"230","kV_Sort":230,"Owner":"PG&E","Status":"Operational","Circuit":"Double","TLine_Name":" ","Length_Mile":0}},{"type":"Feature","geometry":{"type":"LineString","coordinates":[[-122.2651,39.7777],[-122.2651,39.7819]]},"properties":{"Name":"PG&E 230kV","kV":"230","kV_Sort":230,"Owner":"PG&E","Status":"Operational","Circuit":"Double","TLine_Name":" ","Length_Mile":0}},{"type":"Feature","geometry":{"type":"LineString","coordinates":[[-122.2646,39.6942],[-122.2651,39.7777]]},"properties":{"Name":"PG&E 230kV","kV":"230","kV_Sort":230,"Owner":"PG&E","Status":"Operational","Circuit":"Double","TLine_Name":" ","Length_Mile":6}},{"type":"Feature","geometry":{"type":"LineString","coordinates":[[-122.2646,39.6942],[-122.2646,39.6897]]},"properties":{"Name":"PG&E 230kV","kV":"230","kV_Sort":230,"Owner":"PG&E","Status":"Operational","Circuit":"Double","TLine_Name":" ","Length_Mile":0}},{"type":"Feature","geometry":{"type":"LineString","coordinates":[[-122.2646,39.6897],[-122.2646,39.6942]]},"properties":{"Name":"PG&E 230kV","kV":"230","kV_Sort":230,"Owner":"PG&E","Status":"Operational","Circuit":"Double","TLine_Name":" ","Length_Mile":0}},{"type":"Feature","geometry":{"type":"LineString","coordinates":[[-122.2621,39.253],[-122.2646,39.6897]]},"properties":{"Name":"PG&E 230kV","kV":"230","kV_Sort":230,"Owner":"PG&E","Status":"Operational","Circuit":"Double","TLine_Name":" ","Length_Mile":30}},{"type":"Feature","geometry":{"type":"LineString","coordinates":[[-122.2621,39.253],[-122.2621,39.2486]]},"properties":{"Name":"PG&E 230kV","kV":"230","kV_Sort":230,"Owner":"PG&E","Status":"Operational","Circuit":"Double","TLine_Name":" ","Length_Mile":0}},{"type":"Feature","geometry":{"type":"LineString","coordinates":[[-122.2621,39.2486],[-122.2621,39.253]]},"properties":{"Name":"PG&E 230kV","kV":"230","kV_Sort":230,"Owner":"PG&E","Status":"Operational","Circuit":"Double","TLine_Name":" ","Length_Mile":0}},{"type":"Feature","geometry":{"type":"LineString","coordinates":[[-122.2485,39.166],[-122.2618,39.1889],[-122.2621,39.2486]]},"properties":{"Name":"PG&E 230kV","kV":"230","kV_Sort":230,"Owner":"PG&E","Status":"Operational","Circuit":"Double","TLine_Name":" ","Length_Mile":6}},{"type":"Feature","geometry":{"type":"LineString","coordinates":[[-122.2485,39.166],[-122.2461,39.1621]]},"properties":{"Name":"PG&E 230kV","kV":"230","kV_Sort":230,"Owner":"PG&E","Status":"Operational","Circuit":"Double","TLine_Name":" ","Length_Mile":0}},{"type":"Feature","geometry":{"type":"LineString","coordinates":[[-122.2461,39.1621],[-122.2485,39.166]]},"properties":{"Name":"PG&E 230kV","kV":"230","kV_Sort":230,"Owner":"PG&E","Status":"Operational","Circuit":"Double","TLine_Name":" ","Length_Mile":0}},{"type":"Feature","geometry":{"type":"LineString","coordinates":[[-122.1042,38.9287],[-122.2461,39.1621]]},"properties":{"Name":"PG&E 230kV","kV":"230","kV_Sort":230,"Owner":"PG&E","Status":"Operational","Circuit":"Double","TLine_Name":" ","Length_Mile":18}},{"type":"Feature","geometry":{"type":"LineString","coordinates":[[-122.1042,38.9287],[-122.1016,38.9244]]},"properties":{"Name":"PG&E 230kV","kV":"230","kV_Sort":230,"Owner":"PG&E","Status":"Operational","Circuit":"Double","TLine_Name":" ","Length_Mile":0}},{"type":"Feature","geometry":{"type":"LineString","coordinates":[[-122.1016,38.9244],[-122.1042,38.9287]]},"properties":{"Name":"PG&E 230kV","kV":"230","kV_Sort":230,"Owner":"PG&E","Status":"Operational","Circuit":"Double","TLine_Name":" ","Length_Mile":0}},{"type":"Feature","geometry":{"type":"LineString","coordinates":[[-122.0073,38.7694],[-122.1016,38.9244]]},"properties":{"Name":"PG&E 230kV","kV":"230","kV_Sort":230,"Owner":"PG&E","Status":"Operational","Circuit":"Double","TLine_Name":" ","Length_Mile":12}},{"type":"Feature","geometry":{"type":"LineString","coordinates":[[-122.0073,38.7694],[-122.0042,38.7656]]},"properties":{"Name":"PG&E 230kV","kV":"230","kV_Sort":230,"Owner":"PG&E","Status":"Operational","Circuit":"Double","TLine_Name":" ","Length_Mile":0}},{"type":"Feature","geometry":{"type":"LineString","coordinates":[[-122.0042,38.7656],[-122.0073,38.7694]]},"properties":{"Name":"PG&E 230kV","kV":"230","kV_Sort":230,"Owner":"PG&E","Status":"Operational","Circuit":"Double","TLine_Name":" ","Length_Mile":0}},{"type":"Feature","geometry":{"type":"LineString","coordinates":[[-121.9193,38.4017],[-121.933,38.478],[-121.9238,38.5428],[-121.935,38.6264],[-121.9555,38.7049],[-122.0042,38.7656]]},"properties":{"Name":"PG&E 230kV","kV":"230","kV_Sort":230,"Owner":"PG&E","Status":"Operational","Circuit":"Double","TLine_Name":" ","Length_Mile":26}},{"type":"Feature","geometry":{"type":"LineString","coordinates":[[-119.3268,36.8326],[-119.3286,36.8213]]},"properties":{"Name":"PG&E 230kV","kV":"230","kV_Sort":230,"Owner":"PG&E","Status":"Operational","Circuit":"Single","TLine_Name":" ","Length_Mile":1}},{"type":"Feature","geometry":{"type":"LineString","coordinates":[[-121.4662,38.9354],[-121.4609,38.9355],[-121.471,39.0184],[-121.4704,39.1162],[-121.4774,39.1287],[-121.4734,39.1936],[-121.5358,39.5375]]},"properties":{"Name":"PG&E 230kV","kV":"230","kV_Sort":230,"Owner":"PG&E","Status":"Operational","Circuit":"Double","TLine_Name":" ","Length_Mile":42}},{"type":"Feature","geometry":{"type":"LineString","coordinates":[[-121.5358,39.5375],[-121.5044,39.664],[-121.4872,39.6799],[-121.4752,39.755],[-121.4532,39.7767],[-121.4507,39.8022],[-121.4373,39.8103],[-121.4151,39.8445],[-121.3791,39.8718],[-121.3593,39.9024],[-121.3276,39.911]]},"properties":{"Name":"PG&E 230kV","kV":"230","kV_Sort":230,"Owner":"PG&E","Status":"Operational","Circuit":"Double","TLine_Name":" ","Length_Mile":30}},{"type":"Feature","geometry":{"type":"LineString","coordinates":[[-121.4744,39.7189],[-121.4812,39.7205],[-121.4755,39.7551],[-121.4552,39.7758],[-121.4507,39.8031],[-121.4378,39.8103],[-121.4153,39.8446],[-121.3794,39.872],[-121.3596,39.9026],[-121.3219,39.9198],[-121.3179,39.9383],[-121.2781,39.9644],[-121.2824,39.9918],[-121.2648,40.0067],[-121.2495,40.0074]]},"properties":{"Name":"PG&E 230kV","kV":"230","kV_Sort":230,"Owner":"PG&E","Status":"Operational","Circuit":"Double","TLine_Name":" ","Length_Mile":39}},{"type":"Feature","geometry":{"type":"LineString","coordinates":[[-122.4083,37.7031],[-122.3906,37.6745],[-122.4143,37.6434],[-122.4027,37.6114],[-122.3622,37.5888],[-122.3347,37.5864],[-122.3263,37.5787],[-122.3188,37.5833]]},"properties":{"Name":"PG&E 230kV","kV":"230","kV_Sort":230,"Owner":"PG&E","Status":"Operational","Circuit":"Single","TLine_Name":" ","Length_Mile":13}},{"type":"Feature","geometry":{"type":"LineString","coordinates":[[-121.1402,38.684],[-121.0163,38.7055],[-120.9833,38.7482],[-120.9705,38.7864],[-120.9501,38.8125],[-120.9359,38.8148],[-120.9223,38.8411],[-120.8772,38.8909],[-120.8026,38.9561],[-120.7179,39.0039],[-120.6388,38.9961],[-120.6068,39.0027],[-120.5965,39.0246]]},"properties":{"Name":"PG&E 230kV","kV":"230","kV_Sort":230,"Owner":"PG&E","Status":"Operational","Circuit":"Double","TLine_Name":" ","Length_Mile":42}},{"type":"Feature","geometry":{"type":"LineString","coordinates":[[-119.2169,36.9626],[-119.1765,36.9586],[-119.112,36.989],[-119.0435,36.9967],[-118.9944,37.032],[-118.9639,37.0393]]},"properties":{"Name":"PG&E 230kV","kV":"230","kV_Sort":230,"Owner":"PG&E","Status":"Operational","Circuit":"Double","TLine_Name":" ","Length_Mile":16}},{"type":"Feature","geometry":{"type":"LineString","coordinates":[[-122.1973,38.2625],[-122.0624,38.3322],[-122.0435,38.347],[-122.0264,38.3821],[-121.9929,38.4111],[-121.9208,38.4017]]},"properties":{"Name":"PG&E 230kV","kV":"230","kV_Sort":230,"Owner":"PG&E","Status":"Operational","Circuit":"Double","TLine_Name":" ","Length_Mile":20}},{"type":"Feature","geometry":{"type":"LineString","coordinates":[[-122.1973,38.2625],[-122.2033,38.2598]]},"properties":{"Name":"PG&E 230kV","kV":"230","kV_Sort":230,"Owner":"PG&E","Status":"Operational","Circuit":"Double","TLine_Name":" ","Length_Mile":0}},{"type":"Feature","geometry":{"type":"LineString","coordinates":[[-122.2033,38.2598],[-122.1973,38.2625]]},"properties":{"Name":"PG&E 230kV","kV":"230","kV_Sort":230,"Owner":"PG&E","Status":"Operational","Circuit":"Double","TLine_Name":" ","Length_Mile":0}},{"type":"Feature","geometry":{"type":"LineString","coordinates":[[-122.2606,38.2493],[-122.2033,38.2598]]},"properties":{"Name":"PG&E 230kV","kV":"230","kV_Sort":230,"Owner":"PG&E","Status":"Operational","Circuit":"Double","TLine_Name":" ","Length_Mile":3}},{"type":"Feature","geometry":{"type":"LineString","coordinates":[[-122.4965,38.2514],[-122.5797,38.252]]},"properties":{"Name":"PG&E 230kV","kV":"230","kV_Sort":230,"Owner":"PG&E","Status":"Operational","Circuit":"Double","TLine_Name":" ","Length_Mile":5}},{"type":"Feature","geometry":{"type":"LineString","coordinates":[[-122.4965,38.2514],[-122.489,38.2511]]},"properties":{"Name":"PG&E 230kV","kV":"230","kV_Sort":230,"Owner":"PG&E","Status":"Operational","Circuit":"Double","TLine_Name":" ","Length_Mile":0}},{"type":"Feature","geometry":{"type":"LineString","coordinates":[[-122.489,38.2511],[-122.4965,38.2514]]},"properties":{"Name":"PG&E 230kV","kV":"230","kV_Sort":230,"Owner":"PG&E","Status":"Operational","Circuit":"Double","TLine_Name":" ","Length_Mile":0}},{"type":"Feature","geometry":{"type":"LineString","coordinates":[[-122.4222,38.2483],[-122.489,38.2511]]},"properties":{"Name":"PG&E 230kV","kV":"230","kV_Sort":230,"Owner":"PG&E","Status":"Operational","Circuit":"Double","TLine_Name":" ","Length_Mile":4}},{"type":"Feature","geometry":{"type":"LineString","coordinates":[[-122.2738,38.248],[-122.4143,38.2484]]},"properties":{"Name":"PG&E 230kV","kV":"230","kV_Sort":230,"Owner":"PG&E","Status":"Operational","Circuit":"Double","TLine_Name":" ","Length_Mile":8}},{"type":"Feature","geometry":{"type":"LineString","coordinates":[[-122.4222,38.2483],[-122.4143,38.2484]]},"properties":{"Name":"PG&E 230kV","kV":"230","kV_Sort":230,"Owner":"PG&E","Status":"Operational","Circuit":"Double","TLine_Name":" ","Length_Mile":0}},{"type":"Feature","geometry":{"type":"LineString","coordinates":[[-122.4143,38.2484],[-122.4222,38.2483]]},"properties":{"Name":"PG&E 230kV","kV":"230","kV_Sort":230,"Owner":"PG&E","Status":"Operational","Circuit":"Double","TLine_Name":" ","Length_Mile":0}},{"type":"Feature","geometry":{"type":"LineString","coordinates":[[-122.2738,38.248],[-122.2606,38.2493]]},"properties":{"Name":"PG&E 230kV","kV":"230","kV_Sort":230,"Owner":"PG&E","Status":"Operational","Circuit":"Double","TLine_Name":" ","Length_Mile":1}},{"type":"Feature","geometry":{"type":"LineString","coordinates":[[-122.2677,38.2481],[-122.2606,38.2493]]},"properties":{"Name":"PG&E 230kV","kV":"230","kV_Sort":230,"Owner":"PG&E","Status":"Operational","Circuit":"Double","TLine_Name":" ","Length_Mile":0}},{"type":"Feature","geometry":{"type":"LineString","coordinates":[[-122.2681,38.2479],[-122.2738,38.248]]},"properties":{"Name":"PG&E 230kV","kV":"230","kV_Sort":230,"Owner":"PG&E","Status":"Operational","Circuit":"Double","TLine_Name":" ","Length_Mile":0}},{"type":"Feature","geometry":{"type":"LineString","coordinates":[[-122.0507,38.3413],[-122.0549,38.338]]},"properties":{"Name":"PG&E 230kV","kV":"230","kV_Sort":230,"Owner":"PG&E","Status":"Operational","Circuit":"Double","TLine_Name":" ","Length_Mile":0}},{"type":"Feature","geometry":{"type":"LineString","coordinates":[[-122.0081,38.4001],[-122.0032,38.4038]]},"properties":{"Name":"PG&E 230kV","kV":"230","kV_Sort":230,"Owner":"PG&E","Status":"Operational","Circuit":"Double","TLine_Name":" ","Length_Mile":0}},{"type":"Feature","geometry":{"type":"LineString","coordinates":[[-122.5839,38.4429],[-122.5934,38.4289]]},"properties":{"Name":"PG&E 230kV","kV":"230","kV_Sort":230,"Owner":"PG&E","Status":"Operational","Circuit":"Single","TLine_Name":" ","Length_Mile":1}},{"type":"Feature","geometry":{"type":"LineString","coordinates":[[-122.5933,38.4288],[-122.5931,38.4294]]},"properties":{"Name":"PG&E 230kV","kV":"230","kV_Sort":230,"Owner":"PG&E","Status":"Operational","Circuit":"Single","TLine_Name":" ","Length_Mile":0}},{"type":"Feature","geometry":{"type":"LineString","coordinates":[[-122.5837,38.4428],[-122.5843,38.4424]]},"properties":{"Name":"PG&E 230kV","kV":"230","kV_Sort":230,"Owner":"PG&E","Status":"Operational","Circuit":"Single","TLine_Name":" ","Length_Mile":0}},{"type":"Feature","geometry":{"type":"LineString","coordinates":[[-121.761,37.9458],[-121.7598,37.9462]]},"properties":{"Name":"PG&E 230kV","kV":"230","kV_Sort":230,"Owner":"PG&E","Status":"Operational","Circuit":"Single","TLine_Name":" ","Length_Mile":0}},{"type":"Feature","geometry":{"type":"LineString","coordinates":[[-119.3311,35.1621],[-119.3489,35.158]]},"properties":{"Name":"PG&E 230kV","kV":"230","kV_Sort":230,"Owner":"PG&E","Status":"Operational","Circuit":"Single","TLine_Name":" ","Length_Mile":1}},{"type":"Feature","geometry":{"type":"LineString","coordinates":[[-119.3304,35.1612],[-119.3342,35.161]]},"properties":{"Name":"PG&E 230kV","kV":"230","kV_Sort":230,"Owner":"PG&E","Status":"Operational","Circuit":"Single","TLine_Name":" ","Length_Mile":0}},{"type":"Feature","geometry":{"type":"LineString","coordinates":[[-121.3503,38.508],[-121.2529,38.5216]]},"properties":{"Name":"PG&E 230kV","kV":"230","kV_Sort":230,"Owner":"PG&E","Status":"Operational","Circuit":"Double","TLine_Name":" ","Length_Mile":5}},{"type":"Feature","geometry":{"type":"LineString","coordinates":[[-121.2529,38.5216],[-121.262,38.5202]]},"properties":{"Name":"PG&E 230kV","kV":"230","kV_Sort":230,"Owner":"PG&E","Status":"Operational","Circuit":"Single","TLine_Name":" ","Length_Mile":1}},{"type":"Feature","geometry":{"type":"LineString","coordinates":[[-121.1402,38.684],[-121.1353,38.6554]]},"properties":{"Name":"PG&E 230kV","kV":"230","kV_Sort":230,"Owner":"PG&E","Status":"Operational","Circuit":"Double","TLine_Name":" ","Length_Mile":2}},{"type":"Feature","geometry":{"type":"LineString","coordinates":[[-121.1353,38.6554],[-121.136,38.6571]]},"properties":{"Name":"PG&E 230kV","kV":"230","kV_Sort":230,"Owner":"PG&E","Status":"Operational","Circuit":"Double","TLine_Name":" ","Length_Mile":0}},{"type":"Feature","geometry":{"type":"LineString","coordinates":[[-121.1353,38.6554],[-121.1458,38.6108],[-121.2432,38.5231],[-121.2529,38.5216]]},"properties":{"Name":"PG&E 230kV","kV":"230","kV_Sort":230,"Owner":"PG&E","Status":"Operational","Circuit":"Double","TLine_Name":" ","Length_Mile":12}},{"type":"Feature","geometry":{"type":"LineString","coordinates":[[-121.6033,37.7975],[-121.6045,37.7873],[-121.6265,37.7806]]},"properties":{"Name":"PG&E 230kV","kV":"230","kV_Sort":230,"Owner":"PG&E","Status":"Operational","Circuit":"Single","TLine_Name":" ","Length_Mile":2}},{"type":"Feature","geometry":{"type":"LineString","coordinates":[[-122.3935,37.7876],[-122.4156,37.7695],[-122.4096,37.7043]]},"properties":{"Name":"PG&E 115kV","kV":"230","kV_Sort":230,"Owner":"PG&E","Status":"Operational","Circuit":"Single","TLine_Name":" ","Length_Mile":7}},{"type":"Feature","geometry":{"type":"LineString","coordinates":[[-122.3935,37.7876],[-122.4108,37.7694],[-122.4022,37.7279],[-122.4114,37.7058]]},"properties":{"Name":"PG&E 115kV","kV":"230","kV_Sort":230,"Owner":"PG&E","Status":"Operational","Circuit":"Single","TLine_Name":" ","Length_Mile":7}},{"type":"Feature","geometry":{"type":"LineString","coordinates":[[-122.4462,37.6221],[-122.3763,37.5528]]},"properties":{"Name":"PG&E 230kV","kV":"230","kV_Sort":230,"Owner":"PG&E","Status":"Operational","Circuit":"Double","TLine_Name":" ","Length_Mile":6}},{"type":"Feature","geometry":{"type":"LineString","coordinates":[[-122.3768,37.5528],[-122.3401,37.5113]]},"properties":{"Name":"PG&E 230kV","kV":"230","kV_Sort":230,"Owner":"PG&E","Status":"Operational","Circuit":"Double","TLine_Name":" ","Length_Mile":4}},{"type":"Feature","geometry":{"type":"LineString","coordinates":[[-122.3396,37.5115],[-122.3091,37.4787],[-122.2911,37.4703],[-122.2864,37.4576]]},"properties":{"Name":"PG&E 230kV","kV":"230","kV_Sort":230,"Owner":"PG&E","Status":"Operational","Circuit":"Double","TLine_Name":" ","Length_Mile":5}},{"type":"Feature","geometry":{"type":"LineString","coordinates":[[-121.8964,38.0367],[-121.9047,38.0336],[-121.9081,37.9926],[-121.8896,37.9633]]},"properties":{"Name":"PG&E 230kV","kV":"230","kV_Sort":230,"Owner":"PG&E","Status":"Operational","Circuit":"Single","TLine_Name":" ","Length_Mile":6}},{"type":"Feature","geometry":{"type":"LineString","coordinates":[[-121.62,37.7991],[-121.621,37.8006]]},"properties":{"Name":"PG&E 230kV","kV":"230","kV_Sort":230,"Owner":"PG&E","Status":"Operational","Circuit":"Single","TLine_Name":" ","Length_Mile":0}},{"type":"Feature","geometry":{"type":"LineString","coordinates":[[-120.8042,37.7418],[-120.8039,37.7408]]},"properties":{"Name":"PG&E 230kV","kV":"230","kV_Sort":230,"Owner":"PG&E","Status":"Operational","Circuit":"Single","TLine_Name":" ","Length_Mile":0}},{"type":"Feature","geometry":{"type":"LineString","coordinates":[[-120.6402,36.7357],[-120.6588,36.7351]]},"properties":{"Name":"PG&E 230kV","kV":"230","kV_Sort":230,"Owner":"PG&E","Status":"Operational","Circuit":"Single","TLine_Name":" ","Length_Mile":1}},{"type":"Feature","geometry":{"type":"LineString","coordinates":[[-120.9452,37.0134],[-120.9648,37.0135]]},"properties":{"Name":"PG&E 230kV","kV":"230","kV_Sort":230,"Owner":"PG&E","Status":"Operational","Circuit":"Single","TLine_Name":" ","Length_Mile":1}},{"type":"Feature","geometry":{"type":"LineString","coordinates":[[-120.976,37.0204],[-120.9859,37.0266]]},"properties":{"Name":"PG&E 230kV","kV":"230","kV_Sort":230,"Owner":"PG&E","Status":"Operational","Circuit":"Single","TLine_Name":" ","Length_Mile":1}},{"type":"Feature","geometry":{"type":"LineString","coordinates":[[-120.9077,36.9987],[-120.9324,36.9934]]},"properties":{"Name":"PG&E 230kV","kV":"230","kV_Sort":230,"Owner":"PG&E","Status":"Operational","Circuit":"Single","TLine_Name":" ","Length_Mile":1}},{"type":"Feature","geometry":{"type":"LineString","coordinates":[[-120.7097,36.7896],[-120.7113,36.7781],[-120.7297,36.78]]},"properties":{"Name":"PG&E 230kV","kV":"230","kV_Sort":230,"Owner":"PG&E","Status":"Operational","Circuit":"Single","TLine_Name":" ","Length_Mile":2}},{"type":"Feature","geometry":{"type":"LineString","coordinates":[[-119.8683,36.8121],[-119.8589,36.8219]]},"properties":{"Name":"PG&E 230kV","kV":"230","kV_Sort":230,"Owner":"PG&E","Status":"Operational","Circuit":"Single","TLine_Name":" ","Length_Mile":1}},{"type":"Feature","geometry":{"type":"LineString","coordinates":[[-120.6813,35.555],[-120.6803,35.555]]},"properties":{"Name":"PG&E 230kV","kV":"230","kV_Sort":230,"Owner":"PG&E","Status":"Operational","Circuit":"Single","TLine_Name":" ","Length_Mile":0}},{"type":"Feature","geometry":{"type":"LineString","coordinates":[[-122.235,38.0536],[-122.2345,38.0534]]},"properties":{"Name":"PG&E 230kV","kV":"230","kV_Sort":230,"Owner":"PG&E","Status":"Operational","Circuit":"Single","TLine_Name":" ","Length_Mile":0}},{"type":"Feature","geometry":{"type":"LineString","coordinates":[[-122.2343,38.0535],[-122.2345,38.0534]]},"properties":{"Name":"PG&E 230kV","kV":"230","kV_Sort":230,"Owner":"PG&E","Status":"Operational","Circuit":"Single","TLine_Name":" ","Length_Mile":0}},{"type":"Feature","geometry":{"type":"LineString","coordinates":[[-121.8664,38.2217],[-121.8669,38.2215]]},"properties":{"Name":"PG&E 230kV","kV":"230","kV_Sort":230,"Owner":"PG&E","Status":"Operational","Circuit":"Single","TLine_Name":" ","Length_Mile":0}},{"type":"Feature","geometry":{"type":"LineString","coordinates":[[-121.8301,38.1277],[-121.8308,38.1274]]},"properties":{"Name":"PG&E 230kV","kV":"230","kV_Sort":230,"Owner":"PG&E","Status":"Operational","Circuit":"Single","TLine_Name":" ","Length_Mile":0}},{"type":"Feature","geometry":{"type":"LineString","coordinates":[[-121.8297,38.1278],[-121.8308,38.1274]]},"properties":{"Name":"PG&E 500kV","kV":"500","kV_Sort":500,"Owner":"PG&E","Status":"Operational","Circuit":"Single","TLine_Name":" ","Length_Mile":0}},{"type":"Feature","geometry":{"type":"LineString","coordinates":[[-121.8294,38.1257],[-121.8302,38.1247]]},"properties":{"Name":"PG&E 230kV","kV":"230","kV_Sort":230,"Owner":"PG&E","Status":"Operational","Circuit":"Single","TLine_Name":" ","Length_Mile":0}},{"type":"Feature","geometry":{"type":"LineString","coordinates":[[-121.8307,38.1248],[-121.8323,38.1253]]},"properties":{"Name":"PG&E 230kV","kV":"230","kV_Sort":230,"Owner":"PG&E","Status":"Operational","Circuit":"Single","TLine_Name":" ","Length_Mile":0}},{"type":"Feature","geometry":{"type":"LineString","coordinates":[[-121.8287,38.1239],[-121.8292,38.1236]]},"properties":{"Name":"PG&E 230kV","kV":"230","kV_Sort":230,"Owner":"PG&E","Status":"Operational","Circuit":"Single","TLine_Name":" ","Length_Mile":0}},{"type":"Feature","geometry":{"type":"LineString","coordinates":[[-120.6689,38.3318],[-120.6698,38.3315]]},"properties":{"Name":"PG&E 230kV","kV":"230","kV_Sort":230,"Owner":"PG&E","Status":"Operational","Circuit":"Single","TLine_Name":" ","Length_Mile":0}},{"type":"Feature","geometry":{"type":"LineString","coordinates":[[-122.7672,38.7958],[-122.767,38.796]]},"properties":{"Name":"PG&E 230kV","kV":"230","kV_Sort":230,"Owner":"PG&E","Status":"Operational","Circuit":"Single","TLine_Name":" ","Length_Mile":0}},{"type":"Feature","geometry":{"type":"LineString","coordinates":[[-122.7119,38.766],[-122.7119,38.7658]]},"properties":{"Name":"PG&E 230kV","kV":"230","kV_Sort":230,"Owner":"PG&E","Status":"Operational","Circuit":"Single","TLine_Name":" ","Length_Mile":0}},{"type":"Feature","geometry":{"type":"LineString","coordinates":[[-122.7122,38.7661],[-122.7132,38.7662]]},"properties":{"Name":"PG&E 230kV","kV":"230","kV_Sort":230,"Owner":"PG&E","Status":"Operational","Circuit":"Single","TLine_Name":" ","Length_Mile":0}},{"type":"Feature","geometry":{"type":"LineString","coordinates":[[-122.2638,39.5392],[-122.263,39.5393]]},"properties":{"Name":"PG&E 230kV","kV":"230","kV_Sort":230,"Owner":"PG&E","Status":"Operational","Circuit":"Single","TLine_Name":" ","Length_Mile":0}},{"type":"Feature","geometry":{"type":"LineString","coordinates":[[-122.264,39.5395],[-122.2631,39.5395]]},"properties":{"Name":"PG&E 230kV","kV":"230","kV_Sort":230,"Owner":"PG&E","Status":"Operational","Circuit":"Single","TLine_Name":" ","Length_Mile":0}},{"type":"Feature","geometry":{"type":"LineString","coordinates":[[-122.1432,39.7788],[-122.1429,39.7779]]},"properties":{"Name":"PG&E 230kV","kV":"230","kV_Sort":230,"Owner":"PG&E","Status":"Operational","Circuit":"Single","TLine_Name":" ","Length_Mile":0}},{"type":"Feature","geometry":{"type":"LineString","coordinates":[[-121.7471,37.2221],[-121.7466,37.2214]]},"properties":{"Name":"PG&E 230kV","kV":"230","kV_Sort":230,"Owner":"PG&E","Status":"Operational","Circuit":"Single","TLine_Name":" ","Length_Mile":0}},{"type":"Feature","geometry":{"type":"LineString","coordinates":[[-121.6161,37.7676],[-121.6165,37.7672]]},"properties":{"Name":"PG&E 230kV","kV":"230","kV_Sort":230,"Owner":"PG&E","Status":"Operational","Circuit":"Single","TLine_Name":" ","Length_Mile":0}},{"type":"Feature","geometry":{"type":"LineString","coordinates":[[-121.8493,40.9871],[-121.8492,40.9863]]},"properties":{"Name":"PG&E 230kV","kV":"230","kV_Sort":230,"Owner":"PG&E","Status":"Operational","Circuit":"Single","TLine_Name":" ","Length_Mile":0}},{"type":"Feature","geometry":{"type":"LineString","coordinates":[[-122.2638,39.5384],[-122.261,39.5367]]},"properties":{"Name":"PG&E 230kV","kV":"230","kV_Sort":230,"Owner":"PG&E","Status":"Operational","Circuit":"Single","TLine_Name":" ","Length_Mile":0}},{"type":"Feature","geometry":{"type":"LineString","coordinates":[[-121.282,39.9881],[-121.2842,39.9866]]},"properties":{"Name":"PG&E 230kV","kV":"230","kV_Sort":230,"Owner":"PG&E","Status":"Operational","Circuit":"Single","TLine_Name":" ","Length_Mile":0}},{"type":"Feature","geometry":{"type":"LineString","coordinates":[[-121.6325,39.5141],[-121.6304,39.5152]]},"properties":{"Name":"PG&E 230kV","kV":"230","kV_Sort":230,"Owner":"PG&E","Status":"Operational","Circuit":"Single","TLine_Name":" ","Length_Mile":0}},{"type":"Feature","geometry":{"type":"LineString","coordinates":[[-121.4358,39.8122],[-121.4319,39.8093]]},"properties":{"Name":"PG&E 230kV","kV":"230","kV_Sort":230,"Owner":"PG&E","Status":"Operational","Circuit":"Single","TLine_Name":" ","Length_Mile":0}},{"type":"Feature","geometry":{"type":"LineString","coordinates":[[-121.4356,39.8119],[-121.4319,39.8093]]},"properties":{"Name":"PG&E 230kV","kV":"230","kV_Sort":230,"Owner":"PG&E","Status":"Operational","Circuit":"Single","TLine_Name":" ","Length_Mile":0}},{"type":"Feature","geometry":{"type":"LineString","coordinates":[[-122.2629,39.3695],[-122.2701,39.369]]},"properties":{"Name":"PG&E 230kV","kV":"230","kV_Sort":230,"Owner":"PG&E","Status":"Operational","Circuit":"Single","TLine_Name":" ","Length_Mile":0}},{"type":"Feature","geometry":{"type":"LineString","coordinates":[[-122.2631,39.3674],[-122.269,39.3685]]},"properties":{"Name":"PG&E 230kV","kV":"230","kV_Sort":230,"Owner":"PG&E","Status":"Operational","Circuit":"Single","TLine_Name":" ","Length_Mile":0}},{"type":"Feature","geometry":{"type":"LineString","coordinates":[[-121.5161,39.454],[-121.5176,39.4544]]},"properties":{"Name":"PG&E 230kV","kV":"230","kV_Sort":230,"Owner":"PG&E","Status":"Operational","Circuit":"Single","TLine_Name":" ","Length_Mile":0}},{"type":"Feature","geometry":{"type":"LineString","coordinates":[[-120.5964,39.0246],[-120.5964,39.0242]]},"properties":{"Name":"PG&E 230kV","kV":"230","kV_Sort":230,"Owner":"PG&E","Status":"Operational","Circuit":"Single","TLine_Name":" ","Length_Mile":0}},{"type":"Feature","geometry":{"type":"LineString","coordinates":[[-122.7679,38.8348],[-122.7823,38.8245]]},"properties":{"Name":"PG&E 230kV","kV":"230","kV_Sort":230,"Owner":"PG&E","Status":"Operational","Circuit":"Single","TLine_Name":" ","Length_Mile":1}},{"type":"Feature","geometry":{"type":"LineString","coordinates":[[-121.3974,38.5328],[-121.3809,38.5364]]},"properties":{"Name":"PG&E 230kV","kV":"230","kV_Sort":230,"Owner":"PG&E","Status":"Operational","Circuit":"Single","TLine_Name":" ","Length_Mile":1}},{"type":"Feature","geometry":{"type":"LineString","coordinates":[[-120.4426,38.8638],[-120.4443,38.8643]]},"properties":{"Name":"SMUD 230kV","kV":"230","kV_Sort":230,"Owner":"PG&E","Status":"Operational","Circuit":"Single","TLine_Name":" ","Length_Mile":0}},{"type":"Feature","geometry":{"type":"LineString","coordinates":[[-122.1375,38.0724],[-122.1374,38.0809]]},"properties":{"Name":"PG&E 230kV","kV":"230","kV_Sort":230,"Owner":"PG&E","Status":"Operational","Circuit":"Single","TLine_Name":" ","Length_Mile":1}},{"type":"Feature","geometry":{"type":"LineString","coordinates":[[-122.0618,38.0188],[-122.0616,38.0182]]},"properties":{"Name":"PG&E 230kV","kV":"230","kV_Sort":230,"Owner":"PG&E","Status":"Operational","Circuit":"Single","TLine_Name":" ","Length_Mile":0}},{"type":"Feature","geometry":{"type":"LineString","coordinates":[[-122.0618,38.0188],[-122.0611,38.0184]]},"properties":{"Name":"PG&E 230kV","kV":"230","kV_Sort":230,"Owner":"PG&E","Status":"Operational","Circuit":"Single","TLine_Name":" ","Length_Mile":0}},{"type":"Feature","geometry":{"type":"LineString","coordinates":[[-121.9215,38.402],[-121.9226,38.4033]]},"properties":{"Name":"PG&E 230kV","kV":"230","kV_Sort":230,"Owner":"PG&E","Status":"Operational","Circuit":"Single","TLine_Name":" ","Length_Mile":0}},{"type":"Feature","geometry":{"type":"LineString","coordinates":[[-121.9208,38.405],[-121.9207,38.4031]]},"properties":{"Name":"PG&E 230kV","kV":"230","kV_Sort":230,"Owner":"PG&E","Status":"Operational","Circuit":"Single","TLine_Name":" ","Length_Mile":0}},{"type":"Feature","geometry":{"type":"LineString","coordinates":[[-121.8323,38.1253],[-121.8343,38.1257]]},"properties":{"Name":"PG&E 230kV","kV":"230","kV_Sort":230,"Owner":"PG&E","Status":"Operational","Circuit":"Single","TLine_Name":" ","Length_Mile":0}},{"type":"Feature","geometry":{"type":"LineString","coordinates":[[-121.7775,38.1204],[-121.8292,38.1236]]},"properties":{"Name":"PG&E 230kV","kV":"230","kV_Sort":230,"Owner":"PG&E","Status":"Operational","Circuit":"Single","TLine_Name":" ","Length_Mile":3}},{"type":"Feature","geometry":{"type":"LineString","coordinates":[[-121.7619,38.0156],[-121.7625,38.0186]]},"properties":{"Name":"PG&E 230kV","kV":"230","kV_Sort":230,"Owner":"PG&E","Status":"Operational","Circuit":"Single","TLine_Name":" ","Length_Mile":0}},{"type":"Feature","geometry":{"type":"LineString","coordinates":[[-121.7616,38.0155],[-121.7583,38.0173]]},"properties":{"Name":"PG&E 230kV","kV":"230","kV_Sort":230,"Owner":"PG&E","Status":"Operational","Circuit":"Single","TLine_Name":" ","Length_Mile":0}},{"type":"Feature","geometry":{"type":"LineString","coordinates":[[-120.3813,38.1446],[-120.3803,38.145]]},"properties":{"Name":"PG&E 230kV","kV":"230","kV_Sort":230,"Owner":"PG&E","Status":"Operational","Circuit":"Single","TLine_Name":" ","Length_Mile":0}},{"type":"Feature","geometry":{"type":"LineString","coordinates":[[-122.3617,37.53],[-122.3611,37.5337]]},"properties":{"Name":"PG&E 230kV","kV":"230","kV_Sort":230,"Owner":"PG&E","Status":"Operational","Circuit":"Single","TLine_Name":" ","Length_Mile":0}},{"type":"Feature","geometry":{"type":"LineString","coordinates":[[-121.9678,37.7823],[-121.9677,37.7821]]},"properties":{"Name":"PG&E 230kV","kV":"230","kV_Sort":230,"Owner":"PG&E","Status":"Operational","Circuit":"Single","TLine_Name":" ","Length_Mile":0}},{"type":"Feature","geometry":{"type":"LineString","coordinates":[[-121.908,37.8012],[-121.9077,37.8001]]},"properties":{"Name":"PG&E 230kV","kV":"230","kV_Sort":230,"Owner":"PG&E","Status":"Operational","Circuit":"Single","TLine_Name":" ","Length_Mile":0}},{"type":"Feature","geometry":{"type":"LineString","coordinates":[[-121.7287,37.791],[-121.7278,37.7914]]},"properties":{"Name":"PG&E 230kV","kV":"230","kV_Sort":230,"Owner":"PG&E","Status":"Operational","Circuit":"Single","TLine_Name":" ","Length_Mile":0}},{"type":"Feature","geometry":{"type":"LineString","coordinates":[[-121.6611,37.8221],[-121.6609,37.8212]]},"properties":{"Name":"PG&E 230kV","kV":"230","kV_Sort":230,"Owner":"PG&E","Status":"Operational","Circuit":"Single","TLine_Name":" ","Length_Mile":0}},{"type":"Feature","geometry":{"type":"LineString","coordinates":[[-121.6433,37.8006],[-121.6417,37.8012]]},"properties":{"Name":"PG&E 230kV","kV":"230","kV_Sort":230,"Owner":"PG&E","Status":"Operational","Circuit":"Single","TLine_Name":" ","Length_Mile":0}},{"type":"Feature","geometry":{"type":"LineString","coordinates":[[-121.6138,37.7649],[-121.6143,37.7643]]},"properties":{"Name":"PG&E 230kV","kV":"230","kV_Sort":230,"Owner":"PG&E","Status":"Operational","Circuit":"Single","TLine_Name":" ","Length_Mile":0}},{"type":"Feature","geometry":{"type":"LineString","coordinates":[[-121.5987,37.7472],[-121.5983,37.7474]]},"properties":{"Name":"PG&E 230kV","kV":"230","kV_Sort":230,"Owner":"PG&E","Status":"Operational","Circuit":"Single","TLine_Name":" ","Length_Mile":0}},{"type":"Feature","geometry":{"type":"LineString","coordinates":[[-121.9577,37.4895],[-121.9856,37.5002]]},"properties":{"Name":"PG&E 230kV","kV":"230","kV_Sort":230,"Owner":"PG&E","Status":"Operational","Circuit":"Single","TLine_Name":" ","Length_Mile":2}},{"type":"Feature","geometry":{"type":"LineString","coordinates":[[-121.9578,37.4896],[-121.9846,37.5001]]},"properties":{"Name":"PG&E 230kV","kV":"230","kV_Sort":230,"Owner":"PG&E","Status":"Operational","Circuit":"Single","TLine_Name":" ","Length_Mile":2}},{"type":"Feature","geometry":{"type":"LineString","coordinates":[[-121.958,37.4892],[-121.9487,37.4904],[-121.9305,37.4641]]},"properties":{"Name":"PG&E 230kV","kV":"230","kV_Sort":230,"Owner":"PG&E","Status":"Operational","Circuit":"Single","TLine_Name":" ","Length_Mile":3}},{"type":"Feature","geometry":{"type":"LineString","coordinates":[[-121.9302,37.4642],[-121.9484,37.4908],[-121.9578,37.4896]]},"properties":{"Name":"PG&E 230kV","kV":"230","kV_Sort":230,"Owner":"PG&E","Status":"Operational","Circuit":"Single","TLine_Name":" ","Length_Mile":3}},{"type":"Feature","geometry":{"type":"LineString","coordinates":[[-121.0752,37.0663],[-121.0774,37.069]]},"properties":{"Name":"PG&E 230kV","kV":"230","kV_Sort":230,"Owner":"PG&E","Status":"Operational","Circuit":"Single","TLine_Name":" ","Length_Mile":0}},{"type":"Feature","geometry":{"type":"LineString","coordinates":[[-121.0108,37.0415],[-121.0107,37.0417]]},"properties":{"Name":"PG&E 230kV","kV":"230","kV_Sort":230,"Owner":"PG&E","Status":"Operational","Circuit":"Single","TLine_Name":" ","Length_Mile":0}},{"type":"Feature","geometry":{"type":"LineString","coordinates":[[-120.7018,36.7151],[-120.7027,36.7138]]},"properties":{"Name":"PG&E 500kV","kV":"500","kV_Sort":500,"Owner":"PG&E","Status":"Operational","Circuit":"Single","TLine_Name":" ","Length_Mile":0}},{"type":"Feature","geometry":{"type":"LineString","coordinates":[[-119.0839,36.92],[-119.0877,36.9091]]},"properties":{"Name":"PG&E 230kV","kV":"230","kV_Sort":230,"Owner":"PG&E","Status":"Operational","Circuit":"Single","TLine_Name":" ","Length_Mile":1}},{"type":"Feature","geometry":{"type":"LineString","coordinates":[[-118.9775,35.0142],[-119.0041,35.0266]]},"properties":{"Name":"PG&E 230kV","kV":"230","kV_Sort":230,"Owner":"PG&E","Status":"Operational","Circuit":"Double","TLine_Name":" ","Length_Mile":2}},{"type":"Feature","geometry":{"type":"LineString","coordinates":[[-119.0973,35.3804],[-119.0972,35.3864],[-119.1639,35.387]]},"properties":{"Name":"PG&E 230kV","kV":"230","kV_Sort":230,"Owner":"PG&E","Status":"Operational","Circuit":"Double","TLine_Name":" ","Length_Mile":4}},{"type":"Feature","geometry":{"type":"LineString","coordinates":[[-121.8305,38.1274],[-121.8303,38.1246]]},"properties":{"Name":"PG&E 230kV","kV":"230","kV_Sort":230,"Owner":"PG&E","Status":"Operational","Circuit":"Single","TLine_Name":" ","Length_Mile":0}},{"type":"Feature","geometry":{"type":"LineString","coordinates":[[-121.025,38.2135],[-121.0333,38.2155]]},"properties":{"Name":"PG&E 230kV","kV":"230","kV_Sort":230,"Owner":"PG&E","Status":"Operational","Circuit":"Single","TLine_Name":" ","Length_Mile":0}},{"type":"Feature","geometry":{"type":"LineString","coordinates":[[-121.1191,37.2534],[-121.1182,37.2532]]},"properties":{"Name":"PG&E 230kV","kV":"230","kV_Sort":230,"Owner":"PG&E","Status":"Operational","Circuit":"Single","TLine_Name":" ","Length_Mile":0}},{"type":"Feature","geometry":{"type":"LineString","coordinates":[[-121.075,37.0661],[-121.0774,37.0692]]},"properties":{"Name":"PG&E 230kV","kV":"230","kV_Sort":230,"Owner":"PG&E","Status":"Operational","Circuit":"Single","TLine_Name":" ","Length_Mile":0}},{"type":"Feature","geometry":{"type":"LineString","coordinates":[[-121.076,37.0671],[-121.0774,37.0687]]},"properties":{"Name":"PG&E 230kV","kV":"230","kV_Sort":230,"Owner":"PG&E","Status":"Operational","Circuit":"Single","TLine_Name":" ","Length_Mile":0}},{"type":"Feature","geometry":{"type":"LineString","coordinates":[[-121.0762,37.0654],[-121.0774,37.0695]]},"properties":{"Name":"PG&E 230kV","kV":"230","kV_Sort":230,"Owner":"PG&E","Status":"Operational","Circuit":"Single","TLine_Name":" ","Length_Mile":0}},{"type":"Feature","geometry":{"type":"LineString","coordinates":[[-121.0712,37.0695],[-121.0753,37.0669]]},"properties":{"Name":"PG&E 230kV","kV":"230","kV_Sort":230,"Owner":"PG&E","Status":"Operational","Circuit":"Single","TLine_Name":" ","Length_Mile":0}},{"type":"Feature","geometry":{"type":"LineString","coordinates":[[-121.797,40.8903],[-121.7532,40.8594]]},"properties":{"Name":"PG&E 230kV","kV":"230","kV_Sort":230,"Owner":"PG&E","Status":"Operational","Circuit":"Single","TLine_Name":"Carberry-Hatchet Ridge Wind","Length_Mile":3}},{"type":"Feature","geometry":{"type":"LineString","coordinates":[[-121.498,40.9913],[-121.5486,40.9612]]},"properties":{"Name":"PG&E 230kV","kV":"230","kV_Sort":230,"Owner":"PG&E","Status":"Operational","Circuit":"Single","TLine_Name":"Pit 1 Ph-Hat Creek 2","Length_Mile":4}},{"type":"Feature","geometry":{"type":"LineString","coordinates":[[-121.5489,40.9615],[-121.4981,40.9913]]},"properties":{"Name":"PG&E 230kV","kV":"230","kV_Sort":230,"Owner":"PG&E","Status":"Operational","Circuit":"Single","TLine_Name":"Pit 1 Ph-Hat Creek 2","Length_Mile":3}},{"type":"Feature","geometry":{"type":"LineString","coordinates":[[-122.2637,40.3982],[-121.9393,40.7909],[-121.8219,40.8242],[-121.7754,40.8285],[-121.7517,40.8587]]},"properties":{"Name":"PG&E 230kV","kV":"230","kV_Sort":230,"Owner":"PG&E","Status":"Operational","Circuit":"Single","TLine_Name":"Carberry-Cottonwood","Length_Mile":44}},{"type":"Feature","geometry":{"type":"LineString","coordinates":[[-121.5489,40.9615],[-121.7525,40.8589]]},"properties":{"Name":"PG&E 230kV","kV":"230","kV_Sort":230,"Owner":"PG&E","Status":"Operational","Circuit":"Single","TLine_Name":"Hat Creek 2-Carberry","Length_Mile":13}},{"type":"Feature","geometry":{"type":"LineString","coordinates":[[-121.9295,40.9248],[-121.9305,40.9474],[-121.9055,40.9732],[-121.8493,40.9871]]},"properties":{"Name":"PG&E 230kV","kV":"230","kV_Sort":230,"Owner":"PG&E","Status":"Operational","Circuit":"Single","TLine_Name":"Pit 4-Round Mt. Tap","Length_Mile":7}},{"type":"Feature","geometry":{"type":"LineString","coordinates":[[-121.8317,38.1248],[-121.8309,38.1245]]},"properties":{"Name":"PG&E 230kV","kV":"230","kV_Sort":230,"Owner":"PG&E","Status":"Operational","Circuit":"Single","TLine_Name":null,"Length_Mile":0}},{"type":"Feature","geometry":{"type":"LineString","coordinates":[[-119.902,36.2422],[-120.0399,36.1732],[-120.1226,36.1426]]},"properties":{"Name":"PG&E 230kV","kV":"230","kV_Sort":230,"Owner":"PG&E","Status":"Operational","Circuit":"Double","TLine_Name":" ","Length_Mile":14}},{"type":"Feature","geometry":{"type":"LineString","coordinates":[[-117.7955,35.65],[-117.8662,35.8451],[-117.8551,35.8988],[-117.8181,35.9467],[-117.8239,35.9737],[-117.813,35.9827],[-117.8079,36.0282],[-117.798,36.0367]]},"properties":{"Name":"SCE 220kV","kV":"220","kV_Sort":220,"Owner":"SCE","Status":"Operational","Circuit":"Single","TLine_Name":" ","Length_Mile":29}},{"type":"Feature","geometry":{"type":"LineString","coordinates":[[-117.7962,35.6526],[-117.7955,35.65]]},"properties":{"Name":"SCE 220kV","kV":"220","kV_Sort":220,"Owner":"SCE","Status":"Operational","Circuit":"Double","TLine_Name":" ","Length_Mile":0}},{"type":"Feature","geometry":{"type":"LineString","coordinates":[[-117.7955,35.65],[-117.7137,35.4404],[-117.6453,35.3636],[-117.5575,35.0478],[-117.5347,35.0268],[-117.5347,34.9883],[-117.5417,34.9884]]},"properties":{"Name":"SCE 220kV","kV":"220","kV_Sort":220,"Owner":"SCE","Status":"Operational","Circuit":"Double","TLine_Name":" ","Length_Mile":49}},{"type":"Feature","geometry":{"type":"LineString","coordinates":[[-114.4814,33.5616],[-114.5039,33.5475],[-114.5478,33.5377],[-114.7432,33.5375],[-114.814,33.587],[-115.0949,33.5973],[-115.2105,33.6641],[-115.3414,33.6988],[-115.4791,33.6892],[-115.5586,33.6713]]},"properties":{"Name":"SCE 500kV","kV":"500","kV_Sort":500,"Owner":"SCE","Status":"Operational","Circuit":"Single","TLine_Name":"Colorado River - Valley","Length_Mile":66}},{"type":"Feature","geometry":{"type":"LineString","coordinates":[[-115.6268,33.7047],[-115.6336,33.7081],[-115.6974,33.675],[-115.8689,33.6707],[-116.034,33.6898],[-116.37,33.8303]]},"properties":{"Name":"SCE 220kV","kV":"220","kV_Sort":220,"Owner":"SCE","Status":"Operational","Circuit":"Single","TLine_Name":" ","Length_Mile":47}},{"type":"Feature","geometry":{"type":"LineString","coordinates":[[-117.2391,34.0608],[-117.2379,34.0795]]},"properties":{"Name":"SCE 220kV","kV":"220","kV_Sort":220,"Owner":"SCE","Status":"Operational","Circuit":"Double","TLine_Name":" ","Length_Mile":2}},{"type":"Feature","geometry":{"type":"LineString","coordinates":[[-117.2391,34.0789],[-117.2391,34.0608]]},"properties":{"Name":"SCE 220kV","kV":"220","kV_Sort":220,"Owner":"SCE","Status":"Operational","Circuit":"Double","TLine_Name":" ","Length_Mile":1}},{"type":"Feature","geometry":{"type":"LineString","coordinates":[[-116.5785,33.9336],[-116.6553,33.9267],[-116.8213,33.9317],[-116.8825,33.9523],[-116.9484,33.9472],[-117.074,33.9696],[-117.0868,33.9653],[-117.1422,33.9831],[-117.2404,34.0325],[-117.2391,34.0608]]},"properties":{"Name":"SCE 220kV","kV":"220","kV_Sort":220,"Owner":"SCE","Status":"Operational","Circuit":"Double","TLine_Name":" ","Length_Mile":42}},{"type":"Feature","geometry":{"type":"LineString","coordinates":[[-117.3188,34.0419],[-117.2519,34.037],[-117.1428,33.9829],[-117.0824,33.9632],[-117.0584,33.9656],[-116.948,33.9466],[-116.8656,33.9478],[-116.8212,33.9323],[-116.5788,33.9337]]},"properties":{"Name":"SCE 220kV","kV":"220","kV_Sort":220,"Owner":"SCE","Status":"Operational","Circuit":"Double","TLine_Name":" ","Length_Mile":45}},{"type":"Feature","geometry":{"type":"LineString","coordinates":[[-117.5251,34.0881],[-117.5269,34.058],[-117.5159,34.0572],[-117.5163,34.0462],[-117.3675,34.0498],[-117.3197,34.0413]]},"properties":{"Name":"SCE 220kV","kV":"220","kV_Sort":220,"Owner":"SCE","Status":"Operational","Circuit":"Double","TLine_Name":" ","Length_Mile":15}},{"type":"Feature","geometry":{"type":"LineString","coordinates":[[-117.3196,34.0417],[-117.3681,34.049],[-117.4864,34.0456],[-117.5217,34.0147],[-117.5432,34.0046],[-117.5633,34.0072]]},"properties":{"Name":"SCE 220kV","kV":"220","kV_Sort":220,"Owner":"SCE","Status":"Operational","Circuit":"Double","TLine_Name":" ","Length_Mile":15}},{"type":"Feature","geometry":{"type":"LineString","coordinates":[[-117.3893,34.505],[-117.3932,34.521],[-117.4439,34.5208],[-117.4458,34.6761],[-117.5431,34.9885]]},"properties":{"Name":"SCE 220kV","kV":"220","kV_Sort":220,"Owner":"SCE","Status":"Operational","Circuit":"Double","TLine_Name":" ","Length_Mile":37}},{"type":"Feature","geometry":{"type":"LineString","coordinates":[[-117.364,34.3674],[-117.3467,34.3769],[-117.347,34.3863],[-117.3885,34.5041]]},"properties":{"Name":"SCE 220kV","kV":"220","kV_Sort":220,"Owner":"SCE","Status":"Operational","Circuit":"Double","TLine_Name":" ","Length_Mile":11}},{"type":"Feature","geometry":{"type":"LineString","coordinates":[[-117.364,34.3674],[-117.364,34.3674]]},"properties":{"Name":"SCE 220kV","kV":"220","kV_Sort":220,"Owner":"SCE","Status":"Operational","Circuit":"Double","TLine_Name":" ","Length_Mile":0}},{"type":"Feature","geometry":{"type":"LineString","coordinates":[[-117.364,34.3674],[-117.364,34.3674]]},"properties":{"Name":"SCE 220kV","kV":"220","kV_Sort":220,"Owner":"SCE","Status":"Operational","Circuit":"Double","TLine_Name":" ","Length_Mile":0}},{"type":"Feature","geometry":{"type":"LineString","coordinates":[[-117.3678,34.3667],[-117.364,34.3674]]},"properties":{"Name":"SCE 220kV","kV":"220","kV_Sort":220,"Owner":"SCE","Status":"Operational","Circuit":"Double","TLine_Name":" ","Length_Mile":0}},{"type":"Feature","geometry":{"type":"LineString","coordinates":[[-117.3694,34.3672],[-117.347,34.3772],[-117.3468,34.387],[-117.3777,34.4799],[-117.3222,34.5618]]},"properties":{"Name":"SCE 500kV","kV":"500","kV_Sort":500,"Owner":"SCE","Status":"Operational","Circuit":"Single","TLine_Name":" ","Length_Mile":15}},{"type":"Feature","geometry":{"type":"LineString","coordinates":[[-117.3626,34.5952],[-117.3441,34.5764],[-117.3471,34.5541],[-117.3647,34.5433],[-117.3886,34.5045]]},"properties":{"Name":"SCE 220kV","kV":"220","kV_Sort":220,"Owner":"SCE","Status":"Operational","Circuit":"Single","TLine_Name":" ","Length_Mile":8}},{"type":"Feature","geometry":{"type":"LineString","coordinates":[[-116.3847,34.7818],[-116.3314,34.8268],[-116.2109,34.895],[-116.1718,34.9381],[-116.092,34.9971],[-116.0246,35.0308],[-115.9474,35.042],[-115.8449,35.083],[-115.671,35.18],[-115.5156,35.2525]]},"properties":{"Name":"SCE 220kV","kV":"220","kV_Sort":220,"Owner":"SCE","Status":"Operational","Circuit":"Double","TLine_Name":" ","Length_Mile":60}},{"type":"Feature","geometry":{"type":"LineString","coordinates":[[-116.3843,34.7817],[-116.331,34.8264],[-116.2107,34.8948],[-116.1713,34.9377],[-116.0917,34.9967],[-116.0241,35.0304],[-115.9534,35.0399],[-115.8345,35.0821],[-115.8214,35.1006],[-115.7948,35.1156],[-115.5153,35.252]]},"properties":{"Name":"SCE 220kV","kV":"220","kV_Sort":220,"Owner":"SCE","Status":"Operational","Circuit":"Double","TLine_Name":" ","Length_Mile":60}},{"type":"Feature","geometry":{"type":"LineString","coordinates":[[-116.5766,33.939],[-116.5752,33.9316],[-116.6093,33.9316],[-116.6426,33.9173],[-116.6738,33.9154],[-116.7155,33.8832],[-116.7336,33.8838],[-116.7452,33.8995],[-116.8345,33.903],[-116.8426,33.9114],[-116.9995,33.8935],[-117.123,33.788],[-117.1581,33.7531],[-117.1575,33.7405]]},"properties":{"Name":"SCE 500kV","kV":"500","kV_Sort":500,"Owner":"SCE","Status":"Operational","Circuit":"Single","TLine_Name":" ","Length_Mile":42}},{"type":"Feature","geometry":{"type":"LineString","coordinates":[[-116.5774,33.9329],[-116.8212,33.9321],[-116.8655,33.9474],[-116.9479,33.9464],[-117.0585,33.9653],[-117.0822,33.9627],[-117.1428,33.9825],[-117.2398,34.0314],[-117.2383,34.0789]]},"properties":{"Name":"SCE 220kV","kV":"220","kV_Sort":220,"Owner":"SCE","Status":"Operational","Circuit":"Single","TLine_Name":" ","Length_Mile":43}},{"type":"Feature","geometry":{"type":"LineString","coordinates":[[-118.1183,34.484],[-118.1238,34.4742],[-118.0702,34.4019],[-118.0973,34.3646],[-118.0947,34.3394],[-118.0486,34.292],[-118.0165,34.2369],[-117.9815,34.2174],[-117.9612,34.2164],[-117.9435,34.1591]]},"properties":{"Name":"SCE 220kV","kV":"220","kV_Sort":220,"Owner":"SCE","Status":"Operational","Circuit":"Single","TLine_Name":" ","Length_Mile":28}},{"type":"Feature","geometry":{"type":"LineString","coordinates":[[-117.3673,34.3656],[-117.3261,34.3488],[-117.307,34.3651],[-117.1815,34.3671],[-117.0678,34.4147],[-117.068,34.4295],[-117.0484,34.4614],[-117.0107,34.4786],[-116.9467,34.5477],[-116.8133,34.5766],[-116.748,34.6067],[-116.6286,34.6168],[-116.5867,34.636],[-116.4215,34.7359],[-116.3935,34.7753],[-116.3328,34.8266],[-116.2113,34.8954],[-116.1722,34.9384],[-116.0923,34.9976],[-116.0248,35.0313],[-115.9561,35.0409],[-115.8453,35.0834],[-115.6679,35.1823],[-115.5039,35.2585],[-115.2135,35.4664]]},"properties":{"Name":"SCE 500kV","kV":"500","kV_Sort":500,"Owner":"SCE","Status":"Operational","Circuit":"Single","TLine_Name":" ","Length_Mile":150}},{"type":"Feature","geometry":{"type":"LineString","coordinates":[[-117.3675,34.3651],[-117.3259,34.3484],[-117.3068,34.3647],[-117.1814,34.3668],[-117.0674,34.4143],[-117.0676,34.4294],[-117.0481,34.4611],[-117.0104,34.4784],[-116.9465,34.5474],[-116.8132,34.5763],[-116.7478,34.6063],[-116.6285,34.6164],[-116.5037,34.6821],[-116.4655,34.7144],[-116.4212,34.7356],[-116.4034,34.7611],[-116.3577,34.7805],[-116.2916,34.7582],[-116.194,34.7426],[-115.9643,34.8227],[-115.8295,34.8605],[-115.5713,34.9124],[-115.4669,34.9095],[-115.1699,34.9358],[-114.9438,34.9871],[-114.747,35.0937]]},"properties":{"Name":"SCE 500kV","kV":"500","kV_Sort":500,"Owner":"SCE","Status":"Operational","Circuit":"Single","TLine_Name":" ","Length_Mile":166}},{"type":"Feature","geometry":{"type":"LineString","coordinates":[[-119.0835,35.8382],[-119.0706,35.8017],[-119.0241,35.5317],[-118.9228,35.4344],[-118.9229,35.4125]]},"properties":{"Name":"SCE 220kV","kV":"220","kV_Sort":220,"Owner":"SCE","Status":"Operational","Circuit":"Single","TLine_Name":" ","Length_Mile":32}},{"type":"Feature","geometry":{"type":"LineString","coordinates":[[-118.9229,35.4125],[-118.9224,35.3612]]},"properties":{"Name":"SCE 220kV","kV":"220","kV_Sort":220,"Owner":"SCE","Status":"Operational","Circuit":"Single","TLine_Name":" ","Length_Mile":4}},{"type":"Feature","geometry":{"type":"LineString","coordinates":[[-119.0835,35.8382],[-119.0844,35.8415]]},"properties":{"Name":"SCE 220kV","kV":"220","kV_Sort":220,"Owner":"SCE","Status":"Operational","Circuit":"Single","TLine_Name":" ","Length_Mile":0}},{"type":"Feature","geometry":{"type":"LineString","coordinates":[[-119.0835,35.8382],[-119.0835,35.8382]]},"properties":{"Name":"SCE 220kV","kV":"220","kV_Sort":220,"Owner":"SCE","Status":"Operational","Circuit":"Single","TLine_Name":" ","Length_Mile":0}},{"type":"Feature","geometry":{"type":"LineString","coordinates":[[-118.9222,35.3612],[-118.9226,35.4344],[-119.0238,35.5317],[-119.0704,35.8017],[-119.0835,35.8382]]},"properties":{"Name":"SCE 220kV","kV":"220","kV_Sort":220,"Owner":"SCE","Status":"Operational","Circuit":"Single","TLine_Name":" ","Length_Mile":35}},{"type":"Feature","geometry":{"type":"LineString","coordinates":[[-118.9221,35.3609],[-118.9231,35.208],[-118.8432,34.9354]]},"properties":{"Name":"SCE 220kV","kV":"220","kV_Sort":220,"Owner":"SCE","Status":"Operational","Circuit":"Single","TLine_Name":" ","Length_Mile":30}},{"type":"Feature","geometry":{"type":"LineString","coordinates":[[-118.8429,34.9354],[-118.9229,35.208],[-118.9218,35.3609]]},"properties":{"Name":"SCE 220kV","kV":"220","kV_Sort":220,"Owner":"SCE","Status":"Operational","Circuit":"Single","TLine_Name":" ","Length_Mile":30}},{"type":"Feature","geometry":{"type":"LineString","coordinates":[[-118.9216,35.3609],[-118.9226,35.208],[-118.8429,34.9359]]},"properties":{"Name":"SCE 220kV","kV":"220","kV_Sort":220,"Owner":"SCE","Status":"Operational","Circuit":"Single","TLine_Name":" ","Length_Mile":30}},{"type":"Feature","geometry":{"type":"LineString","coordinates":[[-118.8425,34.9358],[-118.8452,34.9544]]},"properties":{"Name":"SCE 220kV","kV":"220","kV_Sort":220,"Owner":"SCE","Status":"Operational","Circuit":"Double","TLine_Name":" ","Length_Mile":1}},{"type":"Feature","geometry":{"type":"LineString","coordinates":[[-118.9212,35.3612],[-118.9162,35.9311],[-118.9205,36.0477],[-118.937,36.1082]]},"properties":{"Name":"SCE 220kV","kV":"220","kV_Sort":220,"Owner":"SCE","Status":"Operational","Circuit":"Single","TLine_Name":" ","Length_Mile":52}},{"type":"Feature","geometry":{"type":"LineString","coordinates":[[-118.9369,36.108],[-118.9207,36.0476],[-118.9165,35.9311],[-118.9216,35.3613]]},"properties":{"Name":"SCE 220kV","kV":"220","kV_Sort":220,"Owner":"SCE","Status":"Operational","Circuit":"Single","TLine_Name":" ","Length_Mile":52}},{"type":"Feature","geometry":{"type":"LineString","coordinates":[[-118.9371,36.1085],[-119.0053,36.3886],[-119.0616,36.4598],[-119.201,36.7275],[-119.2589,36.7713],[-119.3128,36.7884],[-119.3656,36.8549],[-119.4596,36.9272],[-119.5108,37.1076],[-119.4888,37.1388],[-119.4511,37.15],[-119.3891,37.1486]]},"properties":{"Name":"SCE 220kV","kV":"220","kV_Sort":220,"Owner":"SCE","Status":"Operational","Circuit":"Single","TLine_Name":" ","Length_Mile":87}},{"type":"Feature","geometry":{"type":"LineString","coordinates":[[-118.9375,36.1083],[-119.0055,36.3885],[-119.0619,36.4598],[-119.2494,36.8257],[-119.3013,36.8896],[-119.3318,36.9985],[-119.3891,37.1482]]},"properties":{"Name":"SCE 220kV","kV":"220","kV_Sort":220,"Owner":"SCE","Status":"Operational","Circuit":"Single","TLine_Name":" ","Length_Mile":77}},{"type":"Feature","geometry":{"type":"LineString","coordinates":[[-119.388,37.1481],[-119.3618,37.1459],[-119.3328,37.1806],[-119.2983,37.189],[-119.3069,37.2]]},"properties":{"Name":"SCE 220kV","kV":"220","kV_Sort":220,"Owner":"SCE","Status":"Operational","Circuit":"Single","TLine_Name":" ","Length_Mile":7}},{"type":"Feature","geometry":{"type":"LineString","coordinates":[[-119.3889,37.1486],[-119.3653,37.1923],[-119.3279,37.2132],[-119.3379,37.2205]]},"properties":{"Name":"SCE 220kV","kV":"220","kV_Sort":220,"Owner":"SCE","Status":"Operational","Circuit":"Single","TLine_Name":" ","Length_Mile":7}},{"type":"Feature","geometry":{"type":"LineString","coordinates":[[-119.2433,36.3045],[-119.2412,36.5181],[-119.3976,36.7911],[-119.4256,36.8082],[-119.459,36.8625],[-119.4562,36.9328],[-119.4294,36.9741],[-119.3774,37.0286],[-119.3619,37.1453],[-119.3887,37.1483]]},"properties":{"Name":"SCE 220kV","kV":"220","kV_Sort":220,"Owner":"SCE","Status":"Operational","Circuit":"Single","TLine_Name":" ","Length_Mile":64}},{"type":"Feature","geometry":{"type":"LineString","coordinates":[[-119.2431,36.3045],[-119.2409,36.5182],[-119.3974,36.7913],[-119.4254,36.8084],[-119.4587,36.8626],[-119.4559,36.9327],[-119.4292,36.974],[-119.3771,37.0285],[-119.3616,37.1454],[-119.3885,37.1482]]},"properties":{"Name":"SCE 220kV","kV":"220","kV_Sort":220,"Owner":"SCE","Status":"Operational","Circuit":"Single","TLine_Name":" ","Length_Mile":64}},{"type":"Feature","geometry":{"type":"LineString","coordinates":[[-119.2434,36.3037],[-119.0847,35.8417]]},"properties":{"Name":"SCE 220kV","kV":"220","kV_Sort":220,"Owner":"SCE","Status":"Operational","Circuit":"Single","TLine_Name":" ","Length_Mile":33}},{"type":"Feature","geometry":{"type":"LineString","coordinates":[[-119.2431,36.3037],[-119.0846,35.842]]},"properties":{"Name":"SCE 220kV","kV":"220","kV_Sort":220,"Owner":"SCE","Status":"Operational","Circuit":"Single","TLine_Name":" ","Length_Mile":33}},{"type":"Feature","geometry":{"type":"LineString","coordinates":[[-117.371,34.3678],[-117.3809,34.3749],[-117.4444,34.3746],[-117.583,34.4764],[-117.7209,34.5331],[-118.1033,34.4995],[-118.1177,34.4871]]},"properties":{"Name":"SCE 500kV","kV":"500","kV_Sort":500,"Owner":"SCE","Status":"Operational","Circuit":"Single","TLine_Name":" ","Length_Mile":47}},{"type":"Feature","geometry":{"type":"LineString","coordinates":[[-117.37,34.3672],[-117.381,34.3746],[-117.4447,34.3743],[-117.5834,34.4762],[-117.721,34.5328],[-118.1032,34.4992],[-118.1173,34.4869]]},"properties":{"Name":"SCE 500kV","kV":"500","kV_Sort":500,"Owner":"SCE","Status":"Operational","Circuit":"Single","TLine_Name":" ","Length_Mile":47}},{"type":"Feature","geometry":{"type":"LineString","coordinates":[[-118.1764,33.8816],[-118.1731,33.9334],[-118.1486,33.9764]]},"properties":{"Name":"SCE 220kV","kV":"220","kV_Sort":220,"Owner":"SCE","Status":"Operational","Circuit":"Double","TLine_Name":" ","Length_Mile":7}},{"type":"Feature","geometry":{"type":"LineString","coordinates":[[-118.1744,33.8812],[-118.1729,33.9333],[-118.1481,33.9753]]},"properties":{"Name":"SCE 220kV","kV":"220","kV_Sort":220,"Owner":"SCE","Status":"Operational","Circuit":"Double","TLine_Name":" ","Length_Mile":7}},{"type":"Feature","geometry":{"type":"LineString","coordinates":[[-116.5774,33.9338],[-116.5497,33.9331],[-116.4645,33.8649],[-116.3691,33.83]]},"properties":{"Name":"SCE 220kV","kV":"220","kV_Sort":220,"Owner":"SCE","Status":"Operational","Circuit":"Single","TLine_Name":"Path 42","Length_Mile":14}},{"type":"Feature","geometry":{"type":"LineString","coordinates":[[-118.184,34.1511],[-118.1892,34.1651]]},"properties":{"Name":"SCE 220kV","kV":"220","kV_Sort":220,"Owner":"SCE","Status":"Operational","Circuit":"Single","TLine_Name":" ","Length_Mile":1}},{"type":"Feature","geometry":{"type":"LineString","coordinates":[[-119.3883,37.1482],[-119.3615,37.1457],[-119.3327,37.1804],[-119.258,37.1903],[-119.243,37.2038]]},"properties":{"Name":"SCE 220kV","kV":"220","kV_Sort":220,"Owner":"SCE","Status":"Operational","Circuit":"Single","TLine_Name":" ","Length_Mile":10}},{"type":"Feature","geometry":{"type":"LineString","coordinates":[[-117.5652,34.0052],[-117.5636,34.0066]]},"properties":{"Name":"SCE 220kV","kV":"220","kV_Sort":220,"Owner":"SCE","Status":"Operational","Circuit":"Double","TLine_Name":" ","Length_Mile":0}},{"type":"Feature","geometry":{"type":"LineString","coordinates":[[-117.5652,34.0052],[-117.5653,34.0066]]},"properties":{"Name":"SCE 220kV","kV":"220","kV_Sort":220,"Owner":"SCE","Status":"Operational","Circuit":"Double","TLine_Name":" ","Length_Mile":0}},{"type":"Feature","geometry":{"type":"LineString","coordinates":[[-117.588,34.0107],[-117.6772,33.9985]]},"properties":{"Name":"SCE 220kV","kV":"220","kV_Sort":220,"Owner":"SCE","Status":"Operational","Circuit":"Double","TLine_Name":" ","Length_Mile":5}},{"type":"Feature","geometry":{"type":"LineString","coordinates":[[-117.6333,34.1608],[-117.5405,34.1667],[-117.5408,34.0903],[-117.5322,34.0882]]},"properties":{"Name":"SCE 220kV","kV":"220","kV_Sort":220,"Owner":"SCE","Status":"Operational","Circuit":"Double","TLine_Name":" ","Length_Mile":11}},{"type":"Feature","geometry":{"type":"LineString","coordinates":[[-117.6349,34.1557],[-117.6333,34.1608]]},"properties":{"Name":"SCE 220kV","kV":"220","kV_Sort":220,"Owner":"SCE","Status":"Operational","Circuit":"Single","TLine_Name":" ","Length_Mile":0}},{"type":"Feature","geometry":{"type":"LineString","coordinates":[[-117.6333,34.1608],[-117.6349,34.1557]]},"properties":{"Name":"SCE 220kV","kV":"220","kV_Sort":220,"Owner":"SCE","Status":"Operational","Circuit":"Single","TLine_Name":" ","Length_Mile":0}},{"type":"Feature","geometry":{"type":"LineString","coordinates":[[-117.588,34.0107],[-117.6771,33.9987]]},"properties":{"Name":"SCE 220kV","kV":"220","kV_Sort":220,"Owner":"SCE","Status":"Operational","Circuit":"Single","TLine_Name":" ","Length_Mile":5}},{"type":"Feature","geometry":{"type":"LineString","coordinates":[[-118.8422,34.9351],[-118.8263,34.9412]]},"properties":{"Name":"SCE 220kV","kV":"220","kV_Sort":220,"Owner":"SCE","Status":"Operational","Circuit":"Single","TLine_Name":" ","Length_Mile":1}},{"type":"Feature","geometry":{"type":"LineString","coordinates":[[-118.8264,34.9416],[-118.8255,34.9436]]},"properties":{"Name":"SCE 220kV","kV":"220","kV_Sort":220,"Owner":"SCE","Status":"Operational","Circuit":"Single","TLine_Name":" ","Length_Mile":0}},{"type":"Feature","geometry":{"type":"LineString","coordinates":[[-118.8263,34.9415],[-118.8253,34.9436]]},"properties":{"Name":"SCE 220kV","kV":"220","kV_Sort":220,"Owner":"SCE","Status":"Operational","Circuit":"Single","TLine_Name":" ","Length_Mile":0}},{"type":"Feature","geometry":{"type":"LineString","coordinates":[[-118.826,34.9413],[-118.8251,34.9435]]},"properties":{"Name":"SCE 220kV","kV":"220","kV_Sort":220,"Owner":"SCE","Status":"Operational","Circuit":"Single","TLine_Name":" ","Length_Mile":0}},{"type":"Feature","geometry":{"type":"LineString","coordinates":[[-118.8259,34.9412],[-118.825,34.9434]]},"properties":{"Name":"SCE 220kV","kV":"220","kV_Sort":220,"Owner":"SCE","Status":"Operational","Circuit":"Single","TLine_Name":" ","Length_Mile":0}},{"type":"Feature","geometry":{"type":"LineString","coordinates":[[-119.2983,37.189],[-119.258,37.1905],[-119.2432,37.2038]]},"properties":{"Name":"SCE 220kV","kV":"220","kV_Sort":220,"Owner":"SCE","Status":"Operational","Circuit":"Double","TLine_Name":" ","Length_Mile":4}},{"type":"Feature","geometry":{"type":"LineString","coordinates":[[-118.1184,34.4833],[-118.1035,34.4999],[-117.9189,34.5166],[-117.9195,34.509]]},"properties":{"Name":"SCE 220kV","kV":"220","kV_Sort":220,"Owner":"SCE","Status":"Operational","Circuit":"Single","TLine_Name":" ","Length_Mile":13}},{"type":"Feature","geometry":{"type":"LineString","coordinates":[[-117.9815,34.1047],[-118.0144,34.0424],[-118.045,34.0321],[-118.1107,34.0357]]},"properties":{"Name":"SCE 500kV","kV":"500","kV_Sort":500,"Owner":"SCE","Status":"Operational","Circuit":"Double","TLine_Name":" ","Length_Mile":11}},{"type":"Feature","geometry":{"type":"LineString","coordinates":[[-117.7885,33.8288],[-117.7265,33.8201],[-117.6721,33.7849],[-117.6646,33.7651],[-117.5415,33.7587],[-117.4896,33.7854],[-117.4436,33.7853],[-117.3912,33.7419],[-117.1575,33.7385]]},"properties":{"Name":"SCE 500kV","kV":"500","kV_Sort":500,"Owner":"SCE","Status":"Operational","Circuit":"Single","TLine_Name":" ","Length_Mile":40}},{"type":"Feature","geometry":{"type":"MultiLineString","coordinates":[[[-117.9147,33.9682],[-117.994,33.9818],[-118.0187,34.0164],[-118.041,34.0247]],[[-117.6791,33.9978],[-117.6911,33.997],[-117.691,33.9866],[-117.7327,33.9868],[-117.8227,33.9578],[-117.9143,33.9681]],[[-118.041,34.0247],[-118.0455,34.0249]],[[-118.041,34.0247],[-118.0455,34.0249]],[[-118.0455,34.0249],[-118.0659,34.034],[-118.1108,34.0356]]]},"properties":{"Name":"SCE 500kV","kV":"500","kV_Sort":500,"Owner":"SCE","Status":"Operational","Circuit":"Double","TLine_Name":"","Length_Mile":4}},{"type":"Feature","geometry":{"type":"LineString","coordinates":[[-117.9165,33.9688],[-117.9147,33.9682]]},"properties":{"Name":"SCE 220kV","kV":"220","kV_Sort":220,"Owner":"SCE","Status":"Operational","Circuit":"Double","TLine_Name":" ","Length_Mile":0}},{"type":"Feature","geometry":{"type":"LineString","coordinates":[[-117.9147,33.9682],[-117.9234,33.946]]},"properties":{"Name":"SCE 220kV","kV":"220","kV_Sort":220,"Owner":"SCE","Status":"Operational","Circuit":"Double","TLine_Name":" ","Length_Mile":2}},{"type":"Feature","geometry":{"type":"LineString","coordinates":[[-117.9553,33.9732],[-117.9501,34.0078]]},"properties":{"Name":"SCE 220kV","kV":"220","kV_Sort":220,"Owner":"SCE","Status":"Operational","Circuit":"Double","TLine_Name":" ","Length_Mile":3}},{"type":"Feature","geometry":{"type":"LineString","coordinates":[[-117.9427,33.6848],[-117.9519,33.6541],[-117.9783,33.6463]]},"properties":{"Name":"SCE 220kV","kV":"220","kV_Sort":220,"Owner":"SCE","Status":"Operational","Circuit":"Double","TLine_Name":" ","Length_Mile":4}},{"type":"Feature","geometry":{"type":"LineString","coordinates":[[-117.9426,33.6843],[-117.9518,33.6539],[-117.9776,33.6459]]},"properties":{"Name":"SCE 220kV","kV":"220","kV_Sort":220,"Owner":"SCE","Status":"Operational","Circuit":"Double","TLine_Name":" ","Length_Mile":4}},{"type":"Feature","geometry":{"type":"LineString","coordinates":[[-118.1746,33.8808],[-118.1435,33.8795],[-118.1432,33.8687],[-118.1194,33.8688],[-118.1191,33.8565],[-118.0981,33.8482]]},"properties":{"Name":"SCE 220kV","kV":"220","kV_Sort":220,"Owner":"SCE","Status":"Operational","Circuit":"Double","TLine_Name":" ","Length_Mile":6}},{"type":"Feature","geometry":{"type":"LineString","coordinates":[[-118.1742,33.8808],[-118.1433,33.8797],[-118.1431,33.8689],[-118.1192,33.869],[-118.1189,33.8566],[-118.098,33.8483]]},"properties":{"Name":"SCE 220kV","kV":"220","kV_Sort":220,"Owner":"SCE","Status":"Operational","Circuit":"Double","TLine_Name":" ","Length_Mile":6}},{"type":"Feature","geometry":{"type":"LineString","coordinates":[[-117.9688,33.9728],[-118.0019,33.9879]]},"properties":{"Name":"SCE 220kV","kV":"220","kV_Sort":220,"Owner":"SCE","Status":"Operational","Circuit":"Single","TLine_Name":" ","Length_Mile":2}},{"type":"Feature","geometry":{"type":"LineString","coordinates":[[-118.1724,33.9481],[-118.1607,33.9479],[-118.149,33.9754]]},"properties":{"Name":"SCE 220kV","kV":"220","kV_Sort":220,"Owner":"SCE","Status":"Operational","Circuit":"Single","TLine_Name":" ","Length_Mile":3}},{"type":"Feature","geometry":{"type":"LineString","coordinates":[[-117.9837,33.8093],[-117.9811,33.8507],[-118.0959,33.8476]]},"properties":{"Name":"SCE 220kV","kV":"220","kV_Sort":220,"Owner":"SCE","Status":"Operational","Circuit":"Double","TLine_Name":" ","Length_Mile":10}},{"type":"Feature","geometry":{"type":"LineString","coordinates":[[-118.0227,34.0186],[-118.075,34.035]]},"properties":{"Name":"SCE 220kV","kV":"220","kV_Sort":220,"Owner":"SCE","Status":"Operational","Circuit":"Single","TLine_Name":" ","Length_Mile":3}},{"type":"Feature","geometry":{"type":"LineString","coordinates":[[-118.041,34.0247],[-118.0664,34.0086],[-118.106,33.9303]]},"properties":{"Name":"SCE 220kV","kV":"220","kV_Sort":220,"Owner":"SCE","Status":"Operational","Circuit":"Double","TLine_Name":" ","Length_Mile":8}},{"type":"Feature","geometry":{"type":"LineString","coordinates":[[-118.0985,33.8492],[-118.1121,33.9148],[-118.1062,33.93]]},"properties":{"Name":"SCE 220kV","kV":"220","kV_Sort":220,"Owner":"SCE","Status":"Operational","Circuit":"Double","TLine_Name":" ","Length_Mile":6}},{"type":"Feature","geometry":{"type":"LineString","coordinates":[[-118.0989,33.8501],[-118.0958,33.8499]]},"properties":{"Name":"SCE 220kV","kV":"220","kV_Sort":220,"Owner":"SCE","Status":"Operational","Circuit":"Single","TLine_Name":" ","Length_Mile":0}},{"type":"Feature","geometry":{"type":"LineString","coordinates":[[-118.0981,33.85],[-118.0958,33.8499]]},"properties":{"Name":"SCE 220kV","kV":"220","kV_Sort":220,"Owner":"SCE","Status":"Operational","Circuit":"Single","TLine_Name":" ","Length_Mile":0}},{"type":"Feature","geometry":{"type":"LineString","coordinates":[[-118.0961,33.8477],[-118.0958,33.8499]]},"properties":{"Name":"SCE 220kV","kV":"220","kV_Sort":220,"Owner":"SCE","Status":"Operational","Circuit":"Single","TLine_Name":" ","Length_Mile":0}},{"type":"Feature","geometry":{"type":"LineString","coordinates":[[-118.0958,33.8492],[-117.981,33.8508],[-117.9833,33.8092]]},"properties":{"Name":"SCE 220kV","kV":"220","kV_Sort":220,"Owner":"SCE","Status":"Operational","Circuit":"Double","TLine_Name":" ","Length_Mile":10}},{"type":"Feature","geometry":{"type":"LineString","coordinates":[[-118.0998,33.7714],[-118.0888,33.7937],[-118.0978,33.8475]]},"properties":{"Name":"SCE 220kV","kV":"220","kV_Sort":220,"Owner":"SCE","Status":"Operational","Circuit":"Double","TLine_Name":" ","Length_Mile":6}},{"type":"Feature","geometry":{"type":"LineString","coordinates":[[-118.0997,33.7714],[-118.0886,33.7937],[-118.0962,33.8475]]},"properties":{"Name":"SCE 220kV","kV":"220","kV_Sort":220,"Owner":"SCE","Status":"Operational","Circuit":"Double","TLine_Name":" ","Length_Mile":6}},{"type":"Feature","geometry":{"type":"LineString","coordinates":[[-118.1006,33.7714],[-118.0986,33.7734]]},"properties":{"Name":"SCE 220kV","kV":"220","kV_Sort":220,"Owner":"SCE","Status":"Operational","Circuit":"Double","TLine_Name":" ","Length_Mile":0}},{"type":"Feature","geometry":{"type":"LineString","coordinates":[[-117.8524,33.7133],[-117.8235,33.6919],[-117.7997,33.7033],[-117.7728,33.6845],[-117.7831,33.6742],[-117.7678,33.6653]]},"properties":{"Name":"SCE 220kV","kV":"220","kV_Sort":220,"Owner":"SCE","Status":"Operational","Circuit":"Double","TLine_Name":" ","Length_Mile":8}},{"type":"Feature","geometry":{"type":"LineString","coordinates":[[-117.8524,33.7133],[-117.8532,33.7131]]},"properties":{"Name":"SCE 220kV","kV":"220","kV_Sort":220,"Owner":"SCE","Status":"Operational","Circuit":"Double","TLine_Name":" ","Length_Mile":0}},{"type":"Feature","geometry":{"type":"LineString","coordinates":[[-117.8543,33.7131],[-117.8524,33.7133]]},"properties":{"Name":"SCE 220kV","kV":"220","kV_Sort":220,"Owner":"SCE","Status":"Operational","Circuit":"Double","TLine_Name":" ","Length_Mile":0}},{"type":"Feature","geometry":{"type":"LineString","coordinates":[[-117.9435,33.6849],[-117.9292,33.7023],[-117.8543,33.7131]]},"properties":{"Name":"SCE 220kV","kV":"220","kV_Sort":220,"Owner":"SCE","Status":"Operational","Circuit":"Double","TLine_Name":" ","Length_Mile":6}},{"type":"Feature","geometry":{"type":"LineString","coordinates":[[-117.8535,33.7129],[-117.8543,33.7131]]},"properties":{"Name":"SCE 220kV","kV":"220","kV_Sort":220,"Owner":"SCE","Status":"Operational","Circuit":"Double","TLine_Name":" ","Length_Mile":0}},{"type":"Feature","geometry":{"type":"LineString","coordinates":[[-117.7902,33.8295],[-117.8031,33.8323],[-117.8346,33.8171]]},"properties":{"Name":"SCE 220kV","kV":"220","kV_Sort":220,"Owner":"SCE","Status":"Operational","Circuit":"Double","TLine_Name":" ","Length_Mile":3}},{"type":"Feature","geometry":{"type":"LineString","coordinates":[[-117.79,33.8298],[-117.7984,33.8343],[-117.8353,33.8173]]},"properties":{"Name":"SCE 220kV","kV":"220","kV_Sort":220,"Owner":"SCE","Status":"Operational","Circuit":"Double","TLine_Name":" ","Length_Mile":3}},{"type":"Feature","geometry":{"type":"LineString","coordinates":[[-117.8345,33.8164],[-117.8342,33.8164]]},"properties":{"Name":"SCE 220kV","kV":"220","kV_Sort":220,"Owner":"SCE","Status":"Operational","Circuit":"Single","TLine_Name":" ","Length_Mile":0}},{"type":"Feature","geometry":{"type":"LineString","coordinates":[[-117.8353,33.8162],[-117.8993,33.8089]]},"properties":{"Name":"SCE 220kV","kV":"220","kV_Sort":220,"Owner":"SCE","Status":"Operational","Circuit":"Double","TLine_Name":" ","Length_Mile":4}},{"type":"Feature","geometry":{"type":"LineString","coordinates":[[-117.8994,33.8089],[-117.9269,33.8036],[-117.9832,33.8089]]},"properties":{"Name":"SCE 220kV","kV":"220","kV_Sort":220,"Owner":"SCE","Status":"Operational","Circuit":"Double","TLine_Name":" ","Length_Mile":5}},{"type":"Feature","geometry":{"type":"LineString","coordinates":[[-118.1764,33.881],[-118.1767,33.881]]},"properties":{"Name":"SCE 220kV","kV":"220","kV_Sort":220,"Owner":"SCE","Status":"Operational","Circuit":"Single","TLine_Name":" ","Length_Mile":0}},{"type":"Feature","geometry":{"type":"LineString","coordinates":[[-118.1759,33.8807],[-118.1906,33.8794],[-118.207,33.8289],[-118.2218,33.8143]]},"properties":{"Name":"SCE 220kV","kV":"220","kV_Sort":220,"Owner":"SCE","Status":"Operational","Circuit":"Double","TLine_Name":" ","Length_Mile":6}},{"type":"Feature","geometry":{"type":"LineString","coordinates":[[-118.1908,33.8795],[-118.19,33.8795]]},"properties":{"Name":"SCE 220kV","kV":"220","kV_Sort":220,"Owner":"SCE","Status":"Operational","Circuit":"Double","TLine_Name":" ","Length_Mile":0}},{"type":"Feature","geometry":{"type":"LineString","coordinates":[[-118.1908,33.8795],[-118.1914,33.8795]]},"properties":{"Name":"SCE 220kV","kV":"220","kV_Sort":220,"Owner":"SCE","Status":"Operational","Circuit":"Double","TLine_Name":" ","Length_Mile":0}},{"type":"Feature","geometry":{"type":"LineString","coordinates":[[-118.222,33.8194],[-118.2074,33.8289],[-118.1908,33.8795]]},"properties":{"Name":"SCE 220kV","kV":"220","kV_Sort":220,"Owner":"SCE","Status":"Operational","Circuit":"Double","TLine_Name":" ","Length_Mile":5}},{"type":"Feature","geometry":{"type":"LineString","coordinates":[[-118.2221,33.8131],[-118.2266,33.7789]]},"properties":{"Name":"SCE 220kV","kV":"220","kV_Sort":220,"Owner":"SCE","Status":"Operational","Circuit":"Double","TLine_Name":" ","Length_Mile":2}},{"type":"Feature","geometry":{"type":"LineString","coordinates":[[-117.9435,34.1591],[-117.9436,34.139],[-117.9758,34.1172],[-117.9801,34.1055]]},"properties":{"Name":"SCE 220kV","kV":"220","kV_Sort":220,"Owner":"SCE","Status":"Operational","Circuit":"Single","TLine_Name":" ","Length_Mile":5}},{"type":"Feature","geometry":{"type":"LineString","coordinates":[[-118.1191,34.4835],[-118.1349,34.4329]]},"properties":{"Name":"SCE 220kV","kV":"220","kV_Sort":220,"Owner":"SCE","Status":"Operational","Circuit":"Single","TLine_Name":" ","Length_Mile":4}},{"type":"Feature","geometry":{"type":"LineString","coordinates":[[-118.1352,34.433],[-118.1191,34.4842]]},"properties":{"Name":"SCE 220kV","kV":"220","kV_Sort":220,"Owner":"SCE","Status":"Operational","Circuit":"Single","TLine_Name":" ","Length_Mile":4}},{"type":"Feature","geometry":{"type":"LineString","coordinates":[[-119.2402,37.204],[-119.2598,37.1883],[-119.2524,37.1739],[-119.2623,37.1584],[-119.2566,37.148]]},"properties":{"Name":"SCE 230kV","kV":"230","kV_Sort":230,"Owner":"SCE","Status":"Operational","Circuit":"Single","TLine_Name":" ","Length_Mile":5}},{"type":"Feature","geometry":{"type":"LineString","coordinates":[[-118.1914,33.8795],[-118.2725,33.8794],[-118.2724,33.8719],[-118.3327,33.8703]]},"properties":{"Name":"SCE 220kV","kV":"220","kV_Sort":220,"Owner":"SCE","Status":"Operational","Circuit":"Double","TLine_Name":" ","Length_Mile":9}},{"type":"Feature","geometry":{"type":"LineString","coordinates":[[-118.1763,33.8809],[-118.3333,33.8707]]},"properties":{"Name":"SCE 220kV","kV":"220","kV_Sort":220,"Owner":"SCE","Status":"Operational","Circuit":"Double","TLine_Name":" ","Length_Mile":10}},{"type":"Feature","geometry":{"type":"LineString","coordinates":[[-118.3349,33.8695],[-118.3656,33.8699],[-118.3656,33.8917],[-118.3727,33.8954]]},"properties":{"Name":"SCE 220kV","kV":"220","kV_Sort":220,"Owner":"SCE","Status":"Operational","Circuit":"Double","TLine_Name":" ","Length_Mile":4}},{"type":"Feature","geometry":{"type":"LineString","coordinates":[[-118.3349,33.8695],[-118.3339,33.8707]]},"properties":{"Name":"SCE 220kV","kV":"220","kV_Sort":220,"Owner":"SCE","Status":"Operational","Circuit":"Double","TLine_Name":" ","Length_Mile":0}},{"type":"Feature","geometry":{"type":"LineString","coordinates":[[-118.3344,33.8703],[-118.3349,33.8695]]},"properties":{"Name":"SCE 220kV","kV":"220","kV_Sort":220,"Owner":"SCE","Status":"Operational","Circuit":"Double","TLine_Name":" ","Length_Mile":0}},{"type":"Feature","geometry":{"type":"LineString","coordinates":[[-118.3937,33.8529],[-118.3469,33.8571],[-118.3332,33.8616],[-118.3341,33.8703]]},"properties":{"Name":"SCE 220kV","kV":"220","kV_Sort":220,"Owner":"SCE","Status":"Operational","Circuit":"Double","TLine_Name":" ","Length_Mile":5}},{"type":"Feature","geometry":{"type":"LineString","coordinates":[[-118.3327,33.8689],[-118.3331,33.8682]]},"properties":{"Name":"SCE 220kV","kV":"220","kV_Sort":220,"Owner":"SCE","Status":"Operational","Circuit":"Double","TLine_Name":" ","Length_Mile":0}},{"type":"Feature","geometry":{"type":"LineString","coordinates":[[-118.3331,33.8682],[-118.3335,33.8689]]},"properties":{"Name":"SCE 220kV","kV":"220","kV_Sort":220,"Owner":"SCE","Status":"Operational","Circuit":"Double","TLine_Name":" ","Length_Mile":0}},{"type":"Feature","geometry":{"type":"LineString","coordinates":[[-118.3331,33.8682],[-118.3331,33.8615],[-118.3468,33.8569],[-118.3936,33.8527]]},"properties":{"Name":"SCE 220kV","kV":"220","kV_Sort":220,"Owner":"SCE","Status":"Operational","Circuit":"Double","TLine_Name":" ","Length_Mile":4}},{"type":"Feature","geometry":{"type":"LineString","coordinates":[[-118.3737,33.8959],[-118.3846,33.8991]]},"properties":{"Name":"SCE 220kV","kV":"220","kV_Sort":220,"Owner":"SCE","Status":"Operational","Circuit":"Double","TLine_Name":" ","Length_Mile":1}},{"type":"Feature","geometry":{"type":"LineString","coordinates":[[-118.3989,33.9022],[-118.4176,33.9021],[-118.423,33.9088]]},"properties":{"Name":"SCE 220kV","kV":"220","kV_Sort":220,"Owner":"SCE","Status":"Operational","Circuit":"Double","TLine_Name":" ","Length_Mile":2}},{"type":"Feature","geometry":{"type":"LineString","coordinates":[[-118.3989,33.9022],[-118.3981,33.9031]]},"properties":{"Name":"SCE 220kV","kV":"220","kV_Sort":220,"Owner":"SCE","Status":"Operational","Circuit":"Double","TLine_Name":" ","Length_Mile":0}},{"type":"Feature","geometry":{"type":"LineString","coordinates":[[-118.3969,33.902],[-118.3978,33.9031]]},"properties":{"Name":"SCE 220kV","kV":"220","kV_Sort":220,"Owner":"SCE","Status":"Operational","Circuit":"Double","TLine_Name":" ","Length_Mile":0}},{"type":"Feature","geometry":{"type":"LineString","coordinates":[[-118.3969,33.902],[-118.3989,33.9022]]},"properties":{"Name":"SCE 220kV","kV":"220","kV_Sort":220,"Owner":"SCE","Status":"Operational","Circuit":"Double","TLine_Name":" ","Length_Mile":0}},{"type":"Feature","geometry":{"type":"LineString","coordinates":[[-118.3916,33.9016],[-118.3969,33.902]]},"properties":{"Name":"SCE 220kV","kV":"220","kV_Sort":220,"Owner":"SCE","Status":"Operational","Circuit":"Double","TLine_Name":" ","Length_Mile":0}},{"type":"Feature","geometry":{"type":"MultiLineString","coordinates":[[[-118.2114,34.1771],[-118.2114,34.1771]],[[-118.2114,34.1771],[-118.2152,34.1778]],[[-118.1914,34.2236],[-118.2092,34.2199],[-118.2114,34.1771]]]},"properties":{"Name":"SCE 220kV","kV":"220","kV_Sort":220,"Owner":"SCE","Status":"Operational","Circuit":"Double","TLine_Name":" ","Length_Mile":4}},{"type":"Feature","geometry":{"type":"LineString","coordinates":[[-118.1121,34.0351],[-118.0841,34.0671],[-118.0803,34.1275],[-118.0939,34.1858],[-118.1363,34.2143],[-118.1914,34.2236]]},"properties":{"Name":"SCE 220kV","kV":"220","kV_Sort":220,"Owner":"SCE","Status":"Operational","Circuit":"Double","TLine_Name":" ","Length_Mile":18}},{"type":"Feature","geometry":{"type":"LineString","coordinates":[[-118.1842,34.1511],[-118.1892,34.1651]]},"properties":{"Name":"SCE 220kV","kV":"220","kV_Sort":220,"Owner":"SCE","Status":"Operational","Circuit":"Double","TLine_Name":" ","Length_Mile":1}},{"type":"Feature","geometry":{"type":"LineString","coordinates":[[-118.1892,34.1651],[-118.2112,34.1772],[-118.209,34.2199],[-118.1907,34.2234]]},"properties":{"Name":"SCE 220kV","kV":"220","kV_Sort":220,"Owner":"SCE","Status":"Operational","Circuit":"Single","TLine_Name":" ","Length_Mile":6}},{"type":"Feature","geometry":{"type":"LineString","coordinates":[[-118.1914,34.2236],[-118.1865,34.2219]]},"properties":{"Name":"SCE 220kV","kV":"220","kV_Sort":220,"Owner":"SCE","Status":"Operational","Circuit":"Double","TLine_Name":" ","Length_Mile":0}},{"type":"Feature","geometry":{"type":"LineString","coordinates":[[-118.2071,34.2231],[-118.189,34.2215]]},"properties":{"Name":"SCE 220kV","kV":"220","kV_Sort":220,"Owner":"SCE","Status":"Operational","Circuit":"Single","TLine_Name":" ","Length_Mile":1}},{"type":"Feature","geometry":{"type":"LineString","coordinates":[[-118.4909,34.3138],[-118.4933,34.3373],[-118.4838,34.3288],[-118.4501,34.3284],[-118.393,34.2754],[-118.3685,34.2734],[-118.364,34.2616],[-118.2933,34.2422],[-118.2578,34.2219],[-118.2472,34.2038],[-118.2096,34.1765]]},"properties":{"Name":"SCE 220kV","kV":"220","kV_Sort":220,"Owner":"SCE","Status":"Operational","Circuit":"Double","TLine_Name":" ","Length_Mile":23}},{"type":"Feature","geometry":{"type":"LineString","coordinates":[[-118.2113,34.177],[-118.2109,34.1794]]},"properties":{"Name":"SCE 220kV","kV":"220","kV_Sort":220,"Owner":"SCE","Status":"Operational","Circuit":"Double","TLine_Name":" ","Length_Mile":0}},{"type":"Feature","geometry":{"type":"LineString","coordinates":[[-118.2114,34.1771],[-118.2113,34.177]]},"properties":{"Name":"SCE 220kV","kV":"220","kV_Sort":220,"Owner":"SCE","Status":"Operational","Circuit":"Double","TLine_Name":" ","Length_Mile":0}},{"type":"Feature","geometry":{"type":"LineString","coordinates":[[-118.2113,34.177],[-118.2096,34.1765]]},"properties":{"Name":"SCE 220kV","kV":"220","kV_Sort":220,"Owner":"SCE","Status":"Operational","Circuit":"Double","TLine_Name":" ","Length_Mile":0}},{"type":"Feature","geometry":{"type":"LineString","coordinates":[[-118.2096,34.1765],[-118.1894,34.165],[-118.1844,34.151]]},"properties":{"Name":"SCE 220kV","kV":"220","kV_Sort":220,"Owner":"SCE","Status":"Operational","Circuit":"Double","TLine_Name":" ","Length_Mile":2}},{"type":"Feature","geometry":{"type":"LineString","coordinates":[[-118.4804,34.3119],[-118.4834,34.3125]]},"properties":{"Name":"SCE 220kV","kV":"220","kV_Sort":220,"Owner":"SCE","Status":"Operational","Circuit":"Single","TLine_Name":" ","Length_Mile":0}},{"type":"Feature","geometry":{"type":"LineString","coordinates":[[-118.4823,34.3123],[-118.4834,34.3125]]},"properties":{"Name":"SCE 220kV","kV":"220","kV_Sort":220,"Owner":"SCE","Status":"Operational","Circuit":"Single","TLine_Name":" ","Length_Mile":0}},{"type":"Feature","geometry":{"type":"LineString","coordinates":[[-118.4853,34.3138],[-118.4907,34.3136]]},"properties":{"Name":"SCE 220kV","kV":"220","kV_Sort":220,"Owner":"SCE","Status":"Operational","Circuit":"Double","TLine_Name":" ","Length_Mile":0}},{"type":"Feature","geometry":{"type":"LineString","coordinates":[[-118.4824,34.312],[-118.4912,34.314]]},"properties":{"Name":"SCE 220kV","kV":"220","kV_Sort":220,"Owner":"SCE","Status":"Operational","Circuit":"Double","TLine_Name":" ","Length_Mile":1}},{"type":"Feature","geometry":{"type":"LineString","coordinates":[[-118.5827,34.4388],[-118.5751,34.4222]]},"properties":{"Name":"SCE 220kV","kV":"220","kV_Sort":220,"Owner":"SCE","Status":"Operational","Circuit":"Double","TLine_Name":" ","Length_Mile":1}},{"type":"Feature","geometry":{"type":"LineString","coordinates":[[-118.5827,34.4387],[-118.575,34.4217]]},"properties":{"Name":"SCE 220kV","kV":"220","kV_Sort":220,"Owner":"SCE","Status":"Operational","Circuit":"Double","TLine_Name":" ","Length_Mile":1}},{"type":"Feature","geometry":{"type":"LineString","coordinates":[[-118.1355,34.4314],[-118.2048,34.4343],[-118.2887,34.4621],[-118.4355,34.4699],[-118.5744,34.4665]]},"properties":{"Name":"SCE 220kV","kV":"220","kV_Sort":220,"Owner":"SCE","Status":"Operational","Circuit":"Double","TLine_Name":" ","Length_Mile":26}},{"type":"Feature","geometry":{"type":"LineString","coordinates":[[-118.8427,34.9349],[-118.8089,34.9022],[-118.8038,34.8056],[-118.7773,34.7731],[-118.7305,34.6838],[-118.7273,34.6563],[-118.6899,34.5745],[-118.6183,34.5036],[-118.6038,34.4646],[-118.5834,34.4397]]},"properties":{"Name":"SCE 220kV","kV":"220","kV_Sort":220,"Owner":"SCE","Status":"Operational","Circuit":"Single","TLine_Name":" ","Length_Mile":39}},{"type":"Feature","geometry":{"type":"LineString","coordinates":[[-118.7795,34.7775],[-118.8041,34.8079],[-118.8083,34.9019],[-118.8424,34.935]]},"properties":{"Name":"SCE 220kV","kV":"220","kV_Sort":220,"Owner":"SCE","Status":"Operational","Circuit":"Single","TLine_Name":" ","Length_Mile":12}},{"type":"Feature","geometry":{"type":"LineString","coordinates":[[-118.7775,34.7774],[-118.7795,34.7775]]},"properties":{"Name":"SCE 220kV","kV":"220","kV_Sort":220,"Owner":"SCE","Status":"Operational","Circuit":"Single","TLine_Name":" ","Length_Mile":0}},{"type":"Feature","geometry":{"type":"LineString","coordinates":[[-118.5835,34.4398],[-118.6037,34.4647],[-118.618,34.5038],[-118.6896,34.5746],[-118.7271,34.6564],[-118.7302,34.6838],[-118.7795,34.7775]]},"properties":{"Name":"SCE 220kV","kV":"220","kV_Sort":220,"Owner":"SCE","Status":"Operational","Circuit":"Single","TLine_Name":" ","Length_Mile":26}},{"type":"Feature","geometry":{"type":"LineString","coordinates":[[-118.7755,34.777],[-118.7775,34.7774]]},"properties":{"Name":"SCE 220kV","kV":"220","kV_Sort":220,"Owner":"SCE","Status":"Operational","Circuit":"Single","TLine_Name":" ","Length_Mile":0}},{"type":"Feature","geometry":{"type":"LineString","coordinates":[[-118.7756,34.7767],[-118.7775,34.7774]]},"properties":{"Name":"SCE 220kV","kV":"220","kV_Sort":220,"Owner":"SCE","Status":"Operational","Circuit":"Single","TLine_Name":" ","Length_Mile":0}},{"type":"Feature","geometry":{"type":"LineString","coordinates":[[-118.5823,34.4383],[-118.5739,34.4249],[-118.5471,34.419],[-118.5409,34.4013],[-118.547,34.3889],[-118.4935,34.3374],[-118.4914,34.3136]]},"properties":{"Name":"SCE 220kV","kV":"220","kV_Sort":220,"Owner":"SCE","Status":"Operational","Circuit":"Double","TLine_Name":" ","Length_Mile":11}},{"type":"Feature","geometry":{"type":"LineString","coordinates":[[-118.5787,34.4446],[-118.5535,34.4523],[-118.5383,34.4675],[-118.5029,34.4677]]},"properties":{"Name":"SCE 500kV","kV":"500","kV_Sort":500,"Owner":"SCE","Status":"Operational","Circuit":"Double","TLine_Name":" ","Length_Mile":5}},{"type":"Feature","geometry":{"type":"LineString","coordinates":[[-118.5787,34.4446],[-118.5832,34.4405]]},"properties":{"Name":"SCE 500kV","kV":"500","kV_Sort":500,"Owner":"SCE","Status":"Operational","Circuit":"Double","TLine_Name":" ","Length_Mile":0}},{"type":"Feature","geometry":{"type":"LineString","coordinates":[[-118.583,34.4401],[-118.5787,34.4446]]},"properties":{"Name":"SCE 500kV","kV":"500","kV_Sort":500,"Owner":"SCE","Status":"Operational","Circuit":"Double","TLine_Name":" ","Length_Mile":0}},{"type":"Feature","geometry":{"type":"LineString","coordinates":[[-118.5029,34.4677],[-118.4925,34.4677]]},"properties":{"Name":"SCE 500kV","kV":"500","kV_Sort":500,"Owner":"SCE","Status":"Operational","Circuit":"Double","TLine_Name":" ","Length_Mile":1}},{"type":"Feature","geometry":{"type":"LineString","coordinates":[[-118.4925,34.4677],[-118.4462,34.4677],[-118.4358,34.4748],[-118.4184,34.4682],[-118.288,34.463],[-118.2042,34.4352],[-118.1613,34.4339],[-118.1313,34.4524],[-118.1193,34.4842]]},"properties":{"Name":"SCE 500kV","kV":"500","kV_Sort":500,"Owner":"SCE","Status":"Operational","Circuit":"Single","TLine_Name":" ","Length_Mile":24}},{"type":"Feature","geometry":{"type":"LineString","coordinates":[[-118.5897,34.4463],[-118.6179,34.504],[-118.6891,34.5756],[-118.7449,34.7038]]},"properties":{"Name":"SCE 220kV","kV":"220","kV_Sort":220,"Owner":"SCE","Status":"Operational","Circuit":"Single","TLine_Name":" ","Length_Mile":20}},{"type":"Feature","geometry":{"type":"LineString","coordinates":[[-119.4541,35.4011],[-119.3169,35.3335],[-119.1927,35.2278],[-119.1712,35.2311],[-119.0467,35.1627],[-119.0468,34.9794],[-118.9894,34.9387],[-118.9485,34.8926],[-118.9179,34.8503],[-118.9178,34.8323],[-118.8837,34.7788],[-118.8349,34.774],[-118.7593,34.7339],[-118.7097,34.6204],[-118.6908,34.6106],[-118.5991,34.6131],[-118.5137,34.5937],[-118.471,34.5952],[-118.4566,34.6032],[-118.408,34.595],[-118.3149,34.5964],[-118.2968,34.5814],[-118.2499,34.5757],[-118.2253,34.5586],[-118.1985,34.5586],[-118.1856,34.5248],[-118.1193,34.4878]]},"properties":{"Name":"SCE 500kV","kV":"500","kV_Sort":500,"Owner":"SCE","Status":"Operational","Circuit":"Single","TLine_Name":" ","Length_Mile":113}},{"type":"Feature","geometry":{"type":"LineString","coordinates":[[-119.4536,35.4012],[-119.3167,35.3338],[-119.1925,35.2282],[-119.1711,35.2315],[-119.0463,35.1629],[-119.0464,34.9796],[-118.9891,34.939],[-118.9481,34.8927],[-118.9172,34.8504],[-118.9171,34.8319],[-118.8834,34.7791],[-118.8348,34.7744],[-118.7588,34.7343],[-118.7094,34.6207],[-118.6906,34.6112],[-118.5984,34.6134],[-118.5137,34.5943],[-118.4712,34.5958],[-118.4566,34.6039],[-118.4235,34.5963],[-118.3146,34.597],[-118.2966,34.5817],[-118.2497,34.576],[-118.2251,34.5589],[-118.1849,34.5585],[-118.1231,34.5004],[-118.1205,34.4874]]},"properties":{"Name":"SCE 500kV","kV":"500","kV_Sort":500,"Owner":"SCE","Status":"Operational","Circuit":"Single","TLine_Name":" ","Length_Mile":113}},{"type":"Feature","geometry":{"type":"LineString","coordinates":[[-119.4531,35.4014],[-119.4529,35.4007]]},"properties":{"Name":"SCE 500kV","kV":"500","kV_Sort":500,"Owner":"SCE","Status":"Operational","Circuit":"Single","TLine_Name":" ","Length_Mile":0}},{"type":"Feature","geometry":{"type":"LineString","coordinates":[[-119.4529,35.4007],[-119.4503,35.3998]]},"properties":{"Name":"SCE 500kV","kV":"500","kV_Sort":500,"Owner":"SCE","Status":"Operational","Circuit":"Single","TLine_Name":" ","Length_Mile":0}},{"type":"Feature","geometry":{"type":"LineString","coordinates":[[-119.4503,35.3998],[-119.4529,35.4007]]},"properties":{"Name":"SCE 500kV","kV":"500","kV_Sort":500,"Owner":"SCE","Status":"Operational","Circuit":"Single","TLine_Name":" ","Length_Mile":0}},{"type":"Feature","geometry":{"type":"LineString","coordinates":[[-119.4503,35.3998],[-119.4529,35.4007]]},"properties":{"Name":"SCE 500kV","kV":"500","kV_Sort":500,"Owner":"SCE","Status":"Operational","Circuit":"Single","TLine_Name":" ","Length_Mile":0}},{"type":"Feature","geometry":{"type":"LineString","coordinates":[[-119.4503,35.3998],[-119.4135,35.3873],[-119.2754,35.3867],[-118.9906,35.1257],[-118.8669,35.1249],[-118.7301,35.0948],[-118.6793,35.0559],[-118.5436,34.9901],[-118.3454,34.732],[-118.2471,34.6189],[-118.1223,34.5009],[-118.118,34.4877]]},"properties":{"Name":"SCE 500kV","kV":"500","kV_Sort":500,"Owner":"SCE","Status":"Operational","Circuit":"Single","TLine_Name":"","Length_Mile":105}},{"type":"Feature","geometry":{"type":"LineString","coordinates":[[-118.3001,34.687],[-118.3124,34.6816],[-118.3506,34.6234],[-118.3614,34.5778],[-118.3918,34.5735],[-118.4332,34.5544],[-118.4613,34.5178],[-118.4904,34.4996],[-118.4925,34.4677]]},"properties":{"Name":"SCE 500kV","kV":"500","kV_Sort":500,"Owner":"SCE","Status":"Operational","Circuit":"Single","TLine_Name":" ","Length_Mile":21}},{"type":"Feature","geometry":{"type":"LineString","coordinates":[[-118.2924,35.0386],[-118.2766,35.0438]]},"properties":{"Name":"SCE 220kV","kV":"220","kV_Sort":220,"Owner":"SCE","Status":"Operational","Circuit":"Single","TLine_Name":" ","Length_Mile":1}},{"type":"Feature","geometry":{"type":"LineString","coordinates":[[-118.2924,35.0386],[-118.2927,35.0386]]},"properties":{"Name":"SCE 220kV","kV":"220","kV_Sort":220,"Owner":"SCE","Status":"Operational","Circuit":"Single","TLine_Name":" ","Length_Mile":0}},{"type":"Feature","geometry":{"type":"LineString","coordinates":[[-118.1194,34.4842],[-118.1192,34.4992],[-118.1813,34.557],[-118.1941,34.5498],[-118.2007,34.5763],[-118.2417,34.6146],[-118.3421,34.7367],[-118.3427,34.8193],[-118.3342,34.8343],[-118.3087,34.8347],[-118.3091,34.8724],[-118.2911,34.9019],[-118.2924,35.0386]]},"properties":{"Name":"SCE 220kV","kV":"220","kV_Sort":220,"Owner":"SCE","Status":"Operational","Circuit":"Single","TLine_Name":" ","Length_Mile":47}},{"type":"Feature","geometry":{"type":"LineString","coordinates":[[-118.3783,35.0999],[-118.3752,35.0803],[-118.3872,35.0597],[-118.293,35.0386]]},"properties":{"Name":"SCE 220kV","kV":"220","kV_Sort":220,"Owner":"SCE","Status":"Operational","Circuit":"Single","TLine_Name":" ","Length_Mile":9}},{"type":"Feature","geometry":{"type":"LineString","coordinates":[[-118.3779,35.0999],[-118.378,35.1068],[-118.3354,35.1063],[-118.3346,35.0992]]},"properties":{"Name":"SCE 220kV","kV":"220","kV_Sort":220,"Owner":"SCE","Status":"Operational","Circuit":"Single","TLine_Name":" ","Length_Mile":4}},{"type":"Feature","geometry":{"type":"LineString","coordinates":[[-118.9024,34.2819],[-118.9163,34.2808],[-118.9578,34.2019],[-119.0268,34.1569],[-119.0792,34.162],[-119.096,34.1547],[-119.1658,34.1543],[-119.1669,34.131]]},"properties":{"Name":"SCE 220kV","kV":"220","kV_Sort":220,"Owner":"SCE","Status":"Operational","Circuit":"Double","TLine_Name":" ","Length_Mile":22}},{"type":"Feature","geometry":{"type":"LineString","coordinates":[[-118.9029,34.2819],[-118.9162,34.2807],[-118.9575,34.2018],[-119.0268,34.1567],[-119.0793,34.1618],[-119.0959,34.1546],[-119.1656,34.1542],[-119.1668,34.1307]]},"properties":{"Name":"SCE 220kV","kV":"220","kV_Sort":220,"Owner":"SCE","Status":"Operational","Circuit":"Double","TLine_Name":" ","Length_Mile":22}},{"type":"Feature","geometry":{"type":"LineString","coordinates":[[-118.5825,34.4385],[-118.5731,34.4226],[-118.6175,34.3932],[-118.779,34.3925],[-118.805,34.3617],[-118.8976,34.3315],[-118.9028,34.2816]]},"properties":{"Name":"SCE 220kV","kV":"220","kV_Sort":220,"Owner":"SCE","Status":"Operational","Circuit":"Double","TLine_Name":" ","Length_Mile":26}},{"type":"Feature","geometry":{"type":"LineString","coordinates":[[-118.9023,34.2816],[-118.8978,34.3316],[-118.8051,34.3619],[-118.7795,34.3927],[-118.6176,34.3935],[-118.5733,34.4226],[-118.5828,34.4384]]},"properties":{"Name":"SCE 220kV","kV":"220","kV_Sort":220,"Owner":"SCE","Status":"Operational","Circuit":"Double","TLine_Name":" ","Length_Mile":26}},{"type":"Feature","geometry":{"type":"LineString","coordinates":[[-119.1862,34.3014],[-119.1979,34.2857],[-119.1968,34.2642],[-119.214,34.2592],[-119.2122,34.2432],[-119.2298,34.2249],[-119.2301,34.2083],[-119.2492,34.2077]]},"properties":{"Name":"SCE 220kV","kV":"220","kV_Sort":220,"Owner":"SCE","Status":"Operational","Circuit":"Double","TLine_Name":" ","Length_Mile":9}},{"type":"Feature","geometry":{"type":"LineString","coordinates":[[-119.185,34.303],[-119.1841,34.3222],[-119.0931,34.3774],[-119.0248,34.384],[-118.949,34.4207],[-118.9094,34.4198],[-118.8652,34.3992],[-118.7938,34.4221],[-118.664,34.4221],[-118.609,34.4502],[-118.5934,34.4495],[-118.5831,34.4393]]},"properties":{"Name":"SCE 220kV","kV":"220","kV_Sort":220,"Owner":"SCE","Status":"Operational","Circuit":"Double","TLine_Name":" ","Length_Mile":40}},{"type":"Feature","geometry":{"type":"LineString","coordinates":[[-118.9021,34.2819],[-118.902,34.2947],[-118.9206,34.2948],[-118.9253,34.3078],[-118.9397,34.3076],[-118.9637,34.325],[-118.9717,34.3454],[-119.0107,34.3528],[-119.0079,34.3917],[-119.093,34.3772],[-119.1838,34.3221],[-119.1847,34.3026]]},"properties":{"Name":"SCE 220kV","kV":"220","kV_Sort":220,"Owner":"SCE","Status":"Operational","Circuit":"Double","TLine_Name":" ","Length_Mile":26}},{"type":"Feature","geometry":{"type":"LineString","coordinates":[[-119.8844,34.4696],[-119.8865,34.509],[-119.8415,34.5153],[-119.818,34.529],[-119.7491,34.5289],[-119.5076,34.4752],[-119.4225,34.3933],[-119.3828,34.3847],[-119.377,34.3721],[-119.3167,34.3666],[-119.2939,34.3543],[-119.2633,34.3501],[-119.1953,34.3217],[-119.185,34.3028]]},"properties":{"Name":"SCE 220kV","kV":"220","kV_Sort":220,"Owner":"SCE","Status":"Operational","Circuit":"Double","TLine_Name":" ","Length_Mile":49}},{"type":"Feature","geometry":{"type":"LineString","coordinates":[[-118.7888,34.6853],[-118.7449,34.7038]]},"properties":{"Name":"SCE 220kV","kV":"220","kV_Sort":220,"Owner":"SCE","Status":"Operational","Circuit":"Single","TLine_Name":" ","Length_Mile":3}},{"type":"Feature","geometry":{"type":"LineString","coordinates":[[-118.7449,34.7038],[-118.7633,34.7456],[-118.8043,34.805],[-118.809,34.9022],[-118.843,34.9349]]},"properties":{"Name":"SCE 220kV","kV":"220","kV_Sort":220,"Owner":"SCE","Status":"Operational","Circuit":"Single","TLine_Name":" ","Length_Mile":18}},{"type":"Feature","geometry":{"type":"LineString","coordinates":[[-118.1334,34.4319],[-118.094,34.4255]]},"properties":{"Name":"SCE 220kV","kV":"220","kV_Sort":220,"Owner":"SCE","Status":"Operational","Circuit":"Single","TLine_Name":" ","Length_Mile":2}},{"type":"Feature","geometry":{"type":"LineString","coordinates":[[-118.3774,34.0002],[-118.3658,33.9972],[-118.3578,33.9836],[-118.3612,33.9027],[-118.3547,33.8747],[-118.3349,33.8709]]},"properties":{"Name":"SCE 220kV","kV":"220","kV_Sort":220,"Owner":"SCE","Status":"Operational","Circuit":"Single","TLine_Name":" ","Length_Mile":12}},{"type":"Feature","geometry":{"type":"LineString","coordinates":[[-118.3774,34.0002],[-118.3685,33.9982],[-118.3687,33.9531],[-118.3614,33.9336],[-118.3673,33.8971],[-118.3732,33.8975]]},"properties":{"Name":"SCE 220kV","kV":"220","kV_Sort":220,"Owner":"SCE","Status":"Operational","Circuit":"Double","TLine_Name":" ","Length_Mile":9}},{"type":"Feature","geometry":{"type":"LineString","coordinates":[[-118.2435,33.8175],[-118.2222,33.8197]]},"properties":{"Name":"SCE 230kV","kV":"230","kV_Sort":230,"Owner":"SCE","Status":"Operational","Circuit":"Double","TLine_Name":" ","Length_Mile":1}},{"type":"Feature","geometry":{"type":"LineString","coordinates":[[-118.176,33.881],[-118.19,33.8795]]},"properties":{"Name":"SCE 220kV","kV":"220","kV_Sort":220,"Owner":"SCE","Status":"Operational","Circuit":"Double","TLine_Name":" ","Length_Mile":1}},{"type":"Feature","geometry":{"type":"LineString","coordinates":[[-118.2234,33.8189],[-118.2232,33.8197]]},"properties":{"Name":"SCE 220kV","kV":"220","kV_Sort":220,"Owner":"SCE","Status":"Operational","Circuit":"Double","TLine_Name":" ","Length_Mile":0}},{"type":"Feature","geometry":{"type":"LineString","coordinates":[[-118.2234,33.8189],[-118.2231,33.8194]]},"properties":{"Name":"SCE 220kV","kV":"220","kV_Sort":220,"Owner":"SCE","Status":"Operational","Circuit":"Double","TLine_Name":" ","Length_Mile":0}},{"type":"Feature","geometry":{"type":"LineString","coordinates":[[-117.5258,34.0888],[-117.5159,34.0459],[-117.368,34.0494],[-117.3208,34.0412]]},"properties":{"Name":"SCE 220kV","kV":"220","kV_Sort":220,"Owner":"SCE","Status":"Operational","Circuit":"Single","TLine_Name":" ","Length_Mile":15}},{"type":"Feature","geometry":{"type":"LineString","coordinates":[[-117.5255,34.0888],[-117.5235,34.0633],[-117.5483,34.0315]]},"properties":{"Name":"SCE 220kV","kV":"220","kV_Sort":220,"Owner":"SCE","Status":"Operational","Circuit":"Single","TLine_Name":" ","Length_Mile":5}},{"type":"Feature","geometry":{"type":"LineString","coordinates":[[-117.5273,34.0577],[-117.5264,34.0571]]},"properties":{"Name":"SCE 220kV","kV":"220","kV_Sort":220,"Owner":"SCE","Status":"Operational","Circuit":"Single","TLine_Name":" ","Length_Mile":0}},{"type":"Feature","geometry":{"type":"LineString","coordinates":[[-118.0869,34.1512],[-118.0876,34.1513]]},"properties":{"Name":"SCE 220kV","kV":"220","kV_Sort":220,"Owner":"SCE","Status":"Operational","Circuit":"Double","TLine_Name":"","Length_Mile":0}},{"type":"Feature","geometry":{"type":"LineString","coordinates":[[-118.112,34.0352],[-118.0836,34.0669],[-118.0798,34.1276],[-118.0933,34.1862],[-118.1361,34.2148],[-118.1856,34.2216]]},"properties":{"Name":"SCE 220kV","kV":"220","kV_Sort":220,"Owner":"SCE","Status":"Operational","Circuit":"Double","TLine_Name":"","Length_Mile":11}},{"type":"Feature","geometry":{"type":"LineString","coordinates":[[-118.1485,33.9764],[-118.1362,34.0191],[-118.1123,34.035]]},"properties":{"Name":"SCE 220kV","kV":"220","kV_Sort":220,"Owner":"SCE","Status":"Operational","Circuit":"Double","TLine_Name":" ","Length_Mile":5}},{"type":"Feature","geometry":{"type":"LineString","coordinates":[[-117.5416,34.9883],[-117.5345,34.9881],[-117.5347,34.9979],[-117.1182,34.9947],[-117.0977,34.9942],[-117.0839,34.9789],[-117.0073,34.9782],[-116.8998,34.9124],[-116.8899,34.8749],[-116.8543,34.8633]]},"properties":{"Name":"SCE 220kV","kV":"220","kV_Sort":220,"Owner":"SCE","Status":"Operational","Circuit":"Double","TLine_Name":" ","Length_Mile":44}},{"type":"Feature","geometry":{"type":"LineString","coordinates":[[-117.4543,34.163],[-117.5419,34.155],[-117.5423,34.09],[-117.5357,34.0883]]},"properties":{"Name":"SCE 500kV","kV":"500","kV_Sort":500,"Owner":"SCE","Status":"Operational","Circuit":"Single","TLine_Name":" ","Length_Mile":10}},{"type":"Feature","geometry":{"type":"LineString","coordinates":[[-117.3701,34.3668],[-117.424,34.3504],[-117.4586,34.3186],[-117.4649,34.301],[-117.4635,34.2337],[-117.4426,34.178]]},"properties":{"Name":"SCE 500kV","kV":"500","kV_Sort":500,"Owner":"SCE","Status":"Operational","Circuit":"Single","TLine_Name":" ","Length_Mile":16}},{"type":"Feature","geometry":{"type":"LineString","coordinates":[[-117.3701,34.3662],[-117.4163,34.3362],[-117.4222,34.322],[-117.4517,34.3077],[-117.4576,34.2639],[-117.436,34.2128],[-117.4321,34.1572],[-117.4633,34.1545]]},"properties":{"Name":"SCE 500kV","kV":"500","kV_Sort":500,"Owner":"SCE","Status":"Operational","Circuit":"Single","TLine_Name":" ","Length_Mile":19}},{"type":"Feature","geometry":{"type":"LineString","coordinates":[[-117.3701,34.3664],[-117.453,34.3195],[-117.4645,34.3009],[-117.4634,34.2711],[-117.4466,34.2485],[-117.4367,34.2126],[-117.4337,34.1927],[-117.4426,34.178]]},"properties":{"Name":"SCE 500kV","kV":"500","kV_Sort":500,"Owner":"SCE","Status":"Operational","Circuit":"Single","TLine_Name":" ","Length_Mile":16}},{"type":"Feature","geometry":{"type":"LineString","coordinates":[[-117.4633,34.1545],[-117.5171,34.1083],[-117.5222,34.0641],[-117.5443,34.0332],[-117.5624,34.0239],[-117.5651,34.0101]]},"properties":{"Name":"SCE 500kV","kV":"500","kV_Sort":500,"Owner":"SCE","Status":"Operational","Circuit":"Double","TLine_Name":" ","Length_Mile":12}},{"type":"Feature","geometry":{"type":"LineString","coordinates":[[-117.4426,34.178],[-117.4543,34.163]]},"properties":{"Name":"SCE 500kV","kV":"500","kV_Sort":500,"Owner":"SCE","Status":"Operational","Circuit":"Double","TLine_Name":" ","Length_Mile":1}},{"type":"Feature","geometry":{"type":"LineString","coordinates":[[-117.4543,34.163],[-117.4633,34.1545]]},"properties":{"Name":"SCE 500kV","kV":"500","kV_Sort":500,"Owner":"SCE","Status":"Operational","Circuit":"Single","TLine_Name":" ","Length_Mile":1}},{"type":"Feature","geometry":{"type":"LineString","coordinates":[[-117.5658,34.0099],[-117.5809,34.0115],[-117.581,34.0223],[-117.5428,34.05],[-117.5422,34.0891],[-117.5357,34.0879]]},"properties":{"Name":"SCE 500kV","kV":"500","kV_Sort":500,"Owner":"SCE","Status":"Operational","Circuit":"Single","TLine_Name":" ","Length_Mile":8}},{"type":"Feature","geometry":{"type":"LineString","coordinates":[[-117.5479,34.0321],[-117.5237,34.0634],[-117.5235,34.0868],[-117.5345,34.0877]]},"properties":{"Name":"SCE 220kV","kV":"220","kV_Sort":220,"Owner":"SCE","Status":"Operational","Circuit":"Double","TLine_Name":" ","Length_Mile":5}},{"type":"Feature","geometry":{"type":"LineString","coordinates":[[-117.588,34.0107],[-117.5662,34.0051]]},"properties":{"Name":"SCE 220kV","kV":"220","kV_Sort":220,"Owner":"SCE","Status":"Operational","Circuit":"Double","TLine_Name":" ","Length_Mile":2}},{"type":"Feature","geometry":{"type":"LineString","coordinates":[[-117.5662,34.0051],[-117.5656,34.0066]]},"properties":{"Name":"SCE 220kV","kV":"220","kV_Sort":220,"Owner":"SCE","Status":"Operational","Circuit":"Double","TLine_Name":" ","Length_Mile":0}},{"type":"Feature","geometry":{"type":"LineString","coordinates":[[-117.5662,34.0051],[-117.5658,34.0066]]},"properties":{"Name":"SCE 220kV","kV":"220","kV_Sort":220,"Owner":"SCE","Status":"Operational","Circuit":"Double","TLine_Name":" ","Length_Mile":0}},{"type":"Feature","geometry":{"type":"LineString","coordinates":[[-117.6889,33.9398],[-117.7275,33.9235],[-117.7468,33.9019],[-117.7547,33.8512],[-117.7869,33.8376],[-117.7896,33.8297]]},"properties":{"Name":"SCE 500kV","kV":"500","kV_Sort":500,"Owner":"SCE","Status":"Operational","Circuit":"Single","TLine_Name":" ","Length_Mile":11}},{"type":"Feature","geometry":{"type":"LineString","coordinates":[[-117.6889,33.9398],[-117.7273,33.9232],[-117.7463,33.9019],[-117.7543,33.851],[-117.7894,33.8299]]},"properties":{"Name":"SCE 500kV","kV":"500","kV_Sort":500,"Owner":"SCE","Status":"Operational","Circuit":"Single","TLine_Name":" ","Length_Mile":11}},{"type":"Feature","geometry":{"type":"LineString","coordinates":[[-117.6889,33.9398],[-117.5891,33.973],[-117.5658,34.0095]]},"properties":{"Name":"SCE 500kV","kV":"500","kV_Sort":500,"Owner":"SCE","Status":"Operational","Circuit":"Double","TLine_Name":" ","Length_Mile":9}},{"type":"Feature","geometry":{"type":"LineString","coordinates":[[-117.8352,33.8162],[-117.8986,33.8081]]},"properties":{"Name":"SCE 220kV","kV":"220","kV_Sort":220,"Owner":"SCE","Status":"Operational","Circuit":"Double","TLine_Name":" ","Length_Mile":4}},{"type":"Feature","geometry":{"type":"LineString","coordinates":[[-117.8986,33.8081],[-117.8995,33.8084]]},"properties":{"Name":"SCE 220kV","kV":"220","kV_Sort":220,"Owner":"SCE","Status":"Operational","Circuit":"Double","TLine_Name":" ","Length_Mile":0}},{"type":"Feature","geometry":{"type":"LineString","coordinates":[[-117.8997,33.8078],[-117.8986,33.8081]]},"properties":{"Name":"SCE 220kV","kV":"220","kV_Sort":220,"Owner":"SCE","Status":"Operational","Circuit":"Double","TLine_Name":" ","Length_Mile":0}},{"type":"Feature","geometry":{"type":"LineString","coordinates":[[-117.8351,33.8129],[-117.8343,33.8147]]},"properties":{"Name":"SCE 220kV","kV":"220","kV_Sort":220,"Owner":"SCE","Status":"Operational","Circuit":"Single","TLine_Name":" ","Length_Mile":0}},{"type":"Feature","geometry":{"type":"LineString","coordinates":[[-117.8353,33.8162],[-117.8351,33.8166]]},"properties":{"Name":"SCE 220kV","kV":"220","kV_Sort":220,"Owner":"SCE","Status":"Operational","Circuit":"Single","TLine_Name":" ","Length_Mile":0}},{"type":"Feature","geometry":{"type":"LineString","coordinates":[[-117.6769,33.9979],[-117.6712,33.997],[-117.6748,33.945]]},"properties":{"Name":"SCE 220kV","kV":"220","kV_Sort":220,"Owner":"SCE","Status":"Operational","Circuit":"Double","TLine_Name":" ","Length_Mile":4}},{"type":"Feature","geometry":{"type":"LineString","coordinates":[[-117.6748,33.945],[-117.6768,33.9426]]},"properties":{"Name":"SCE 220kV","kV":"220","kV_Sort":220,"Owner":"SCE","Status":"Operational","Circuit":"Double","TLine_Name":" ","Length_Mile":0}},{"type":"Feature","geometry":{"type":"LineString","coordinates":[[-117.6768,33.9426],[-117.6748,33.945]]},"properties":{"Name":"SCE 220kV","kV":"220","kV_Sort":220,"Owner":"SCE","Status":"Operational","Circuit":"Double","TLine_Name":" ","Length_Mile":0}},{"type":"Feature","geometry":{"type":"LineString","coordinates":[[-117.6674,33.773],[-117.6737,33.8727],[-117.6804,33.8823],[-117.6768,33.9426]]},"properties":{"Name":"SCE 220kV","kV":"220","kV_Sort":220,"Owner":"SCE","Status":"Operational","Circuit":"Double","TLine_Name":" ","Length_Mile":12}},{"type":"Feature","geometry":{"type":"LineString","coordinates":[[-117.6674,33.773],[-117.6714,33.7852],[-117.7261,33.8206],[-117.789,33.8298]]},"properties":{"Name":"SCE 220kV","kV":"220","kV_Sort":220,"Owner":"SCE","Status":"Operational","Circuit":"Double","TLine_Name":" ","Length_Mile":9}},{"type":"Feature","geometry":{"type":"LineString","coordinates":[[-117.6404,33.6667],[-117.6362,33.7036],[-117.659,33.7251],[-117.6544,33.7411],[-117.6674,33.773]]},"properties":{"Name":"SCE 220kV","kV":"220","kV_Sort":220,"Owner":"SCE","Status":"Operational","Circuit":"Double","TLine_Name":" ","Length_Mile":8}},{"type":"Feature","geometry":{"type":"LineString","coordinates":[[-117.5272,34.0889],[-117.5267,34.0889]]},"properties":{"Name":"SCE 220kV","kV":"220","kV_Sort":220,"Owner":"SCE","Status":"Operational","Circuit":"Single","TLine_Name":" ","Length_Mile":0}},{"type":"Feature","geometry":{"type":"LineString","coordinates":[[-117.527,34.0872],[-117.534,34.0881]]},"properties":{"Name":"SCE 220kV","kV":"220","kV_Sort":220,"Owner":"SCE","Status":"Operational","Circuit":"Double","TLine_Name":" ","Length_Mile":0}},{"type":"Feature","geometry":{"type":"LineString","coordinates":[[-117.9143,33.9683],[-117.8174,33.9591],[-117.7323,33.925],[-117.5893,33.9732],[-117.5656,34.0047]]},"properties":{"Name":"SCE 220kV","kV":"220","kV_Sort":220,"Owner":"SCE","Status":"Operational","Circuit":"Double","TLine_Name":" ","Length_Mile":23}},{"type":"Feature","geometry":{"type":"LineString","coordinates":[[-117.9489,34.008],[-117.9516,33.974],[-117.9143,33.9683]]},"properties":{"Name":"SCE 220kV","kV":"220","kV_Sort":220,"Owner":"SCE","Status":"Operational","Circuit":"Double","TLine_Name":" ","Length_Mile":5}},{"type":"Feature","geometry":{"type":"LineString","coordinates":[[-117.9143,33.9683],[-117.9232,33.9463]]},"properties":{"Name":"SCE 220kV","kV":"220","kV_Sort":220,"Owner":"SCE","Status":"Operational","Circuit":"Double","TLine_Name":" ","Length_Mile":2}},{"type":"Feature","geometry":{"type":"LineString","coordinates":[[-117.5656,34.0047],[-117.5654,34.0066]]},"properties":{"Name":"SCE 220kV","kV":"220","kV_Sort":220,"Owner":"SCE","Status":"Operational","Circuit":"Single","TLine_Name":" ","Length_Mile":0}},{"type":"Feature","geometry":{"type":"LineString","coordinates":[[-117.5656,34.0047],[-117.5635,34.0072]]},"properties":{"Name":"SCE 220kV","kV":"220","kV_Sort":220,"Owner":"SCE","Status":"Operational","Circuit":"Single","TLine_Name":" ","Length_Mile":0}},{"type":"Feature","geometry":{"type":"LineString","coordinates":[[-117.1677,33.7385],[-117.1572,33.7385]]},"properties":{"Name":"SCE 500kV","kV":"500","kV_Sort":500,"Owner":"SCE","Status":"Operational","Circuit":"Single","TLine_Name":" ","Length_Mile":1}},{"type":"Feature","geometry":{"type":"LineString","coordinates":[[-116.5768,33.9332],[-116.5776,33.9338]]},"properties":{"Name":"SCE 220kV","kV":"220","kV_Sort":220,"Owner":"SCE","Status":"Operational","Circuit":"Double","TLine_Name":" ","Length_Mile":0}},{"type":"Feature","geometry":{"type":"LineString","coordinates":[[-116.5768,33.9332],[-116.5768,33.938]]},"properties":{"Name":"SCE 220kV","kV":"220","kV_Sort":220,"Owner":"SCE","Status":"Operational","Circuit":"Double","TLine_Name":" ","Length_Mile":0}},{"type":"Feature","geometry":{"type":"LineString","coordinates":[[-116.3708,33.8271],[-116.4643,33.8651],[-116.5496,33.9333],[-116.5768,33.9332]]},"properties":{"Name":"SCE 220kV","kV":"220","kV_Sort":220,"Owner":"SCE","Status":"Operational","Circuit":"Single","TLine_Name":" ","Length_Mile":0}},{"type":"Feature","geometry":{"type":"LineString","coordinates":[[-117.5632,34.0072],[-117.5483,34.0299]]},"properties":{"Name":"SCE 220kV","kV":"220","kV_Sort":220,"Owner":"SCE","Status":"Operational","Circuit":"Double","TLine_Name":" ","Length_Mile":2}},{"type":"Feature","geometry":{"type":"LineString","coordinates":[[-117.5483,34.0299],[-117.5491,34.0317],[-117.5479,34.0321],[-117.5483,34.0299]]},"properties":{"Name":"SCE 220kV","kV":"220","kV_Sort":220,"Owner":"SCE","Status":"Operational","Circuit":"Double","TLine_Name":" ","Length_Mile":0}},{"type":"Feature","geometry":{"type":"LineString","coordinates":[[-117.3673,34.3669],[-117.0175,34.4722],[-116.9461,34.5469],[-116.8129,34.5757],[-116.7477,34.6058],[-116.6091,34.6192],[-116.5033,34.6816],[-116.4651,34.7139],[-116.4207,34.7352],[-116.3848,34.7817]]},"properties":{"Name":"SCE 220kV","kV":"220","kV_Sort":220,"Owner":"SCE","Status":"Operational","Circuit":"Double","TLine_Name":" ","Length_Mile":65}},{"type":"Feature","geometry":{"type":"LineString","coordinates":[[-117.3664,34.3664],[-116.9731,34.4836],[-116.8798,34.4841],[-116.7372,34.5259],[-116.5608,34.6532],[-116.4202,34.7348],[-116.3845,34.7815]]},"properties":{"Name":"SCE 220kV","kV":"220","kV_Sort":220,"Owner":"SCE","Status":"Operational","Circuit":"Double","TLine_Name":" ","Length_Mile":65}},{"type":"Feature","geometry":{"type":"LineString","coordinates":[[-119.3887,37.1485],[-119.3479,37.1677],[-119.3083,37.1988],[-119.3265,37.2101]]},"properties":{"Name":"SCE 220kV","kV":"220","kV_Sort":220,"Owner":"SCE","Status":"Operational","Circuit":"Double","TLine_Name":" ","Length_Mile":7}},{"type":"Feature","geometry":{"type":"LineString","coordinates":[[-119.3265,37.2101],[-119.3289,37.2096]]},"properties":{"Name":"SCE 220kV","kV":"220","kV_Sort":220,"Owner":"SCE","Status":"Operational","Circuit":"Double","TLine_Name":" ","Length_Mile":0}},{"type":"Feature","geometry":{"type":"LineString","coordinates":[[-117.6419,34.1204],[-117.6433,34.1416],[-117.6349,34.1557]]},"properties":{"Name":"SCE 220kV","kV":"220","kV_Sort":220,"Owner":"SCE","Status":"Operational","Circuit":"Double","TLine_Name":" ","Length_Mile":3}},{"type":"Feature","geometry":{"type":"LineString","coordinates":[[-117.6404,34.1206],[-117.6419,34.1204]]},"properties":{"Name":"SCE 220kV","kV":"220","kV_Sort":220,"Owner":"SCE","Status":"Operational","Circuit":"Double","TLine_Name":" ","Length_Mile":0}},{"type":"Feature","geometry":{"type":"LineString","coordinates":[[-117.6404,34.1198],[-117.6419,34.1204]]},"properties":{"Name":"SCE 220kV","kV":"220","kV_Sort":220,"Owner":"SCE","Status":"Operational","Circuit":"Double","TLine_Name":" ","Length_Mile":0}},{"type":"Feature","geometry":{"type":"LineString","coordinates":[[-118.1918,34.2232],[-118.1893,34.2223]]},"properties":{"Name":"SCE 220kV","kV":"220","kV_Sort":220,"Owner":"SCE","Status":"Operational","Circuit":"Single","TLine_Name":" ","Length_Mile":0}},{"type":"Feature","geometry":{"type":"LineString","coordinates":[[-118.2227,33.814],[-118.2221,33.8131],[-118.2218,33.8143],[-118.2227,33.814]]},"properties":{"Name":"SCE 220kV","kV":"220","kV_Sort":220,"Owner":"SCE","Status":"Operational","Circuit":"Single","TLine_Name":" ","Length_Mile":0}},{"type":"Feature","geometry":{"type":"LineString","coordinates":[[-118.227,33.7679],[-118.2272,33.7788]]},"properties":{"Name":"SCE 220kV","kV":"220","kV_Sort":220,"Owner":"SCE","Status":"Operational","Circuit":"Single","TLine_Name":" ","Length_Mile":1}},{"type":"Feature","geometry":{"type":"LineString","coordinates":[[-118.227,33.7679],[-118.2264,33.7647]]},"properties":{"Name":"SCE 220kV","kV":"220","kV_Sort":220,"Owner":"SCE","Status":"Operational","Circuit":"Single","TLine_Name":" ","Length_Mile":0}},{"type":"Feature","geometry":{"type":"LineString","coordinates":[[-118.227,33.7679],[-118.2272,33.7644]]},"properties":{"Name":"SCE 220kV","kV":"220","kV_Sort":220,"Owner":"SCE","Status":"Operational","Circuit":"Single","TLine_Name":" ","Length_Mile":0}},{"type":"Feature","geometry":{"type":"LineString","coordinates":[[-118.2227,33.814],[-118.2234,33.8189]]},"properties":{"Name":"SCE 220kV","kV":"220","kV_Sort":220,"Owner":"SCE","Status":"Operational","Circuit":"Double","TLine_Name":" ","Length_Mile":0}},{"type":"Feature","geometry":{"type":"LineString","coordinates":[[-118.1108,34.0347],[-118.1359,34.0191],[-118.1478,33.9764]]},"properties":{"Name":"SCE 220kV","kV":"220","kV_Sort":220,"Owner":"SCE","Status":"Operational","Circuit":"Single","TLine_Name":" ","Length_Mile":5}},{"type":"Feature","geometry":{"type":"LineString","coordinates":[[-118.1102,34.0359],[-118.1114,34.0352]]},"properties":{"Name":"SCE 220kV","kV":"220","kV_Sort":220,"Owner":"SCE","Status":"Operational","Circuit":"Single","TLine_Name":" ","Length_Mile":0}},{"type":"Feature","geometry":{"type":"LineString","coordinates":[[-118.1186,34.4834],[-118.1841,34.269],[-118.1862,34.2216]]},"properties":{"Name":"SCE 500kV","kV":"500","kV_Sort":500,"Owner":"SCE","Status":"Operational","Circuit":"Single","TLine_Name":"","Length_Mile":19}},{"type":"Feature","geometry":{"type":"LineString","coordinates":[[-117.9436,33.6837],[-117.9776,33.6834],[-117.9785,33.7336],[-117.9989,33.7335],[-117.9997,33.8009],[-117.9883,33.801],[-117.9836,33.8089]]},"properties":{"Name":"SCE 220kV","kV":"220","kV_Sort":220,"Owner":"SCE","Status":"Operational","Circuit":"Double","TLine_Name":" ","Length_Mile":13}},{"type":"Feature","geometry":{"type":"LineString","coordinates":[[-117.9436,33.6837],[-117.9775,33.6835],[-117.9783,33.7338],[-117.9986,33.7337],[-117.9996,33.8008],[-117.9838,33.8082]]},"properties":{"Name":"SCE 220kV","kV":"220","kV_Sort":220,"Owner":"SCE","Status":"Operational","Circuit":"Double","TLine_Name":" ","Length_Mile":13}},{"type":"Feature","geometry":{"type":"LineString","coordinates":[[-117.9437,33.6843],[-117.9436,33.6837]]},"properties":{"Name":"SCE 220kV","kV":"220","kV_Sort":220,"Owner":"SCE","Status":"Operational","Circuit":"Double","TLine_Name":" ","Length_Mile":0}},{"type":"Feature","geometry":{"type":"LineString","coordinates":[[-119.3265,37.2101],[-119.3071,37.2006]]},"properties":{"Name":"SCE 220kV","kV":"220","kV_Sort":220,"Owner":"SCE","Status":"Operational","Circuit":"Double","TLine_Name":" ","Length_Mile":1}},{"type":"Feature","geometry":{"type":"LineString","coordinates":[[-119.3068,37.2002],[-119.2983,37.189]]},"properties":{"Name":"SCE 220kV","kV":"220","kV_Sort":220,"Owner":"SCE","Status":"Operational","Circuit":"Double","TLine_Name":" ","Length_Mile":1}},{"type":"Feature","geometry":{"type":"LineString","coordinates":[[-117.2411,34.0321],[-117.2411,34.0321]]},"properties":{"Name":"SCE 220kV","kV":"220","kV_Sort":220,"Owner":"SCE","Status":"Operational","Circuit":"Double","TLine_Name":" ","Length_Mile":0}},{"type":"Feature","geometry":{"type":"LineString","coordinates":[[-117.2411,34.0321],[-117.2411,34.0321]]},"properties":{"Name":"SCE 220kV","kV":"220","kV_Sort":220,"Owner":"SCE","Status":"Operational","Circuit":"Double","TLine_Name":" ","Length_Mile":0}},{"type":"Feature","geometry":{"type":"LineString","coordinates":[[-116.5787,33.9342],[-116.5777,33.938]]},"properties":{"Name":"SCE 220kV","kV":"220","kV_Sort":220,"Owner":"SCE","Status":"Operational","Circuit":"Double","TLine_Name":" ","Length_Mile":0}},{"type":"Feature","geometry":{"type":"LineString","coordinates":[[-117.3187,34.0412],[-117.2411,34.0321]]},"properties":{"Name":"SCE 220kV","kV":"220","kV_Sort":220,"Owner":"SCE","Status":"Operational","Circuit":"Double","TLine_Name":" ","Length_Mile":5}},{"type":"Feature","geometry":{"type":"LineString","coordinates":[[-118.575,34.4665],[-118.5865,34.4556]]},"properties":{"Name":"SCE 220kV","kV":"220","kV_Sort":220,"Owner":"SCE","Status":"Operational","Circuit":"Double","TLine_Name":" ","Length_Mile":1}},{"type":"Feature","geometry":{"type":"LineString","coordinates":[[-118.5907,34.4516],[-118.5838,34.4394]]},"properties":{"Name":"SCE 220kV","kV":"220","kV_Sort":220,"Owner":"SCE","Status":"Operational","Circuit":"Double","TLine_Name":" ","Length_Mile":1}},{"type":"Feature","geometry":{"type":"LineString","coordinates":[[-118.3139,35.1081],[-118.3253,35.1111],[-118.326,35.1308],[-118.3106,35.1467],[-118.3358,35.1749],[-118.3239,35.175],[-118.3232,35.1825],[-118.2871,35.1821],[-118.2871,35.1892],[-118.2595,35.2087],[-118.2479,35.2071]]},"properties":{"Name":"SCE 230kV","kV":"230","kV_Sort":230,"Owner":"SCE","Status":"Operational","Circuit":"Double","TLine_Name":" ","Length_Mile":13}},{"type":"Feature","geometry":{"type":"LineString","coordinates":[[-118.3143,35.108],[-118.3146,35.1022],[-118.3345,35.0991]]},"properties":{"Name":"SCE 230kV","kV":"230","kV_Sort":230,"Owner":"SCE","Status":"Operational","Circuit":"Double","TLine_Name":" ","Length_Mile":2}},{"type":"Feature","geometry":{"type":"LineString","coordinates":[[-118.5897,34.4463],[-118.5828,34.4393]]},"properties":{"Name":"SCE 220kV","kV":"220","kV_Sort":220,"Owner":"SCE","Status":"Operational","Circuit":"Single","TLine_Name":" ","Length_Mile":1}},{"type":"Feature","geometry":{"type":"LineString","coordinates":[[-118.5828,34.4393],[-118.5928,34.4491],[-118.5744,34.4665]]},"properties":{"Name":"SCE 220kV","kV":"220","kV_Sort":220,"Owner":"SCE","Status":"Operational","Circuit":"Single","TLine_Name":" ","Length_Mile":3}},{"type":"Feature","geometry":{"type":"LineString","coordinates":[[-118.575,34.4665],[-118.4348,34.4704],[-118.2881,34.4626],[-118.2043,34.4348],[-118.1352,34.433]]},"properties":{"Name":"SCE 220kV","kV":"220","kV_Sort":220,"Owner":"SCE","Status":"Operational","Circuit":"Single","TLine_Name":" ","Length_Mile":26}},{"type":"Feature","geometry":{"type":"LineString","coordinates":[[-118.1334,34.4319],[-118.1345,34.4322]]},"properties":{"Name":"SCE 220kV","kV":"220","kV_Sort":220,"Owner":"SCE","Status":"Operational","Circuit":"Single","TLine_Name":" ","Length_Mile":0}},{"type":"Feature","geometry":{"type":"LineString","coordinates":[[-118.1354,34.4319],[-118.1334,34.4319]]},"properties":{"Name":"SCE 220kV","kV":"220","kV_Sort":220,"Owner":"SCE","Status":"Operational","Circuit":"Single","TLine_Name":" ","Length_Mile":0}},{"type":"Feature","geometry":{"type":"LineString","coordinates":[[-118.1349,34.4329],[-118.135,34.4314]]},"properties":{"Name":"SCE 220kV","kV":"220","kV_Sort":220,"Owner":"SCE","Status":"Operational","Circuit":"Single","TLine_Name":" ","Length_Mile":0}},{"type":"Feature","geometry":{"type":"LineString","coordinates":[[-118.1191,34.4835],[-118.1848,34.2689],[-118.1873,34.2218]]},"properties":{"Name":"SCE 500kV","kV":"500","kV_Sort":500,"Owner":"SCE","Status":"Operational","Circuit":"Single","TLine_Name":" ","Length_Mile":19}},{"type":"Feature","geometry":{"type":"LineString","coordinates":[[-118.5907,34.4516],[-118.5865,34.4556]]},"properties":{"Name":"SCE 220kV","kV":"220","kV_Sort":220,"Owner":"SCE","Status":"Operational","Circuit":"Single","TLine_Name":" ","Length_Mile":0}},{"type":"Feature","geometry":{"type":"LineString","coordinates":[[-118.5903,34.4521],[-118.5897,34.4463]]},"properties":{"Name":"SCE 220kV","kV":"220","kV_Sort":220,"Owner":"SCE","Status":"Operational","Circuit":"Single","TLine_Name":" ","Length_Mile":0}},{"type":"Feature","geometry":{"type":"LineString","coordinates":[[-118.5124,34.3544],[-118.4945,34.3366]]},"properties":{"Name":"SCE 220kV","kV":"220","kV_Sort":220,"Owner":"SCE","Status":"Operational","Circuit":"Single","TLine_Name":" ","Length_Mile":2}},{"type":"Feature","geometry":{"type":"LineString","coordinates":[[-118.0981,33.85],[-118.0989,33.8501]]},"properties":{"Name":"SCE 220kV","kV":"220","kV_Sort":220,"Owner":"SCE","Status":"Operational","Circuit":"Single","TLine_Name":" ","Length_Mile":0}},{"type":"Feature","geometry":{"type":"LineString","coordinates":[[-118.0227,34.0186],[-118.0187,34.0164]]},"properties":{"Name":"SCE 220kV","kV":"220","kV_Sort":220,"Owner":"SCE","Status":"Operational","Circuit":"Single","TLine_Name":" ","Length_Mile":0}},{"type":"Feature","geometry":{"type":"LineString","coordinates":[[-118.0019,33.9879],[-118.0031,33.9917]]},"properties":{"Name":"SCE 220kV","kV":"220","kV_Sort":220,"Owner":"SCE","Status":"Operational","Circuit":"Single","TLine_Name":" ","Length_Mile":0}},{"type":"Feature","geometry":{"type":"LineString","coordinates":[[-118.075,34.035],[-118.0773,34.0346]]},"properties":{"Name":"SCE 220kV","kV":"220","kV_Sort":220,"Owner":"SCE","Status":"Operational","Circuit":"Single","TLine_Name":" ","Length_Mile":0}},{"type":"Feature","geometry":{"type":"LineString","coordinates":[[-118.9237,36.0586],[-118.924,36.0586]]},"properties":{"Name":"SCE 220kV","kV":"220","kV_Sort":220,"Owner":"SCE","Status":"Operational","Circuit":"Single","TLine_Name":" ","Length_Mile":0}},{"type":"Feature","geometry":{"type":"LineString","coordinates":[[-117.6467,35.3655],[-117.6472,35.3653]]},"properties":{"Name":"SCE 220kV","kV":"220","kV_Sort":220,"Owner":"SCE","Status":"Operational","Circuit":"Single","TLine_Name":" ","Length_Mile":0}},{"type":"Feature","geometry":{"type":"LineString","coordinates":[[-117.3481,35.0318],[-117.356,35.0311]]},"properties":{"Name":"SCE 220kV","kV":"220","kV_Sort":220,"Owner":"SCE","Status":"Operational","Circuit":"Single","TLine_Name":" ","Length_Mile":1}},{"type":"Feature","geometry":{"type":"LineString","coordinates":[[-117.3479,35.0269],[-117.3377,35.0328]]},"properties":{"Name":"SCE 220kV","kV":"220","kV_Sort":220,"Owner":"SCE","Status":"Operational","Circuit":"Single","TLine_Name":" ","Length_Mile":1}},{"type":"Feature","geometry":{"type":"LineString","coordinates":[[-115.5168,35.2524],[-115.5158,35.2522]]},"properties":{"Name":"SCE 500kV","kV":"500","kV_Sort":500,"Owner":"SCE","Status":"Operational","Circuit":"Single","TLine_Name":" ","Length_Mile":0}},{"type":"Feature","geometry":{"type":"LineString","coordinates":[[-118.3625,33.9966],[-118.3593,33.996]]},"properties":{"Name":"SCE 220kV","kV":"220","kV_Sort":220,"Owner":"SCE","Status":"Operational","Circuit":"Single","TLine_Name":" ","Length_Mile":0}},{"type":"Feature","geometry":{"type":"LineString","coordinates":[[-118.3593,33.9961],[-118.3685,33.9982]]},"properties":{"Name":"SCE 220kV","kV":"220","kV_Sort":220,"Owner":"SCE","Status":"Operational","Circuit":"Single","TLine_Name":" ","Length_Mile":1}},{"type":"Feature","geometry":{"type":"LineString","coordinates":[[-118.423,33.909],[-118.425,33.9112]]},"properties":{"Name":"SCE 220kV","kV":"220","kV_Sort":220,"Owner":"SCE","Status":"Operational","Circuit":"Single","TLine_Name":" ","Length_Mile":0}},{"type":"Feature","geometry":{"type":"MultiLineString","coordinates":[[[-115.5595,33.6711],[-115.7845,33.6422],[-115.8721,33.6432],[-115.9087,33.6509],[-115.9237,33.674],[-116.0338,33.6901],[-116.2257,33.7672],[-116.3376,33.8223],[-116.4299,33.8495],[-116.4641,33.8653],[-116.5604,33.9424],[-116.5765,33.9394]],[[-115.559,33.6713],[-115.5595,33.6711]]]},"properties":{"Name":"SCE 500kV","kV":"500","kV_Sort":500,"Owner":"SCE","Status":"Operational","Circuit":"Single","TLine_Name":"Colorado River - Valley","Length_Mile":65}},{"type":"Feature","geometry":{"type":"LineString","coordinates":[[-117.3672,34.3664],[-117.3444,34.3771],[-117.3889,34.5043]]},"properties":{"Name":"SCE 220kV","kV":"220","kV_Sort":220,"Owner":"SCE","Status":"Operational","Circuit":"Double","TLine_Name":" ","Length_Mile":11}},{"type":"Feature","geometry":{"type":"LineString","coordinates":[[-115.5155,35.2525],[-115.2131,35.4661]]},"properties":{"Name":"SCE 220kV","kV":"220","kV_Sort":220,"Owner":"SCE","Status":"Operational","Circuit":"Double","TLine_Name":" ","Length_Mile":23}},{"type":"Feature","geometry":{"type":"LineString","coordinates":[[-115.5152,35.252],[-115.2126,35.4657]]},"properties":{"Name":"SCE 220kV","kV":"220","kV_Sort":220,"Owner":"SCE","Status":"Operational","Circuit":"Double","TLine_Name":" ","Length_Mile":23}},{"type":"Feature","geometry":{"type":"LineString","coordinates":[[-116.283,34.8535],[-116.283,34.8535]]},"properties":{"Name":"SCE 220kV","kV":"220","kV_Sort":220,"Owner":"SCE","Status":"Operational","Circuit":"Double","TLine_Name":" ","Length_Mile":0}},{"type":"Feature","geometry":{"type":"LineString","coordinates":[[-118.1355,34.4314],[-118.135,34.4314]]},"properties":{"Name":"SCE 220kV","kV":"220","kV_Sort":220,"Owner":"SCE","Status":"Operational","Circuit":"Single","TLine_Name":" ","Length_Mile":0}},{"type":"Feature","geometry":{"type":"LineString","coordinates":[[-118.3019,34.6866],[-118.5431,34.9905],[-118.6787,35.0563],[-118.7225,35.1064],[-118.8345,35.2696],[-118.921,35.3609]]},"properties":{"Name":"SCE 220kV","kV":"220","kV_Sort":220,"Owner":"SCE","Status":"Operational","Circuit":"Single","TLine_Name":" ","Length_Mile":59}},{"type":"Feature","geometry":{"type":"LineString","coordinates":[[-118.3019,34.6866],[-118.3019,34.6866]]},"properties":{"Name":"SCE 220kV","kV":"220","kV_Sort":220,"Owner":"SCE","Status":"Operational","Circuit":"Single","TLine_Name":" ","Length_Mile":0}},{"type":"Feature","geometry":{"type":"LineString","coordinates":[[-118.3019,34.6866],[-118.3019,34.6866]]},"properties":{"Name":"SCE 220kV","kV":"220","kV_Sort":220,"Owner":"SCE","Status":"Operational","Circuit":"Single","TLine_Name":" ","Length_Mile":0}},{"type":"Feature","geometry":{"type":"LineString","coordinates":[[-118.1104,34.0359],[-118.045,34.0323],[-118.0145,34.0426],[-117.9825,34.1051]]},"properties":{"Name":"SCE 500kV","kV":"500","kV_Sort":500,"Owner":"SCE","Status":"Operational","Circuit":"Single","TLine_Name":" ","Length_Mile":11}},{"type":"Feature","geometry":{"type":"LineString","coordinates":[[-118.3735,33.9998],[-118.3737,34.0004]]},"properties":{"Name":"SCE 220kV","kV":"220","kV_Sort":220,"Owner":"SCE","Status":"Operational","Circuit":"Single","TLine_Name":" ","Length_Mile":0}},{"type":"Feature","geometry":{"type":"LineString","coordinates":[[-119.3067,37.2008],[-119.3049,37.1998]]},"properties":{"Name":"SCE 220kV","kV":"220","kV_Sort":220,"Owner":"SCE","Status":"Operational","Circuit":"Single","TLine_Name":" ","Length_Mile":0}},{"type":"Feature","geometry":{"type":"LineString","coordinates":[[-118.2796,35.0363],[-118.2829,35.0162],[-118.3154,34.9928],[-118.3164,34.7062],[-118.301,34.6869]]},"properties":{"Name":"SCE 500kV","kV":"500","kV_Sort":500,"Owner":"SCE","Status":"Operational","Circuit":"Single","TLine_Name":"","Length_Mile":26}},{"type":"Feature","geometry":{"type":"LineString","coordinates":[[-117.6796,33.9971],[-117.6908,33.9968],[-117.6954,33.9642]]},"properties":{"Name":"SCE 220kV","kV":"220","kV_Sort":220,"Owner":"SCE","Status":"Operational","Circuit":"Single","TLine_Name":" ","Length_Mile":3}},{"type":"Feature","geometry":{"type":"LineString","coordinates":[[-114.8055,33.5811],[-114.8152,33.5787]]},"properties":{"Name":"SCE 500kV","kV":"500","kV_Sort":500,"Owner":"SCE","Status":"Operational","Circuit":"Single","TLine_Name":null,"Length_Mile":1}},{"type":"Feature","geometry":{"type":"LineString","coordinates":[[-114.8164,33.5781],[-114.8211,33.5756],[-114.8245,33.5877],[-115.0948,33.5975],[-115.2104,33.6644],[-115.3414,33.6991],[-115.4792,33.6895],[-115.5589,33.6713]]},"properties":{"Name":"SCE 500kV","kV":"500","kV_Sort":500,"Owner":"SCE","Status":"Operational","Circuit":"Single","TLine_Name":null,"Length_Mile":46}},{"type":"Feature","geometry":{"type":"MultiLineString","coordinates":[[[-115.5596,33.6714],[-115.7845,33.6425],[-115.872,33.6435],[-115.9085,33.6512],[-115.9235,33.6742],[-116.0337,33.6904],[-116.1836,33.7498],[-116.3375,33.8226],[-116.4297,33.8498],[-116.4639,33.8656],[-116.5603,33.9427],[-116.5768,33.9396]],[[-115.559,33.6715],[-115.5596,33.6714]]]},"properties":{"Name":"SCE 500kV","kV":"500","kV_Sort":500,"Owner":"SCE","Status":"Operational","Circuit":"Single","TLine_Name":" ","Length_Mile":65}},{"type":"Feature","geometry":{"type":"LineString","coordinates":[[-116.5782,33.9343],[-116.6737,33.9151],[-116.7154,33.8829],[-116.7337,33.8836],[-116.7453,33.8992],[-116.8347,33.9028],[-116.8428,33.9112],[-116.9993,33.8932],[-117.1227,33.7878],[-117.1578,33.753],[-117.1559,33.7402]]},"properties":{"Name":"SCE 500kV","kV":"500","kV_Sort":500,"Owner":"SCE","Status":"Operational","Circuit":"Single","TLine_Name":null,"Length_Mile":41}},{"type":"Feature","geometry":{"type":"LineString","coordinates":[[-118.1859,35.3451],[-118.2199,35.3194],[-118.225,35.3111],[-118.2135,35.2923],[-118.2443,35.2685]]},"properties":{"Name":"SCE 220kV","kV":"220","kV_Sort":220,"Owner":"SCE","Status":"Operational","Circuit":"Single","TLine_Name":null,"Length_Mile":8}},{"type":"Feature","geometry":{"type":"LineString","coordinates":[[-118.1761,35.3289],[-118.1931,35.3038],[-118.2477,35.2769],[-118.248,35.253],[-118.2354,35.224],[-118.2479,35.2071]]},"properties":{"Name":"SCE 220kV","kV":"220","kV_Sort":220,"Owner":"SCE","Status":"Operational","Circuit":"Single","TLine_Name":null,"Length_Mile":11}},{"type":"Feature","geometry":{"type":"LineString","coordinates":[[-114.9733,33.6529],[-114.9422,33.628],[-114.9422,33.6133],[-114.909,33.6112],[-114.902,33.5911]]},"properties":{"Name":"SCE 230kV","kV":"230","kV_Sort":230,"Owner":"SCE","Status":"Operational","Circuit":"Single","TLine_Name":null,"Length_Mile":7}},{"type":"Feature","geometry":{"type":"LineString","coordinates":[[-116.3705,33.8191],[-116.3711,33.8309]]},"properties":{"Name":"SCE 220kV","kV":"220","kV_Sort":220,"Owner":"SCE","Status":"Operational","Circuit":"Single","TLine_Name":" ","Length_Mile":47}},{"type":"Feature","geometry":{"type":"LineString","coordinates":[[-118.2818,35.035],[-118.3222,35.0011],[-118.3268,34.947],[-118.4359,34.8588]]},"properties":{"Name":"SCE 500kV","kV":"500","kV_Sort":500,"Owner":"SCE","Status":"Operational","Circuit":"Single","TLine_Name":"","Length_Mile":null}},{"type":"Feature","geometry":{"type":"LineString","coordinates":[[-118.4372,34.8561],[-118.4352,34.8487]]},"properties":{"Name":"SCE 500kV","kV":"500","kV_Sort":500,"Owner":"SCE","Status":"Operational","Circuit":"Single","TLine_Name":" ","Length_Mile":null}},{"type":"Feature","geometry":{"type":"LineString","coordinates":[[-118.437,34.8557],[-118.4353,34.8487]]},"properties":{"Name":"SCE 500kV","kV":"500","kV_Sort":500,"Owner":"SCE","Status":"Operational","Circuit":"Single","TLine_Name":" ","Length_Mile":null}},{"type":"Feature","geometry":{"type":"LineString","coordinates":[[-118.4365,34.8559],[-118.3329,34.7229],[-118.3327,34.6823],[-118.2986,34.6843]]},"properties":{"Name":"SCE 500kV","kV":"500","kV_Sort":500,"Owner":"SCE","Status":"Operational","Circuit":"Single","TLine_Name":" ","Length_Mile":null}},{"type":"Feature","geometry":{"type":"LineString","coordinates":[[-118.4366,34.8563],[-118.4353,34.8487]]},"properties":{"Name":"SCE 500kV","kV":"500","kV_Sort":500,"Owner":"SCE","Status":"Operational","Circuit":"Single","TLine_Name":" ","Length_Mile":null}},{"type":"Feature","geometry":{"type":"LineString","coordinates":[[-118.4353,34.8487],[-118.4366,34.8559]]},"properties":{"Name":"SCE 500kV","kV":"500","kV_Sort":500,"Owner":"SCE","Status":"Operational","Circuit":"Single","TLine_Name":" ","Length_Mile":null}},{"type":"Feature","geometry":{"type":"LineString","coordinates":[[-118.2985,34.6843],[-118.2474,34.6202],[-118.1216,34.5009],[-118.1178,34.4877]]},"properties":{"Name":"SCE 500kV","kV":"500","kV_Sort":500,"Owner":"SCE","Status":"Operational","Circuit":"Single","TLine_Name":" ","Length_Mile":null}},{"type":"Feature","geometry":{"type":"LineString","coordinates":[[-118.1188,34.4878],[-118.1227,34.5006],[-118.1847,34.5589],[-118.225,34.5594],[-118.2512,34.5775],[-118.2372,34.591],[-118.2209,34.5928],[-118.3005,34.6861]]},"properties":{"Name":"SCE 500kV","kV":"500","kV_Sort":500,"Owner":"SCE","Status":"Operational","Circuit":"Single","TLine_Name":"","Length_Mile":21}},{"type":"Feature","geometry":{"type":"LineString","coordinates":[[-118.1224,34.4825],[-118.1244,34.4742],[-118.0773,34.4031],[-118.0987,34.3648],[-118.0961,34.339],[-118.0498,34.2913],[-118.0175,34.2365],[-117.9818,34.2163],[-117.9623,34.216],[-117.944,34.1588]]},"properties":{"Name":"SCE 500kV","kV":"500","kV_Sort":500,"Owner":"SCE","Status":"Operational","Circuit":"Single","TLine_Name":" ","Length_Mile":null}},{"type":"Feature","geometry":{"type":"LineString","coordinates":[[-118.1224,34.4825],[-118.1241,34.4742],[-118.0767,34.4033],[-118.098,34.3648],[-118.0953,34.3392],[-118.0493,34.2918],[-118.0171,34.2368],[-117.9817,34.217],[-117.9617,34.2162],[-117.944,34.1588]]},"properties":{"Name":"SCE 500kV","kV":"500","kV_Sort":500,"Owner":"SCE","Status":"Operational","Circuit":"Single","TLine_Name":"","Length_Mile":null}},{"type":"Feature","geometry":{"type":"LineString","coordinates":[[-117.944,34.1588],[-117.9439,34.1391],[-117.977,34.1166],[-117.981,34.1056]]},"properties":{"Name":"SCE 500kV","kV":"500","kV_Sort":500,"Owner":"SCE","Status":"Operational","Circuit":"Double","TLine_Name":"","Length_Mile":null}},{"type":"Feature","geometry":{"type":"LineString","coordinates":[[-117.6772,33.9983],[-117.5652,34.0052]]},"properties":{"Name":"SCE 220kV","kV":"220","kV_Sort":220,"Owner":"SCE","Status":"Operational","Circuit":"Double","TLine_Name":" ","Length_Mile":7}},{"type":"Feature","geometry":{"type":"LineString","coordinates":[[-115.4672,35.5452],[-115.4046,35.5919],[-115.345,35.6093],[-115.3451,35.6329],[-115.3057,35.673],[-115.1806,35.7348],[-115.1153,35.7454],[-115.0079,35.7974]]},"properties":{"Name":"SCE 220kV","kV":"220","kV_Sort":220,"Owner":"SCE","Status":"Operational","Circuit":"Single","TLine_Name":"Eldorado-Ivanpah","Length_Mile":null}},{"type":"Feature","geometry":{"type":"LineString","coordinates":[[-115.7148,32.7205],[-115.7069,32.6788],[-115.6807,32.6485]]},"properties":{"Name":"SDG&E 230kV","kV":"230","kV_Sort":230,"Owner":"SDG&E","Status":"Operational","Circuit":"Double","TLine_Name":" ","Length_Mile":6}},{"type":"Feature","geometry":{"type":"LineString","coordinates":[[-114.4902,32.7476],[-114.4808,32.79],[-114.484,32.8111],[-114.5122,32.8174],[-114.5361,32.8363],[-114.7177,32.8339],[-114.7371,32.8073],[-114.8656,32.7542],[-114.9071,32.728],[-114.9216,32.7057],[-115.2281,32.7011],[-115.2627,32.7093],[-115.3892,32.7086],[-115.3969,32.7164],[-115.7139,32.7155]]},"properties":{"Name":"SDG&E 500kV","kV":"500","kV_Sort":500,"Owner":"SDG&E","Status":"Operational","Circuit":"Single","TLine_Name":" ","Length_Mile":81}},{"type":"Feature","geometry":{"type":"LineString","coordinates":[[-114.4897,32.7473],[-114.4356,32.7422],[-114.4137,32.7501],[-114.3839,32.7813]]},"properties":{"Name":"SDG&E 500kV","kV":"500","kV_Sort":500,"Owner":"SDG&E","Status":"Operational","Circuit":"Single","TLine_Name":" ","Length_Mile":7}},{"type":"Feature","geometry":{"type":"LineString","coordinates":[[-115.7151,32.7204],[-115.7065,32.679],[-115.6796,32.6481]]},"properties":{"Name":"SDG&E 230kV","kV":"230","kV_Sort":230,"Owner":"SDG&E","Status":"Operational","Circuit":"Double","TLine_Name":" ","Length_Mile":6}},{"type":"Feature","geometry":{"type":"LineString","coordinates":[[-115.6818,32.6489],[-115.7072,32.6787],[-115.7145,32.7205]]},"properties":{"Name":"SDG&E 230kV","kV":"230","kV_Sort":230,"Owner":"SDG&E","Status":"Operational","Circuit":"Single","TLine_Name":" ","Length_Mile":6}},{"type":"Feature","geometry":{"type":"LineString","coordinates":[[-117.555,33.37],[-117.5506,33.3756],[-117.5828,33.4149],[-117.5785,33.454],[-117.6019,33.4597],[-117.6252,33.5133],[-117.6389,33.5216],[-117.6433,33.5576],[-117.6732,33.5708],[-117.6726,33.5898],[-117.7227,33.59],[-117.7511,33.5991],[-117.7635,33.6174],[-117.7723,33.6587],[-117.7672,33.6652]]},"properties":{"Name":"SDG&E 230kV","kV":"230","kV_Sort":230,"Owner":"SDG&E","Status":"Operational","Circuit":"Double","TLine_Name":" ","Length_Mile":28}},{"type":"Feature","geometry":{"type":"LineString","coordinates":[[-117.5545,33.3699],[-117.5503,33.3756],[-117.5825,33.415],[-117.5783,33.4542],[-117.6017,33.4599],[-117.625,33.5135],[-117.6386,33.5218],[-117.6453,33.5732],[-117.6289,33.6094],[-117.6395,33.665]]},"properties":{"Name":"SDG&E 230kV","kV":"230","kV_Sort":230,"Owner":"SDG&E","Status":"Operational","Circuit":"Double","TLine_Name":" ","Length_Mile":23}},{"type":"Feature","geometry":{"type":"LineString","coordinates":[[-116.9827,32.6778],[-116.8331,32.6551],[-116.8081,32.6461],[-116.7792,32.6058],[-116.6626,32.6048],[-116.6014,32.5861],[-116.52,32.5859],[-116.34,32.6031],[-116.2006,32.627],[-116.1111,32.6302],[-116.0207,32.773],[-115.9386,32.7893],[-115.883,32.789],[-115.7172,32.7155]]},"properties":{"Name":"SDG&E 500kV","kV":"500","kV_Sort":500,"Owner":"SDG&E","Status":"Operational","Circuit":"Single","TLine_Name":" ","Length_Mile":84}},{"type":"Feature","geometry":{"type":"LineString","coordinates":[[-116.9099,32.5747],[-116.9712,32.6402],[-116.9762,32.6723],[-116.9847,32.6796]]},"properties":{"Name":"SDG&E 230kV","kV":"230","kV_Sort":230,"Owner":"SDG&E","Status":"Operational","Circuit":"Double","TLine_Name":" ","Length_Mile":9}},{"type":"Feature","geometry":{"type":"LineString","coordinates":[[-116.9099,32.5747],[-116.9133,32.574]]},"properties":{"Name":"SDG&E 230kV","kV":"230","kV_Sort":230,"Owner":"SDG&E","Status":"Operational","Circuit":"Double","TLine_Name":" ","Length_Mile":0}},{"type":"Feature","geometry":{"type":"LineString","coordinates":[[-116.9097,32.5743],[-116.9099,32.5747]]},"properties":{"Name":"SDG&E 230kV","kV":"230","kV_Sort":230,"Owner":"SDG&E","Status":"Operational","Circuit":"Double","TLine_Name":" ","Length_Mile":0}},{"type":"Feature","geometry":{"type":"LineString","coordinates":[[-116.9097,32.5743],[-116.9132,32.5737]]},"properties":{"Name":"SDG&E 230kV","kV":"230","kV_Sort":230,"Owner":"SDG&E","Status":"Operational","Circuit":"Double","TLine_Name":" ","Length_Mile":0}},{"type":"Feature","geometry":{"type":"LineString","coordinates":[[-116.8835,32.5167],[-116.9097,32.5743]]},"properties":{"Name":"SDG&E 230kV","kV":"230","kV_Sort":230,"Owner":"SDG&E","Status":"Operational","Circuit":"Double","TLine_Name":" ","Length_Mile":4}},{"type":"Feature","geometry":{"type":"LineString","coordinates":[[-117.143,32.6956],[-117.1434,32.6964]]},"properties":{"Name":"SDG&E 230kV","kV":"230","kV_Sort":230,"Owner":"SDG&E","Status":"Operational","Circuit":"Many","TLine_Name":" ","Length_Mile":0}},{"type":"Feature","geometry":{"type":"LineString","coordinates":[[-117.143,32.6956],[-117.1433,32.6963]]},"properties":{"Name":"SDG&E 230kV","kV":"230","kV_Sort":230,"Owner":"SDG&E","Status":"Operational","Circuit":"Many","TLine_Name":" ","Length_Mile":0}},{"type":"Feature","geometry":{"type":"LineString","coordinates":[[-117.0949,32.6154],[-117.1149,32.6789],[-117.143,32.6956]]},"properties":{"Name":"SDG&E 230kV","kV":"230","kV_Sort":230,"Owner":"SDG&E","Status":"Operational","Circuit":"Many","TLine_Name":" ","Length_Mile":7}},{"type":"Feature","geometry":{"type":"LineString","coordinates":[[-117.192,32.7661],[-117.1378,32.7842]]},"properties":{"Name":"SDG&E 230kV","kV":"230","kV_Sort":230,"Owner":"SDG&E","Status":"Operational","Circuit":"Double","TLine_Name":" ","Length_Mile":4}},{"type":"Feature","geometry":{"type":"LineString","coordinates":[[-117.2183,32.9185],[-117.1831,32.8584],[-117.1843,32.7668],[-117.1389,32.7847]]},"properties":{"Name":"SDG&E 230kV","kV":"230","kV_Sort":230,"Owner":"SDG&E","Status":"Operational","Circuit":"Double","TLine_Name":" ","Length_Mile":14}},{"type":"Feature","geometry":{"type":"LineString","coordinates":[[-117.1389,32.7847],[-117.1387,32.7862]]},"properties":{"Name":"SDG&E 230kV","kV":"230","kV_Sort":230,"Owner":"SDG&E","Status":"Operational","Circuit":"Double","TLine_Name":" ","Length_Mile":0}},{"type":"Feature","geometry":{"type":"LineString","coordinates":[[-117.1389,32.7847],[-117.1389,32.7861]]},"properties":{"Name":"SDG&E 230kV","kV":"230","kV_Sort":230,"Owner":"SDG&E","Status":"Operational","Circuit":"Double","TLine_Name":" ","Length_Mile":0}},{"type":"Feature","geometry":{"type":"LineString","coordinates":[[-116.9837,32.6799],[-116.9758,32.6769],[-116.8929,32.769],[-116.892,32.8185],[-116.8838,32.8395],[-116.8961,32.8516],[-116.896,32.8761],[-117.017,32.8772]]},"properties":{"Name":"SDG&E 230kV","kV":"230","kV_Sort":230,"Owner":"SDG&E","Status":"Operational","Circuit":"Double","TLine_Name":" ","Length_Mile":24}},{"type":"Feature","geometry":{"type":"LineString","coordinates":[[-117.019,32.875],[-116.9159,32.8801],[-116.8933,32.8735],[-116.8933,32.8617]]},"properties":{"Name":"SDG&E 230kV","kV":"230","kV_Sort":230,"Owner":"SDG&E","Status":"Operational","Circuit":"Double","TLine_Name":" ","Length_Mile":8}},{"type":"Feature","geometry":{"type":"LineString","coordinates":[[-117.0312,32.9182],[-117.0138,32.9149],[-117.0191,32.8754]]},"properties":{"Name":"SDG&E 230kV","kV":"230","kV_Sort":230,"Owner":"SDG&E","Status":"Operational","Circuit":"Double","TLine_Name":" ","Length_Mile":4}},{"type":"Feature","geometry":{"type":"LineString","coordinates":[[-116.9844,32.6801],[-116.976,32.6772],[-116.8932,32.7691],[-116.8923,32.8185],[-116.8841,32.8396],[-116.8962,32.8514],[-116.8962,32.8759],[-117.0191,32.8754]]},"properties":{"Name":"SDG&E 230kV","kV":"230","kV_Sort":230,"Owner":"SDG&E","Status":"Operational","Circuit":"Double","TLine_Name":" ","Length_Mile":24}},{"type":"Feature","geometry":{"type":"LineString","coordinates":[[-117.0191,32.8754],[-117.1187,32.7885],[-117.1369,32.7842]]},"properties":{"Name":"SDG&E 230kV","kV":"230","kV_Sort":230,"Owner":"SDG&E","Status":"Operational","Circuit":"Double","TLine_Name":" ","Length_Mile":10}},{"type":"Feature","geometry":{"type":"LineString","coordinates":[[-117.019,32.875],[-117.1186,32.7882],[-117.1375,32.7858]]},"properties":{"Name":"SDG&E 230kV","kV":"230","kV_Sort":230,"Owner":"SDG&E","Status":"Operational","Circuit":"Double","TLine_Name":" ","Length_Mile":9}},{"type":"Feature","geometry":{"type":"LineString","coordinates":[[-117.1375,32.7858],[-117.1382,32.7864]]},"properties":{"Name":"SDG&E 230kV","kV":"230","kV_Sort":230,"Owner":"SDG&E","Status":"Operational","Circuit":"Double","TLine_Name":" ","Length_Mile":0}},{"type":"Feature","geometry":{"type":"LineString","coordinates":[[-117.1375,32.7858],[-117.138,32.7859]]},"properties":{"Name":"SDG&E 230kV","kV":"230","kV_Sort":230,"Owner":"SDG&E","Status":"Operational","Circuit":"Double","TLine_Name":" ","Length_Mile":0}},{"type":"Feature","geometry":{"type":"LineString","coordinates":[[-117.2081,33.0951],[-117.2387,33.1415]]},"properties":{"Name":"SDG&E 230kV","kV":"230","kV_Sort":230,"Owner":"SDG&E","Status":"Operational","Circuit":"Double","TLine_Name":" ","Length_Mile":4}},{"type":"Feature","geometry":{"type":"LineString","coordinates":[[-117.2065,33.0939],[-117.1537,33.095],[-117.14,33.1003],[-117.14,33.1098],[-117.1186,33.1098],[-117.1176,33.1207]]},"properties":{"Name":"SDG&E 230kV","kV":"230","kV_Sort":230,"Owner":"SDG&E","Status":"Operational","Circuit":"Double","TLine_Name":" ","Length_Mile":7}},{"type":"Feature","geometry":{"type":"LineString","coordinates":[[-117.2081,33.0951],[-117.2081,33.0951]]},"properties":{"Name":"SDG&E 230kV","kV":"230","kV_Sort":230,"Owner":"SDG&E","Status":"Operational","Circuit":"Double","TLine_Name":" ","Length_Mile":0}},{"type":"Feature","geometry":{"type":"LineString","coordinates":[[-117.2081,33.0951],[-117.2081,33.0951]]},"properties":{"Name":"SDG&E 230kV","kV":"230","kV_Sort":230,"Owner":"SDG&E","Status":"Operational","Circuit":"Double","TLine_Name":" ","Length_Mile":0}},{"type":"Feature","geometry":{"type":"LineString","coordinates":[[-117.2081,33.0951],[-117.2065,33.0939]]},"properties":{"Name":"SDG&E 230kV","kV":"230","kV_Sort":230,"Owner":"SDG&E","Status":"Operational","Circuit":"Double","TLine_Name":" ","Length_Mile":0}},{"type":"Feature","geometry":{"type":"LineString","coordinates":[[-117.2065,33.0939],[-117.2065,33.0939]]},"properties":{"Name":"SDG&E 230kV","kV":"230","kV_Sort":230,"Owner":"SDG&E","Status":"Operational","Circuit":"Double","TLine_Name":" ","Length_Mile":0}},{"type":"Feature","geometry":{"type":"LineString","coordinates":[[-117.0316,32.9176],[-117.0992,32.9383],[-117.1349,33.0003],[-117.1349,33.0345],[-117.1738,33.0531],[-117.2065,33.0939]]},"properties":{"Name":"SDG&E 230kV","kV":"230","kV_Sort":230,"Owner":"SDG&E","Status":"Operational","Circuit":"Double","TLine_Name":" ","Length_Mile":18}},{"type":"Feature","geometry":{"type":"LineString","coordinates":[[-117.1699,32.8413],[-117.1832,32.863],[-117.1695,32.874],[-117.169,33.0364],[-117.1923,33.0719],[-117.2721,33.1026],[-117.3066,33.1326]]},"properties":{"Name":"SDG&E 230kV","kV":"230","kV_Sort":230,"Owner":"SDG&E","Status":"Operational","Circuit":"Double","TLine_Name":" ","Length_Mile":25}},{"type":"Feature","geometry":{"type":"LineString","coordinates":[[-117.1411,32.7879],[-117.1699,32.8413]]},"properties":{"Name":"SDG&E 230kV","kV":"230","kV_Sort":230,"Owner":"SDG&E","Status":"Operational","Circuit":"Double","TLine_Name":" ","Length_Mile":4}},{"type":"Feature","geometry":{"type":"LineString","coordinates":[[-117.1411,32.7879],[-117.1384,32.7863]]},"properties":{"Name":"SDG&E 230kV","kV":"230","kV_Sort":230,"Owner":"SDG&E","Status":"Operational","Circuit":"Double","TLine_Name":" ","Length_Mile":0}},{"type":"Feature","geometry":{"type":"LineString","coordinates":[[-117.1411,32.7879],[-117.1385,32.7862]]},"properties":{"Name":"SDG&E 230kV","kV":"230","kV_Sort":230,"Owner":"SDG&E","Status":"Operational","Circuit":"Double","TLine_Name":" ","Length_Mile":0}},{"type":"Feature","geometry":{"type":"LineString","coordinates":[[-117.3077,33.1355],[-117.2884,33.1224]]},"properties":{"Name":"SDG&E 230kV","kV":"230","kV_Sort":230,"Owner":"SDG&E","Status":"Operational","Circuit":"Double","TLine_Name":" ","Length_Mile":1}},{"type":"Feature","geometry":{"type":"LineString","coordinates":[[-117.2884,33.1224],[-117.2881,33.1227]]},"properties":{"Name":"SDG&E 230kV","kV":"230","kV_Sort":230,"Owner":"SDG&E","Status":"Operational","Circuit":"Double","TLine_Name":" ","Length_Mile":0}},{"type":"Feature","geometry":{"type":"LineString","coordinates":[[-117.288,33.1222],[-117.2878,33.1226]]},"properties":{"Name":"SDG&E 230kV","kV":"230","kV_Sort":230,"Owner":"SDG&E","Status":"Operational","Circuit":"Double","TLine_Name":" ","Length_Mile":0}},{"type":"Feature","geometry":{"type":"LineString","coordinates":[[-117.2884,33.1224],[-117.288,33.1222]]},"properties":{"Name":"SDG&E 230kV","kV":"230","kV_Sort":230,"Owner":"SDG&E","Status":"Operational","Circuit":"Double","TLine_Name":" ","Length_Mile":0}},{"type":"Feature","geometry":{"type":"LineString","coordinates":[[-117.288,33.1222],[-117.2519,33.1013]]},"properties":{"Name":"SDG&E 230kV","kV":"230","kV_Sort":230,"Owner":"SDG&E","Status":"Operational","Circuit":"Double","TLine_Name":" ","Length_Mile":3}},{"type":"Feature","geometry":{"type":"LineString","coordinates":[[-117.2519,33.1013],[-117.2506,33.1011]]},"properties":{"Name":"SDG&E 230kV","kV":"230","kV_Sort":230,"Owner":"SDG&E","Status":"Operational","Circuit":"Double","TLine_Name":" ","Length_Mile":0}},{"type":"Feature","geometry":{"type":"LineString","coordinates":[[-117.2519,33.1013],[-117.2499,33.1003]]},"properties":{"Name":"SDG&E 230kV","kV":"230","kV_Sort":230,"Owner":"SDG&E","Status":"Operational","Circuit":"Double","TLine_Name":" ","Length_Mile":0}},{"type":"Feature","geometry":{"type":"LineString","coordinates":[[-117.2499,33.1003],[-117.2504,33.101]]},"properties":{"Name":"SDG&E 230kV","kV":"230","kV_Sort":230,"Owner":"SDG&E","Status":"Operational","Circuit":"Double","TLine_Name":" ","Length_Mile":0}},{"type":"Feature","geometry":{"type":"LineString","coordinates":[[-117.2499,33.1003],[-117.2063,33.0951]]},"properties":{"Name":"SDG&E 230kV","kV":"230","kV_Sort":230,"Owner":"SDG&E","Status":"Operational","Circuit":"Double","TLine_Name":" ","Length_Mile":3}},{"type":"Feature","geometry":{"type":"LineString","coordinates":[[-117.1699,32.8413],[-117.1834,32.8631],[-117.1697,32.874],[-117.1692,32.9385],[-117.2041,32.9197],[-117.2171,32.92]]},"properties":{"Name":"SDG&E 230kV","kV":"230","kV_Sort":230,"Owner":"SDG&E","Status":"Operational","Circuit":"Single","TLine_Name":" ","Length_Mile":10}},{"type":"Feature","geometry":{"type":"LineString","coordinates":[[-117.3134,33.1352],[-117.3138,33.1355]]},"properties":{"Name":"SDG&E 230kV","kV":"230","kV_Sort":230,"Owner":"SDG&E","Status":"Operational","Circuit":"Double","TLine_Name":" ","Length_Mile":0}},{"type":"Feature","geometry":{"type":"LineString","coordinates":[[-117.3134,33.1352],[-117.3136,33.1352]]},"properties":{"Name":"SDG&E 230kV","kV":"230","kV_Sort":230,"Owner":"SDG&E","Status":"Operational","Circuit":"Double","TLine_Name":" ","Length_Mile":0}},{"type":"Feature","geometry":{"type":"LineString","coordinates":[[-117.3101,33.135],[-117.3134,33.1352]]},"properties":{"Name":"SDG&E 230kV","kV":"230","kV_Sort":230,"Owner":"SDG&E","Status":"Operational","Circuit":"Double","TLine_Name":" ","Length_Mile":0}},{"type":"Feature","geometry":{"type":"LineString","coordinates":[[-117.3101,33.135],[-117.3134,33.1352]]},"properties":{"Name":"SDG&E 230kV","kV":"230","kV_Sort":230,"Owner":"SDG&E","Status":"Operational","Circuit":"Double","TLine_Name":" ","Length_Mile":0}},{"type":"Feature","geometry":{"type":"LineString","coordinates":[[-117.2212,32.9585],[-117.2469,32.991],[-117.2465,33.0376],[-117.2663,33.0849],[-117.3101,33.135]]},"properties":{"Name":"SDG&E 230kV","kV":"230","kV_Sort":230,"Owner":"SDG&E","Status":"Operational","Circuit":"Double","TLine_Name":" ","Length_Mile":14}},{"type":"Feature","geometry":{"type":"LineString","coordinates":[[-117.2212,32.9585],[-117.2208,32.9588]]},"properties":{"Name":"SDG&E 230kV","kV":"230","kV_Sort":230,"Owner":"SDG&E","Status":"Operational","Circuit":"Double","TLine_Name":" ","Length_Mile":0}},{"type":"Feature","geometry":{"type":"LineString","coordinates":[[-117.2212,32.9585],[-117.2207,32.9585]]},"properties":{"Name":"SDG&E 230kV","kV":"230","kV_Sort":230,"Owner":"SDG&E","Status":"Operational","Circuit":"Double","TLine_Name":" ","Length_Mile":0}},{"type":"Feature","geometry":{"type":"LineString","coordinates":[[-117.2201,32.9191],[-117.2212,32.9585]]},"properties":{"Name":"SDG&E 230kV","kV":"230","kV_Sort":230,"Owner":"SDG&E","Status":"Operational","Circuit":"Double","TLine_Name":" ","Length_Mile":3}},{"type":"Feature","geometry":{"type":"LineString","coordinates":[[-117.1164,33.1262],[-117.0991,33.1484],[-117.1041,33.1742],[-117.0909,33.277],[-117.0906,33.296],[-117.1045,33.3111],[-117.1082,33.426],[-117.1496,33.4328],[-117.3886,33.429],[-117.4087,33.4602],[-117.4775,33.4708],[-117.4908,33.4797],[-117.5479,33.451],[-117.5712,33.4526]]},"properties":{"Name":"SDG&E 230kV","kV":"230","kV_Sort":230,"Owner":"SDG&E","Status":"Operational","Circuit":"Single","TLine_Name":" ","Length_Mile":51}},{"type":"Feature","geometry":{"type":"LineString","coordinates":[[-117.31,33.1356],[-117.3352,33.1371]]},"properties":{"Name":"SDG&E 230kV","kV":"230","kV_Sort":230,"Owner":"SDG&E","Status":"Operational","Circuit":"Double","TLine_Name":" ","Length_Mile":1}},{"type":"Feature","geometry":{"type":"LineString","coordinates":[[-117.3066,33.1326],[-117.3343,33.2116]]},"properties":{"Name":"SDG&E 230kV","kV":"230","kV_Sort":230,"Owner":"SDG&E","Status":"Operational","Circuit":"Double","TLine_Name":" ","Length_Mile":6}},{"type":"Feature","geometry":{"type":"LineString","coordinates":[[-117.3406,33.2258],[-117.347,33.241],[-117.3768,33.2461],[-117.427,33.3086],[-117.4841,33.3328],[-117.5475,33.3731],[-117.5531,33.3692]]},"properties":{"Name":"SDG&E 230kV","kV":"230","kV_Sort":230,"Owner":"SDG&E","Status":"Operational","Circuit":"Double","TLine_Name":" ","Length_Mile":17}},{"type":"Feature","geometry":{"type":"LineString","coordinates":[[-117.3363,33.2161],[-117.3406,33.2258]]},"properties":{"Name":"SDG&E 230kV","kV":"230","kV_Sort":230,"Owner":"SDG&E","Status":"Operational","Circuit":"Double","TLine_Name":" ","Length_Mile":1}},{"type":"Feature","geometry":{"type":"LineString","coordinates":[[-117.3406,33.2258],[-117.3363,33.2161]]},"properties":{"Name":"SDG&E 230kV","kV":"230","kV_Sort":230,"Owner":"SDG&E","Status":"Operational","Circuit":"Double","TLine_Name":" ","Length_Mile":1}},{"type":"Feature","geometry":{"type":"LineString","coordinates":[[-117.3363,33.2161],[-117.3344,33.212]]},"properties":{"Name":"SDG&E 230kV","kV":"230","kV_Sort":230,"Owner":"SDG&E","Status":"Operational","Circuit":"Double","TLine_Name":" ","Length_Mile":0}},{"type":"Feature","geometry":{"type":"LineString","coordinates":[[-117.34,33.2234],[-117.3474,33.2407],[-117.3769,33.2459],[-117.427,33.3082],[-117.4843,33.3326],[-117.5474,33.3727],[-117.553,33.3692]]},"properties":{"Name":"SDG&E 230kV","kV":"230","kV_Sort":230,"Owner":"SDG&E","Status":"Operational","Circuit":"Double","TLine_Name":" ","Length_Mile":17}},{"type":"Feature","geometry":{"type":"LineString","coordinates":[[-117.3367,33.2156],[-117.34,33.2234]]},"properties":{"Name":"SDG&E 230kV","kV":"230","kV_Sort":230,"Owner":"SDG&E","Status":"Operational","Circuit":"Double","TLine_Name":" ","Length_Mile":1}},{"type":"Feature","geometry":{"type":"LineString","coordinates":[[-117.34,33.2234],[-117.3367,33.2156]]},"properties":{"Name":"SDG&E 230kV","kV":"230","kV_Sort":230,"Owner":"SDG&E","Status":"Operational","Circuit":"Double","TLine_Name":" ","Length_Mile":1}},{"type":"Feature","geometry":{"type":"LineString","coordinates":[[-117.3367,33.2156],[-117.3349,33.212]]},"properties":{"Name":"SDG&E 230kV","kV":"230","kV_Sort":230,"Owner":"SDG&E","Status":"Operational","Circuit":"Double","TLine_Name":" ","Length_Mile":0}},{"type":"Feature","geometry":{"type":"LineString","coordinates":[[-117.5532,33.3693],[-117.5471,33.3736],[-117.5814,33.4152],[-117.5772,33.4529],[-117.5717,33.4526]]},"properties":{"Name":"SDG&E 230kV","kV":"230","kV_Sort":230,"Owner":"SDG&E","Status":"Operational","Circuit":"Double","TLine_Name":" ","Length_Mile":7}},{"type":"Feature","geometry":{"type":"LineString","coordinates":[[-117.0946,32.6203],[-117.096,32.6164]]},"properties":{"Name":"SDG&E 230kV","kV":"230","kV_Sort":230,"Owner":"SDG&E","Status":"Operational","Circuit":"Single","TLine_Name":" ","Length_Mile":0}},{"type":"Feature","geometry":{"type":"LineString","coordinates":[[-117.3349,33.2118],[-117.3079,33.1404],[-117.3349,33.1365]]},"properties":{"Name":"SDG&E 230kV","kV":"230","kV_Sort":230,"Owner":"SDG&E","Status":"Operational","Circuit":"Double","TLine_Name":" ","Length_Mile":7}},{"type":"Feature","geometry":{"type":"LineString","coordinates":[[-117.3077,33.1355],[-117.3101,33.1356]]},"properties":{"Name":"SDG&E 230kV","kV":"230","kV_Sort":230,"Owner":"SDG&E","Status":"Operational","Circuit":"Single","TLine_Name":" ","Length_Mile":0}},{"type":"Feature","geometry":{"type":"LineString","coordinates":[[-117.3136,33.1352],[-117.3347,33.1362]]},"properties":{"Name":"SDG&E 230kV","kV":"230","kV_Sort":230,"Owner":"SDG&E","Status":"Operational","Circuit":"Double","TLine_Name":" ","Length_Mile":1}},{"type":"Feature","geometry":{"type":"LineString","coordinates":[[-117.3099,33.1353],[-117.3077,33.1355]]},"properties":{"Name":"SDG&E 230kV","kV":"230","kV_Sort":230,"Owner":"SDG&E","Status":"Operational","Circuit":"Single","TLine_Name":" ","Length_Mile":0}},{"type":"Feature","geometry":{"type":"LineString","coordinates":[[-117.3099,33.1353],[-117.31,33.1353]]},"properties":{"Name":"SDG&E 230kV","kV":"230","kV_Sort":230,"Owner":"SDG&E","Status":"Operational","Circuit":"Single","TLine_Name":" ","Length_Mile":0}},{"type":"Feature","geometry":{"type":"LineString","coordinates":[[-117.3136,33.1352],[-117.3099,33.1353]]},"properties":{"Name":"SDG&E 230kV","kV":"230","kV_Sort":230,"Owner":"SDG&E","Status":"Operational","Circuit":"Single","TLine_Name":" ","Length_Mile":0}},{"type":"Feature","geometry":{"type":"LineString","coordinates":[[-117.6404,33.6658],[-117.6404,33.6667],[-117.6403,33.6659],[-117.6404,33.6658]]},"properties":{"Name":"SDG&E 230kV","kV":"230","kV_Sort":230,"Owner":"SDG&E","Status":"Operational","Circuit":"Single","TLine_Name":" ","Length_Mile":0}},{"type":"Feature","geometry":{"type":"LineString","coordinates":[[-117.6404,33.6658],[-117.6415,33.6663]]},"properties":{"Name":"SDG&E 230kV","kV":"230","kV_Sort":230,"Owner":"SDG&E","Status":"Operational","Circuit":"Single","TLine_Name":" ","Length_Mile":0}},{"type":"Feature","geometry":{"type":"LineString","coordinates":[[-117.6403,33.6656],[-117.6419,33.6662]]},"properties":{"Name":"SDG&E 230kV","kV":"230","kV_Sort":230,"Owner":"SDG&E","Status":"Operational","Circuit":"Single","TLine_Name":" ","Length_Mile":0}},{"type":"Feature","geometry":{"type":"LineString","coordinates":[[-117.6403,33.6656],[-117.6404,33.6658]]},"properties":{"Name":"SDG&E 230kV","kV":"230","kV_Sort":230,"Owner":"SDG&E","Status":"Operational","Circuit":"Single","TLine_Name":" ","Length_Mile":0}},{"type":"Feature","geometry":{"type":"LineString","coordinates":[[-117.6403,33.6656],[-117.6395,33.665],[-117.6402,33.6656],[-117.6403,33.6656]]},"properties":{"Name":"SDG&E 230kV","kV":"230","kV_Sort":230,"Owner":"SDG&E","Status":"Operational","Circuit":"Single","TLine_Name":" ","Length_Mile":0}},{"type":"Feature","geometry":{"type":"LineString","coordinates":[[-117.1727,32.9373],[-117.1691,33.0363],[-117.1924,33.0718],[-117.2723,33.1025],[-117.31,33.1356]]},"properties":{"Name":"SDG&E 230kV","kV":"230","kV_Sort":230,"Owner":"SDG&E","Status":"Operational","Circuit":"Single","TLine_Name":" ","Length_Mile":18}},{"type":"Feature","geometry":{"type":"LineString","coordinates":[[-116.8968,32.8606],[-116.8933,32.8617],[-116.8949,32.8609],[-116.8968,32.8606]]},"properties":{"Name":"SDG&E 230kV","kV":"230","kV_Sort":230,"Owner":"SDG&E","Status":"Operational","Circuit":"Single","TLine_Name":" ","Length_Mile":0}},{"type":"Feature","geometry":{"type":"LineString","coordinates":[[-116.8968,32.8606],[-116.8993,32.8604]]},"properties":{"Name":"SDG&E 230kV","kV":"230","kV_Sort":230,"Owner":"SDG&E","Status":"Operational","Circuit":"Single","TLine_Name":" ","Length_Mile":0}},{"type":"Feature","geometry":{"type":"LineString","coordinates":[[-116.8968,32.8606],[-116.8991,32.8598]]},"properties":{"Name":"SDG&E 230kV","kV":"230","kV_Sort":230,"Owner":"SDG&E","Status":"Operational","Circuit":"Single","TLine_Name":" ","Length_Mile":0}},{"type":"Feature","geometry":{"type":"LineString","coordinates":[[-116.9854,32.6677],[-116.9794,32.674],[-116.9851,32.6794]]},"properties":{"Name":"SDG&E 230kV","kV":"230","kV_Sort":230,"Owner":"SDG&E","Status":"Operational","Circuit":"Single","TLine_Name":" ","Length_Mile":1}},{"type":"Feature","geometry":{"type":"LineString","coordinates":[[-116.9882,32.6649],[-116.9854,32.6677]]},"properties":{"Name":"SDG&E 230kV","kV":"230","kV_Sort":230,"Owner":"SDG&E","Status":"Operational","Circuit":"Single","TLine_Name":" ","Length_Mile":0}},{"type":"Feature","geometry":{"type":"LineString","coordinates":[[-116.9882,32.6649],[-116.9869,32.665]]},"properties":{"Name":"SDG&E 230kV","kV":"230","kV_Sort":230,"Owner":"SDG&E","Status":"Operational","Circuit":"Single","TLine_Name":" ","Length_Mile":0}},{"type":"Feature","geometry":{"type":"LineString","coordinates":[[-116.9854,32.6677],[-116.9867,32.6652]]},"properties":{"Name":"SDG&E 230kV","kV":"230","kV_Sort":230,"Owner":"SDG&E","Status":"Operational","Circuit":"Single","TLine_Name":" ","Length_Mile":0}},{"type":"Feature","geometry":{"type":"LineString","coordinates":[[-117.0946,32.6152],[-117.0834,32.6019],[-117.0439,32.6054],[-116.9882,32.6649]]},"properties":{"Name":"SDG&E 230kV","kV":"230","kV_Sort":230,"Owner":"SDG&E","Status":"Operational","Circuit":"Double","TLine_Name":" ","Length_Mile":9}},{"type":"Feature","geometry":{"type":"LineString","coordinates":[[-117.0157,32.6372],[-117.0162,32.6376]]},"properties":{"Name":"SDG&E 230kV","kV":"230","kV_Sort":230,"Owner":"SDG&E","Status":"Operational","Circuit":"Single","TLine_Name":" ","Length_Mile":0}},{"type":"Feature","geometry":{"type":"LineString","coordinates":[[-117.0154,32.6376],[-117.0159,32.6379]]},"properties":{"Name":"SDG&E 230kV","kV":"230","kV_Sort":230,"Owner":"SDG&E","Status":"Operational","Circuit":"Single","TLine_Name":" ","Length_Mile":0}},{"type":"Feature","geometry":{"type":"LineString","coordinates":[[-117.1187,33.1125],[-117.117,33.1253]]},"properties":{"Name":"SDG&E 230kV","kV":"230","kV_Sort":230,"Owner":"SDG&E","Status":"Operational","Circuit":"Single","TLine_Name":" ","Length_Mile":1}},{"type":"Feature","geometry":{"type":"LineString","coordinates":[[-117.1187,33.1125],[-117.1187,33.1125]]},"properties":{"Name":"SDG&E 230kV","kV":"230","kV_Sort":230,"Owner":"SDG&E","Status":"Operational","Circuit":"Single","TLine_Name":" ","Length_Mile":0}},{"type":"Feature","geometry":{"type":"LineString","coordinates":[[-117.2075,33.0949],[-117.1531,33.0948],[-117.1398,33.1002],[-117.1398,33.1096],[-117.1187,33.1125]]},"properties":{"Name":"SDG&E 230kV","kV":"230","kV_Sort":230,"Owner":"SDG&E","Status":"Operational","Circuit":"Single","TLine_Name":" ","Length_Mile":6}},{"type":"Feature","geometry":{"type":"LineString","coordinates":[[-117.1168,33.1252],[-117.1176,33.1211]]},"properties":{"Name":"SDG&E 230kV","kV":"230","kV_Sort":230,"Owner":"SDG&E","Status":"Operational","Circuit":"Double","TLine_Name":" ","Length_Mile":0}},{"type":"Feature","geometry":{"type":"LineString","coordinates":[[-117.2388,33.1416],[-117.2488,33.1581],[-117.3291,33.2014],[-117.3345,33.2107]]},"properties":{"Name":"SDG&E 230kV","kV":"230","kV_Sort":230,"Owner":"SDG&E","Status":"Operational","Circuit":"Single","TLine_Name":" ","Length_Mile":8}},{"type":"Feature","geometry":{"type":"LineString","coordinates":[[-117.1693,32.8895],[-117.1697,32.8896]]},"properties":{"Name":"SDG&E 230kV","kV":"230","kV_Sort":230,"Owner":"SDG&E","Status":"Operational","Circuit":"Single","TLine_Name":" ","Length_Mile":0}},{"type":"Feature","geometry":{"type":"LineString","coordinates":[[-117.5897,33.4556],[-117.5892,33.4568]]},"properties":{"Name":"SDG&E 230kV","kV":"230","kV_Sort":230,"Owner":"SDG&E","Status":"Operational","Circuit":"Single","TLine_Name":" ","Length_Mile":0}},{"type":"Feature","geometry":{"type":"LineString","coordinates":[[-117.1644,32.7715],[-117.1644,32.7717]]},"properties":{"Name":"SDG&E 230kV","kV":"230","kV_Sort":230,"Owner":"SDG&E","Status":"Operational","Circuit":"Single","TLine_Name":" ","Length_Mile":0}},{"type":"Feature","geometry":{"type":"LineString","coordinates":[[-117.0878,32.8155],[-117.0884,32.8158]]},"properties":{"Name":"SDG&E 230kV","kV":"230","kV_Sort":230,"Owner":"SDG&E","Status":"Operational","Circuit":"Single","TLine_Name":" ","Length_Mile":0}},{"type":"Feature","geometry":{"type":"LineString","coordinates":[[-117.0874,32.8154],[-117.0883,32.8159]]},"properties":{"Name":"SDG&E 230kV","kV":"230","kV_Sort":230,"Owner":"SDG&E","Status":"Operational","Circuit":"Single","TLine_Name":" ","Length_Mile":0}},{"type":"Feature","geometry":{"type":"LineString","coordinates":[[-117.1731,32.9049],[-117.169,32.9054]]},"properties":{"Name":"SDG&E 230kV","kV":"230","kV_Sort":230,"Owner":"SDG&E","Status":"Operational","Circuit":"Single","TLine_Name":" ","Length_Mile":0}},{"type":"Feature","geometry":{"type":"LineString","coordinates":[[-116.6829,32.8091],[-116.6944,32.7879],[-116.7142,32.7806],[-116.6894,32.6596],[-116.5729,32.654],[-116.4943,32.6626],[-116.4821,32.6558],[-116.4562,32.7023],[-116.4317,32.7106],[-116.4297,32.7328],[-116.3923,32.7884],[-116.3398,32.7874],[-116.2777,32.7558],[-116.259,32.7181],[-116.2595,32.6688],[-116.2176,32.639],[-116.1781,32.6301],[-116.1117,32.6313],[-116.0217,32.7741],[-115.9388,32.7904],[-115.8827,32.7901],[-115.7171,32.7161]]},"properties":{"Name":"SDG&E 500kV","kV":"500","kV_Sort":500,"Owner":"SDG&E","Status":"Operational","Circuit":"Single","TLine_Name":"Sunrise Powerlink","Length_Mile":89}},{"type":"Feature","geometry":{"type":"MultiLineString","coordinates":[[[-116.8054,32.8547],[-116.8042,32.8451],[-116.7887,32.8396],[-116.719,32.834],[-116.7193,32.8268]],[[-116.8054,32.8547],[-116.8043,32.8451],[-116.7878,32.8393],[-116.719,32.8339],[-116.7171,32.8208],[-116.6829,32.8091]],[[-117.0314,32.9183],[-116.9976,32.9192],[-116.9859,32.9415],[-116.9612,32.9412],[-116.9097,32.8853]]]},"properties":{"Name":"SDG&E 230kV","kV":"230","kV_Sort":230,"Owner":"SDG&E","Status":"Operational","Circuit":"Double","TLine_Name":"Sunrise Powerlink","Length_Mile":34}},{"type":"Feature","geometry":{"type":"MultiLineString","coordinates":[[[-116.6781,32.8371],[-116.6811,32.8368]],[[-116.6781,32.8371],[-116.7191,32.834]],[[-116.6781,32.8371],[-116.6829,32.8091]]]},"properties":{"Name":"SDG&E 230kV","kV":"230","kV_Sort":230,"Owner":"SDG&E","Status":"Operational","Circuit":"Double","TLine_Name":"Sunrise Powerlink","Length_Mile":null}},{"type":"Feature","geometry":{"type":"LineString","coordinates":[[-116.9097,32.8857],[-116.8337,32.8955],[-116.7982,32.8788],[-116.8054,32.8552]]},"properties":{"Name":"SDG&E 230kV","kV":"230","kV_Sort":230,"Owner":"SDG&E","Status":"Operational","Circuit":"Double","TLine_Name":"Sunrise Powerlink","Length_Mile":34}},{"type":"Feature","geometry":{"type":"LineString","coordinates":[[-121.1238,38.3442],[-121.2962,38.3517],[-121.3314,38.3369],[-121.3547,38.3362],[-121.3536,38.3565],[-121.4485,38.3577],[-121.4693,38.4893]]},"properties":{"Name":"SMUD 230kV","kV":"230","kV_Sort":230,"Owner":"SMUD","Status":"Operational","Circuit":"Double","TLine_Name":" ","Length_Mile":29}},{"type":"Feature","geometry":{"type":"LineString","coordinates":[[-121.4693,38.4894],[-121.4753,38.5106]]},"properties":{"Name":"SMUD 230kV","kV":"230","kV_Sort":230,"Owner":"SMUD","Status":"Operational","Circuit":"Double","TLine_Name":" ","Length_Mile":2}},{"type":"Feature","geometry":{"type":"LineString","coordinates":[[-121.1238,38.3447],[-121.2963,38.3519],[-121.3315,38.3371],[-121.3545,38.3366],[-121.3529,38.3722]]},"properties":{"Name":"SMUD 230kV","kV":"230","kV_Sort":230,"Owner":"SMUD","Status":"Operational","Circuit":"Double","TLine_Name":" ","Length_Mile":15}},{"type":"Feature","geometry":{"type":"LineString","coordinates":[[-121.4715,38.505],[-121.3589,38.5087]]},"properties":{"Name":"SMUD 230kV","kV":"230","kV_Sort":230,"Owner":"SMUD","Status":"Operational","Circuit":"Double","TLine_Name":" ","Length_Mile":6}},{"type":"Feature","geometry":{"type":"LineString","coordinates":[[-121.3465,38.762],[-121.3462,38.707],[-121.3327,38.7064],[-121.3471,38.6934]]},"properties":{"Name":"SMUD 230kV","kV":"230","kV_Sort":230,"Owner":"SMUD","Status":"Operational","Circuit":"Double","TLine_Name":" ","Length_Mile":6}},{"type":"Feature","geometry":{"type":"LineString","coordinates":[[-121.2661,38.6854],[-121.2532,38.693],[-121.2486,38.7079],[-121.2139,38.717]]},"properties":{"Name":"SMUD 230kV","kV":"230","kV_Sort":230,"Owner":"SMUD","Status":"Operational","Circuit":"Double","TLine_Name":" ","Length_Mile":4}},{"type":"Feature","geometry":{"type":"LineString","coordinates":[[-121.2641,38.6871],[-121.2535,38.6931],[-121.2488,38.7082],[-121.2166,38.715]]},"properties":{"Name":"SMUD 230kV","kV":"230","kV_Sort":230,"Owner":"SMUD","Status":"Operational","Circuit":"Double","TLine_Name":" ","Length_Mile":4}},{"type":"Feature","geometry":{"type":"LineString","coordinates":[[-120.6218,38.7937],[-120.6222,38.7957]]},"properties":{"Name":"SMUD 230kV","kV":"230","kV_Sort":230,"Owner":"SMUD","Status":"Operational","Circuit":"Single","TLine_Name":" ","Length_Mile":0}},{"type":"Feature","geometry":{"type":"LineString","coordinates":[[-120.7886,38.759],[-120.787,38.7654]]},"properties":{"Name":"SMUD 230kV","kV":"230","kV_Sort":230,"Owner":"SMUD","Status":"Operational","Circuit":"Single","TLine_Name":" ","Length_Mile":1}},{"type":"Feature","geometry":{"type":"LineString","coordinates":[[-120.7886,38.759],[-120.7872,38.7651]]},"properties":{"Name":"SMUD 230kV","kV":"230","kV_Sort":230,"Owner":"SMUD","Status":"Operational","Circuit":"Single","TLine_Name":" ","Length_Mile":0}},{"type":"Feature","geometry":{"type":"LineString","coordinates":[[-121.0163,38.7055],[-120.9459,38.7264],[-120.9191,38.7235],[-120.8566,38.7354],[-120.8239,38.7534],[-120.7886,38.759]]},"properties":{"Name":"SMUD 230kV","kV":"230","kV_Sort":230,"Owner":"SMUD","Status":"Operational","Circuit":"Single","TLine_Name":" ","Length_Mile":13}},{"type":"Feature","geometry":{"type":"LineString","coordinates":[[-121.4784,38.714],[-121.473,38.7298]]},"properties":{"Name":"SMUD 230kV","kV":"230","kV_Sort":230,"Owner":"SMUD","Status":"Operational","Circuit":"Single","TLine_Name":" ","Length_Mile":1}},{"type":"Feature","geometry":{"type":"LineString","coordinates":[[-121.2166,38.715],[-121.2139,38.717]]},"properties":{"Name":"SMUD 230kV","kV":"230","kV_Sort":230,"Owner":"SMUD","Status":"Operational","Circuit":"Single","TLine_Name":" ","Length_Mile":0}},{"type":"Feature","geometry":{"type":"LineString","coordinates":[[-121.3465,38.762],[-121.3465,38.7651]]},"properties":{"Name":"SMUD 230kV","kV":"230","kV_Sort":230,"Owner":"SMUD","Status":"Operational","Circuit":"Single","TLine_Name":" ","Length_Mile":0}},{"type":"Feature","geometry":{"type":"LineString","coordinates":[[-121.3465,38.762],[-121.3465,38.7651]]},"properties":{"Name":"SMUD 230kV","kV":"230","kV_Sort":230,"Owner":"SMUD","Status":"Operational","Circuit":"Single","TLine_Name":" ","Length_Mile":0}},{"type":"Feature","geometry":{"type":"LineString","coordinates":[[-121.3553,38.5105],[-121.383,38.5385],[-121.3916,38.5625],[-121.4248,38.5845]]},"properties":{"Name":"SMUD 230kV","kV":"230","kV_Sort":230,"Owner":"SMUD","Status":"Operational","Circuit":"Double","TLine_Name":" ","Length_Mile":7}},{"type":"Feature","geometry":{"type":"LineString","coordinates":[[-121.3549,38.5088],[-121.3553,38.5105]]},"properties":{"Name":"SMUD 230kV","kV":"230","kV_Sort":230,"Owner":"SMUD","Status":"Operational","Circuit":"Double","TLine_Name":" ","Length_Mile":0}},{"type":"Feature","geometry":{"type":"LineString","coordinates":[[-121.3551,38.5081],[-121.3553,38.5105]]},"properties":{"Name":"SMUD 230kV","kV":"230","kV_Sort":230,"Owner":"SMUD","Status":"Operational","Circuit":"Double","TLine_Name":" ","Length_Mile":0}},{"type":"Feature","geometry":{"type":"LineString","coordinates":[[-121.4283,38.5856],[-121.4242,38.5857]]},"properties":{"Name":"SMUD 230kV","kV":"230","kV_Sort":230,"Owner":"SMUD","Status":"Operational","Circuit":"Single","TLine_Name":" ","Length_Mile":0}},{"type":"Feature","geometry":{"type":"LineString","coordinates":[[-121.4248,38.5845],[-121.4667,38.5938],[-121.4804,38.605],[-121.4884,38.7031],[-121.4784,38.7137]]},"properties":{"Name":"SMUD 230kV","kV":"230","kV_Sort":230,"Owner":"SMUD","Status":"Operational","Circuit":"Double","TLine_Name":" ","Length_Mile":11}},{"type":"Feature","geometry":{"type":"LineString","coordinates":[[-121.265,38.7668],[-121.2623,38.7644]]},"properties":{"Name":"SMUD 230kV","kV":"230","kV_Sort":230,"Owner":"SMUD","Status":"Operational","Circuit":"Single","TLine_Name":" ","Length_Mile":0}},{"type":"Feature","geometry":{"type":"LineString","coordinates":[[-121.4735,38.505],[-121.4735,38.5051]]},"properties":{"Name":"SMUD 230kV","kV":"230","kV_Sort":230,"Owner":"SMUD","Status":"Operational","Circuit":"Single","TLine_Name":" ","Length_Mile":0}},{"type":"Feature","geometry":{"type":"LineString","coordinates":[[-121.3559,38.508],[-121.3559,38.5085]]},"properties":{"Name":"SMUD 230kV","kV":"230","kV_Sort":230,"Owner":"SMUD","Status":"Operational","Circuit":"Single","TLine_Name":" ","Length_Mile":0}},{"type":"Feature","geometry":{"type":"LineString","coordinates":[[-121.2668,38.6852],[-121.2664,38.6852]]},"properties":{"Name":"SMUD 230kV","kV":"230","kV_Sort":230,"Owner":"SMUD","Status":"Operational","Circuit":"Single","TLine_Name":" ","Length_Mile":0}},{"type":"Feature","geometry":{"type":"LineString","coordinates":[[-121.4184,38.5867],[-121.4231,38.5853]]},"properties":{"Name":"SMUD 230kV","kV":"230","kV_Sort":230,"Owner":"SMUD","Status":"Operational","Circuit":"Double","TLine_Name":" ","Length_Mile":0}},{"type":"Feature","geometry":{"type":"LineString","coordinates":[[-121.4248,38.5845],[-121.4231,38.5853]]},"properties":{"Name":"SMUD 230kV","kV":"230","kV_Sort":230,"Owner":"SMUD","Status":"Operational","Circuit":"Single","TLine_Name":" ","Length_Mile":0}},{"type":"Feature","geometry":{"type":"LineString","coordinates":[[-121.1337,38.6592],[-121.1391,38.6835],[-120.9848,38.7115],[-120.9459,38.7262],[-120.9191,38.7233],[-120.8564,38.7351],[-120.8238,38.7532],[-120.7763,38.7605],[-120.6799,38.7585],[-120.6222,38.7917],[-120.6226,38.7993]]},"properties":{"Name":"SMUD 230kV","kV":"230","kV_Sort":230,"Owner":"SMUD","Status":"Operational","Circuit":"Double","TLine_Name":" ","Length_Mile":32}},{"type":"Feature","geometry":{"type":"LineString","coordinates":[[-121.3491,38.5084],[-121.3551,38.5083]]},"properties":{"Name":"SMUD 230kV","kV":"230","kV_Sort":230,"Owner":"SMUD","Status":"Operational","Circuit":"Double","TLine_Name":" ","Length_Mile":0}},{"type":"Feature","geometry":{"type":"LineString","coordinates":[[-120.3797,38.9131],[-120.3824,38.9581],[-120.3275,38.9844]]},"properties":{"Name":"SMUD 230kV","kV":"230","kV_Sort":230,"Owner":"SMUD","Status":"Operational","Circuit":"Double","TLine_Name":" ","Length_Mile":7}},{"type":"Feature","geometry":{"type":"LineString","coordinates":[[-120.3797,38.9131],[-120.3784,38.8971]]},"properties":{"Name":"SMUD 230kV","kV":"230","kV_Sort":230,"Owner":"SMUD","Status":"Operational","Circuit":"Double","TLine_Name":" ","Length_Mile":1}},{"type":"Feature","geometry":{"type":"LineString","coordinates":[[-120.6226,38.7993],[-120.5578,38.8324],[-120.4985,38.8327],[-120.4538,38.8476],[-120.4423,38.8642],[-120.4455,38.8791],[-120.41,38.9083],[-120.3797,38.9131]]},"properties":{"Name":"SMUD 230kV","kV":"230","kV_Sort":230,"Owner":"SMUD","Status":"Operational","Circuit":"Double","TLine_Name":" ","Length_Mile":17}},{"type":"Feature","geometry":{"type":"LineString","coordinates":[[-121.1344,38.6562],[-121.1358,38.6578]]},"properties":{"Name":"SMUD 230kV","kV":"230","kV_Sort":230,"Owner":"SMUD","Status":"Operational","Circuit":"Double","TLine_Name":" ","Length_Mile":0}},{"type":"Feature","geometry":{"type":"LineString","coordinates":[[-121.1346,38.6556],[-121.1337,38.6592]]},"properties":{"Name":"SMUD 230kV","kV":"230","kV_Sort":230,"Owner":"SMUD","Status":"Operational","Circuit":"Single","TLine_Name":" ","Length_Mile":0}},{"type":"Feature","geometry":{"type":"LineString","coordinates":[[-121.1325,38.6575],[-121.1394,38.6837]]},"properties":{"Name":"SMUD 230kV","kV":"230","kV_Sort":230,"Owner":"SMUD","Status":"Operational","Circuit":"Double","TLine_Name":" ","Length_Mile":2}},{"type":"Feature","geometry":{"type":"LineString","coordinates":[[-121.2589,38.7613],[-121.256,38.7573]]},"properties":{"Name":"SMUD 230kV","kV":"230","kV_Sort":230,"Owner":"SMUD","Status":"Operational","Circuit":"Single","TLine_Name":" ","Length_Mile":0}},{"type":"Feature","geometry":{"type":"LineString","coordinates":[[-121.256,38.7573],[-121.2589,38.7613]]},"properties":{"Name":"SMUD 230kV","kV":"230","kV_Sort":230,"Owner":"SMUD","Status":"Operational","Circuit":"Single","TLine_Name":" ","Length_Mile":0}},{"type":"Feature","geometry":{"type":"LineString","coordinates":[[-121.2166,38.715],[-121.2139,38.717]]},"properties":{"Name":"SMUD 230kV","kV":"230","kV_Sort":230,"Owner":"SMUD","Status":"Operational","Circuit":"Single","TLine_Name":" ","Length_Mile":0}},{"type":"Feature","geometry":{"type":"LineString","coordinates":[[-121.1394,38.6837],[-121.1507,38.7022],[-121.209,38.7164]]},"properties":{"Name":"SMUD 230kV","kV":"230","kV_Sort":230,"Owner":"SMUD","Status":"Operational","Circuit":"Double","TLine_Name":" ","Length_Mile":5}},{"type":"Feature","geometry":{"type":"LineString","coordinates":[[-121.2093,38.7164],[-121.2139,38.717]]},"properties":{"Name":"SMUD 230kV","kV":"230","kV_Sort":230,"Owner":"SMUD","Status":"Operational","Circuit":"Single","TLine_Name":" ","Length_Mile":0}},{"type":"Feature","geometry":{"type":"LineString","coordinates":[[-121.4776,38.7141],[-121.4718,38.7307]]},"properties":{"Name":"SMUD 230kV","kV":"230","kV_Sort":230,"Owner":"SMUD","Status":"Operational","Circuit":"Double","TLine_Name":" ","Length_Mile":1}},{"type":"Feature","geometry":{"type":"LineString","coordinates":[[-121.2139,38.717],[-121.2093,38.7164]]},"properties":{"Name":"SMUD 230kV","kV":"230","kV_Sort":230,"Owner":"SMUD","Status":"Operational","Circuit":"Single","TLine_Name":" ","Length_Mile":0}},{"type":"Feature","geometry":{"type":"LineString","coordinates":[[-121.2139,38.717],[-121.256,38.7573]]},"properties":{"Name":"SMUD 230kV","kV":"230","kV_Sort":230,"Owner":"SMUD","Status":"Operational","Circuit":"Double","TLine_Name":" ","Length_Mile":4}},{"type":"Feature","geometry":{"type":"LineString","coordinates":[[-121.4713,38.7324],[-121.4718,38.7307]]},"properties":{"Name":"SMUD 230kV","kV":"230","kV_Sort":230,"Owner":"SMUD","Status":"Operational","Circuit":"Double","TLine_Name":" ","Length_Mile":0}},{"type":"Feature","geometry":{"type":"LineString","coordinates":[[-121.4694,38.7342],[-121.3948,38.7634],[-121.2991,38.7684],[-121.2589,38.7613]]},"properties":{"Name":"SMUD 230kV","kV":"230","kV_Sort":230,"Owner":"SMUD","Status":"Operational","Circuit":"Double","TLine_Name":" ","Length_Mile":12}},{"type":"Feature","geometry":{"type":"LineString","coordinates":[[-121.1323,38.6575],[-121.1337,38.6592]]},"properties":{"Name":"SMUD 230kV","kV":"230","kV_Sort":230,"Owner":"SMUD","Status":"Operational","Circuit":"Single","TLine_Name":" ","Length_Mile":0}},{"type":"Feature","geometry":{"type":"LineString","coordinates":[[-121.3491,38.5084],[-121.3551,38.508]]},"properties":{"Name":"SMUD 230kV","kV":"230","kV_Sort":230,"Owner":"SMUD","Status":"Operational","Circuit":"Single","TLine_Name":" ","Length_Mile":0}},{"type":"Feature","geometry":{"type":"LineString","coordinates":[[-121.3518,38.5081],[-121.3558,38.5074]]},"properties":{"Name":"SMUD 230kV","kV":"230","kV_Sort":230,"Owner":"SMUD","Status":"Operational","Circuit":"Single","TLine_Name":" ","Length_Mile":0}},{"type":"Feature","geometry":{"type":"LineString","coordinates":[[-121.2087,38.5536],[-121.2419,38.5236],[-121.3491,38.5084]]},"properties":{"Name":"SMUD 230kV","kV":"230","kV_Sort":230,"Owner":"SMUD","Status":"Operational","Circuit":"Double","TLine_Name":" ","Length_Mile":9}},{"type":"Feature","geometry":{"type":"LineString","coordinates":[[-121.1394,38.6837],[-121.1332,38.6842]]},"properties":{"Name":"SMUD 230kV","kV":"230","kV_Sort":230,"Owner":"SMUD","Status":"Operational","Circuit":"Single","TLine_Name":" ","Length_Mile":0}},{"type":"Feature","geometry":{"type":"LineString","coordinates":[[-121.4231,38.5853],[-121.4248,38.5845]]},"properties":{"Name":"SMUD 230kV","kV":"230","kV_Sort":230,"Owner":"SMUD","Status":"Operational","Circuit":"Single","TLine_Name":" ","Length_Mile":0}},{"type":"Feature","geometry":{"type":"LineString","coordinates":[[-121.4242,38.5857],[-121.4187,38.5877]]},"properties":{"Name":"SMUD 230kV","kV":"230","kV_Sort":230,"Owner":"SMUD","Status":"Operational","Circuit":"Double","TLine_Name":" ","Length_Mile":0}},{"type":"Feature","geometry":{"type":"LineString","coordinates":[[-121.4248,38.5845],[-121.4242,38.5857]]},"properties":{"Name":"SMUD 230kV","kV":"230","kV_Sort":230,"Owner":"SMUD","Status":"Operational","Circuit":"Single","TLine_Name":" ","Length_Mile":0}},{"type":"Feature","geometry":{"type":"LineString","coordinates":[[-121.2669,38.6845],[-121.2719,38.6641],[-121.3205,38.6634],[-121.3277,38.6608],[-121.3288,38.6436]]},"properties":{"Name":"SMUD 230kV","kV":"230","kV_Sort":230,"Owner":"SMUD","Status":"Operational","Circuit":"Single","TLine_Name":" ","Length_Mile":6}},{"type":"Feature","geometry":{"type":"LineString","coordinates":[[-121.3292,38.6431],[-121.3836,38.6373]]},"properties":{"Name":"SMUD 230kV","kV":"230","kV_Sort":230,"Owner":"SMUD","Status":"Operational","Circuit":"Single","TLine_Name":" ","Length_Mile":4}},{"type":"Feature","geometry":{"type":"LineString","coordinates":[[-121.4832,38.5719],[-121.5005,38.5721]]},"properties":{"Name":"SMUD 230kV","kV":"230","kV_Sort":230,"Owner":"SMUD","Status":"Operational","Circuit":"Single","TLine_Name":" ","Length_Mile":1}},{"type":"Feature","geometry":{"type":"LineString","coordinates":[[-121.5006,38.5721],[-121.4972,38.584]]},"properties":{"Name":"SMUD 230kV","kV":"230","kV_Sort":230,"Owner":"SMUD","Status":"Operational","Circuit":"Single","TLine_Name":" ","Length_Mile":1}},{"type":"Feature","geometry":{"type":"LineString","coordinates":[[-121.4971,38.5842],[-121.4762,38.5819],[-121.4741,38.5879]]},"properties":{"Name":"SMUD 230kV","kV":"230","kV_Sort":230,"Owner":"SMUD","Status":"Operational","Circuit":"Single","TLine_Name":" ","Length_Mile":2}},{"type":"Feature","geometry":{"type":"LineString","coordinates":[[-121.4971,38.5842],[-121.4761,38.5818],[-121.4741,38.588]]},"properties":{"Name":"SMUD 230kV","kV":"230","kV_Sort":230,"Owner":"SMUD","Status":"Operational","Circuit":"Single","TLine_Name":" ","Length_Mile":2}},{"type":"Feature","geometry":{"type":"LineString","coordinates":[[-121.4738,38.5881],[-121.4766,38.5708],[-121.4829,38.572]]},"properties":{"Name":"SMUD 230kV","kV":"230","kV_Sort":230,"Owner":"SMUD","Status":"Operational","Circuit":"Single","TLine_Name":" ","Length_Mile":2}},{"type":"Feature","geometry":{"type":"LineString","coordinates":[[-121.4738,38.5882],[-121.4766,38.5707],[-121.4829,38.572]]},"properties":{"Name":"SMUD 230kV","kV":"230","kV_Sort":230,"Owner":"SMUD","Status":"Operational","Circuit":"Single","TLine_Name":" ","Length_Mile":2}},{"type":"Feature","geometry":{"type":"LineString","coordinates":[[-120.6226,38.7993],[-120.6268,38.7891],[-120.6801,38.7587],[-120.7866,38.765]]},"properties":{"Name":"SMUD 230kV","kV":"230","kV_Sort":230,"Owner":"SMUD","Status":"Operational","Circuit":"Double","TLine_Name":" ","Length_Mile":10}},{"type":"Feature","geometry":{"type":"LineString","coordinates":[[-120.4429,38.8634],[-120.4171,38.8484],[-120.3818,38.8503]]},"properties":{"Name":"SMUD 230kV","kV":"230","kV_Sort":230,"Owner":"SMUD","Status":"Operational","Circuit":"Single","TLine_Name":" ","Length_Mile":4}},{"type":"Feature","geometry":{"type":"LineString","coordinates":[[-121.473,38.7298],[-121.4713,38.7324]]},"properties":{"Name":"SMUD 230kV","kV":"230","kV_Sort":230,"Owner":"SMUD","Status":"Operational","Circuit":"Single","TLine_Name":" ","Length_Mile":0}},{"type":"Feature","geometry":{"type":"LineString","coordinates":[[-121.4856,38.6504],[-121.4863,38.6504]]},"properties":{"Name":"SMUD 230kV","kV":"230","kV_Sort":230,"Owner":"SMUD","Status":"Operational","Circuit":"Single","TLine_Name":" ","Length_Mile":0}},{"type":"Feature","geometry":{"type":"LineString","coordinates":[[-121.4753,38.5106],[-121.4751,38.5111]]},"properties":{"Name":"SMUD 230kV","kV":"230","kV_Sort":230,"Owner":"SMUD","Status":"Operational","Circuit":"Single","TLine_Name":" ","Length_Mile":0}},{"type":"Feature","geometry":{"type":"LineString","coordinates":[[-121.4374,38.5085],[-121.4377,38.5084]]},"properties":{"Name":"SMUD 230kV","kV":"230","kV_Sort":230,"Owner":"SMUD","Status":"Operational","Circuit":"Single","TLine_Name":" ","Length_Mile":0}},{"type":"Feature","geometry":{"type":"LineString","coordinates":[[-121.3462,38.7143],[-121.3466,38.7146]]},"properties":{"Name":"SMUD 230kV","kV":"230","kV_Sort":230,"Owner":"SMUD","Status":"Operational","Circuit":"Single","TLine_Name":" ","Length_Mile":0}},{"type":"Feature","geometry":{"type":"LineString","coordinates":[[-121.4751,38.5111],[-121.4743,38.511]]},"properties":{"Name":"SMUD 230kV","kV":"230","kV_Sort":230,"Owner":"SMUD","Status":"Operational","Circuit":"Single","TLine_Name":" ","Length_Mile":0}},{"type":"Feature","geometry":{"type":"LineString","coordinates":[[-120.5372,38.8344],[-120.5311,38.8342]]},"properties":{"Name":"SMUD 230kV","kV":"230","kV_Sort":230,"Owner":"SMUD","Status":"Operational","Circuit":"Single","TLine_Name":" ","Length_Mile":0}},{"type":"Feature","geometry":{"type":"LineString","coordinates":[[-121.1327,38.6568],[-121.1452,38.6106],[-121.2084,38.5534]]},"properties":{"Name":"SMUD 230kV","kV":"230","kV_Sort":230,"Owner":"SMUD","Status":"Operational","Circuit":"Double","TLine_Name":"Lake-Canyonlands","Length_Mile":9}},{"type":"Feature","geometry":{"type":"LineString","coordinates":[[-121.1231,38.3444],[-121.1245,38.3383]]},"properties":{"Name":"SMUD 230kV","kV":"230","kV_Sort":230,"Owner":"SMUD","Status":"Operational","Circuit":"Single","TLine_Name":null,"Length_Mile":1}},{"type":"Feature","geometry":{"type":"LineString","coordinates":[[-121.1231,38.3447],[-121.1249,38.3387]]},"properties":{"Name":"SMUD 230kV","kV":"230","kV_Sort":230,"Owner":"SMUD","Status":"Operational","Circuit":"Double","TLine_Name":null,"Length_Mile":1}},{"type":"Feature","geometry":{"type":"LineString","coordinates":[[-121.3894,42.079],[-121.3825,42.0638],[-121.3365,42.0308],[-121.311,41.8493],[-121.3514,41.708],[-121.4495,41.4878],[-121.6141,41.3255],[-121.7431,41.3187],[-121.7746,41.293],[-121.7751,41.2408],[-121.9235,41.2038],[-121.9708,41.1642],[-121.9863,41.1432],[-121.9517,41.1079],[-121.9493,41.0909],[-121.9616,41.0769],[-121.9513,41.0593],[-121.9514,40.9585],[-121.9816,40.8866],[-121.97,40.8295],[-121.9753,40.7687],[-122.025,40.7242],[-122.052,40.688],[-122.047,40.6627],[-122.2596,40.4077],[-122.3928,40.4047],[-122.3833,40.3825]]},"properties":{"Name":"TANC 500kV","kV":"500","kV_Sort":500,"Owner":"TANC","Status":"Operational","Circuit":"Single","TLine_Name":"Capitan Jack-Olinda(Vic Fazio)","Length_Mile":149}},{"type":"Feature","geometry":{"type":"LineString","coordinates":[[-122.2761,39.2377],[-122.2836,39.264],[-122.2866,39.5464],[-122.2737,39.6118],[-122.2809,40.1544],[-122.3833,40.3811]]},"properties":{"Name":"TANC 500kV","kV":"500","kV_Sort":500,"Owner":"TANC","Status":"Operational","Circuit":"Single","TLine_Name":" ","Length_Mile":80}},{"type":"Feature","geometry":{"type":"LineString","coordinates":[[-121.5793,37.7991],[-121.5571,37.8277],[-121.5444,37.8298],[-121.5554,37.8551],[-121.5554,37.9057],[-121.564,37.9371],[-121.586,37.9387],[-121.603,37.9688],[-121.6161,37.9688],[-121.6339,37.9835],[-121.6517,38.0155],[-121.6796,38.0325],[-121.6804,38.0445],[-121.7047,38.0678],[-121.7385,38.0764],[-121.7511,38.0927],[-121.7055,38.1367],[-121.7059,38.1463],[-121.8544,38.3043],[-121.9458,38.7038],[-122.0178,38.8037],[-122.2106,39.1084],[-122.265,39.202],[-122.2758,39.2369]]},"properties":{"Name":"TANC 500kV","kV":"500","kV_Sort":500,"Owner":"TANC","Status":"Operational","Circuit":"Single","TLine_Name":" ","Length_Mile":114}},{"type":"Feature","geometry":{"type":"LineString","coordinates":[[-121.5493,37.6987],[-121.5494,37.7393],[-121.5677,37.7522],[-121.5678,37.7622],[-121.5825,37.7765],[-121.5781,37.7975]]},"properties":{"Name":"TANC 500kV","kV":"500","kV_Sort":500,"Owner":"TANC","Status":"Operational","Circuit":"Double","TLine_Name":"Tracy-Tesla Tap","Length_Mile":8}},{"type":"Feature","geometry":{"type":"LineString","coordinates":[[-121.5522,37.7],[-121.5494,37.7393],[-121.5677,37.7522],[-121.5678,37.7622],[-121.5825,37.7765],[-121.5787,37.7975]]},"properties":{"Name":"TANC 500kV","kV":"500","kV_Sort":500,"Owner":"TANC","Status":"Operational","Circuit":"Double","TLine_Name":"Tracy-Tesla Tap","Length_Mile":8}},{"type":"Feature","geometry":{"type":"LineString","coordinates":[[-121.3891,42.0793],[-121.3821,42.0663],[-121.3381,42.0418],[-121.3157,42.0052]]},"properties":{"Name":"TANC 500kV","kV":"500","kV_Sort":500,"Owner":"TANC","Status":"Operational","Circuit":"Single","TLine_Name":"Capitan Jack-Malin","Length_Mile":7}},{"type":"Feature","geometry":{"type":"LineString","coordinates":[[-120.9167,37.6671],[-120.9171,37.6681]]},"properties":{"Name":"TID 230kV","kV":"230","kV_Sort":230,"Owner":"TID","Status":"Operational","Circuit":"Double","TLine_Name":" ","Length_Mile":0}},{"type":"Feature","geometry":{"type":"LineString","coordinates":[[-120.9167,37.6671],[-120.917,37.668]]},"properties":{"Name":"TID 230kV","kV":"230","kV_Sort":230,"Owner":"TID","Status":"Operational","Circuit":"Double","TLine_Name":" ","Length_Mile":0}},{"type":"Feature","geometry":{"type":"LineString","coordinates":[[-120.9362,37.5779],[-120.9364,37.6086],[-120.9227,37.6241],[-120.9231,37.6378],[-120.9162,37.6379],[-120.9167,37.6671]]},"properties":{"Name":"TID 230kV","kV":"230","kV_Sort":230,"Owner":"TID","Status":"Operational","Circuit":"Double","TLine_Name":" ","Length_Mile":7}},{"type":"Feature","geometry":{"type":"LineString","coordinates":[[-120.9381,37.5741],[-120.9362,37.5779]]},"properties":{"Name":"TID 230kV","kV":"230","kV_Sort":230,"Owner":"TID","Status":"Operational","Circuit":"Double","TLine_Name":" ","Length_Mile":0}},{"type":"Feature","geometry":{"type":"LineString","coordinates":[[-120.9381,37.5741],[-120.9362,37.5779]]},"properties":{"Name":"TID 230kV","kV":"230","kV_Sort":230,"Owner":"TID","Status":"Operational","Circuit":"Double","TLine_Name":" ","Length_Mile":0}},{"type":"Feature","geometry":{"type":"LineString","coordinates":[[-121.1511,37.5659],[-121.1178,37.5732],[-120.9427,37.5708]]},"properties":{"Name":"TID 230kV","kV":"230","kV_Sort":230,"Owner":"TID","Status":"Operational","Circuit":"Double","TLine_Name":" ","Length_Mile":12}},{"type":"Feature","geometry":{"type":"LineString","coordinates":[[-120.9389,37.5708],[-120.9381,37.5741]]},"properties":{"Name":"TID 230kV","kV":"230","kV_Sort":230,"Owner":"TID","Status":"Operational","Circuit":"Double","TLine_Name":" ","Length_Mile":0}},{"type":"Feature","geometry":{"type":"LineString","coordinates":[[-120.9389,37.5708],[-120.9381,37.5741]]},"properties":{"Name":"TID 230kV","kV":"230","kV_Sort":230,"Owner":"TID","Status":"Operational","Circuit":"Double","TLine_Name":" ","Length_Mile":0}},{"type":"Feature","geometry":{"type":"LineString","coordinates":[[-120.9427,37.5708],[-120.9389,37.5708]]},"properties":{"Name":"TID 230kV","kV":"230","kV_Sort":230,"Owner":"TID","Status":"Operational","Circuit":"Double","TLine_Name":" ","Length_Mile":0}},{"type":"Feature","geometry":{"type":"LineString","coordinates":[[-120.9389,37.5706],[-120.9427,37.5708]]},"properties":{"Name":"TID 230kV","kV":"230","kV_Sort":230,"Owner":"TID","Status":"Operational","Circuit":"Double","TLine_Name":" ","Length_Mile":0}},{"type":"Feature","geometry":{"type":"LineString","coordinates":[[-120.9388,37.5663],[-120.9389,37.5706],[-120.9388,37.5706],[-120.9388,37.5663]]},"properties":{"Name":"TID 230kV","kV":"230","kV_Sort":230,"Owner":"TID","Status":"Operational","Circuit":"Double","TLine_Name":" ","Length_Mile":1}},{"type":"Feature","geometry":{"type":"LineString","coordinates":[[-121.1511,37.5659],[-121.1554,37.5648]]},"properties":{"Name":"TID 230kV","kV":"230","kV_Sort":230,"Owner":"TID","Status":"Operational","Circuit":"Double","TLine_Name":" ","Length_Mile":0}},{"type":"Feature","geometry":{"type":"LineString","coordinates":[[-121.1554,37.5648],[-121.1511,37.5659]]},"properties":{"Name":"TID 230kV","kV":"230","kV_Sort":230,"Owner":"TID","Status":"Operational","Circuit":"Double","TLine_Name":" ","Length_Mile":0}},{"type":"Feature","geometry":{"type":"LineString","coordinates":[[-121.2307,37.5168],[-121.1554,37.5648]]},"properties":{"Name":"TID 230kV","kV":"230","kV_Sort":230,"Owner":"TID","Status":"Operational","Circuit":"Double","TLine_Name":" ","Length_Mile":5}},{"type":"Feature","geometry":{"type":"LineString","coordinates":[[-120.9388,37.5663],[-120.939,37.5438],[-120.93,37.5437],[-120.9262,37.5213],[-120.9262,37.4891],[-120.9105,37.4891]]},"properties":{"Name":"TID 230kV","kV":"230","kV_Sort":230,"Owner":"TID","Status":"Operational","Circuit":"Double","TLine_Name":" ","Length_Mile":7}},{"type":"Feature","geometry":{"type":"LineString","coordinates":[[-120.9105,37.4891],[-120.9072,37.4905]]},"properties":{"Name":"TID 230kV","kV":"230","kV_Sort":230,"Owner":"TID","Status":"Operational","Circuit":"Double","TLine_Name":" ","Length_Mile":0}},{"type":"Feature","geometry":{"type":"LineString","coordinates":[[-120.9071,37.4904],[-120.9105,37.4891]]},"properties":{"Name":"TID 230kV","kV":"230","kV_Sort":230,"Owner":"TID","Status":"Operational","Circuit":"Double","TLine_Name":" ","Length_Mile":0}},{"type":"Feature","geometry":{"type":"LineString","coordinates":[[-120.9842,37.573],[-120.9849,37.5743]]},"properties":{"Name":"TID 230kV","kV":"230","kV_Sort":230,"Owner":"TID","Status":"Operational","Circuit":"Single","TLine_Name":" ","Length_Mile":0}},{"type":"Feature","geometry":{"type":"LineString","coordinates":[[-121.3524,38.5069],[-121.3551,38.5076]]},"properties":{"Name":"WAPA 230kV","kV":"230","kV_Sort":230,"Owner":"WAPA","Status":"Operational","Circuit":"Double","TLine_Name":" ","Length_Mile":0}},{"type":"Feature","geometry":{"type":"LineString","coordinates":[[-121.3524,38.5069],[-121.3552,38.5074]]},"properties":{"Name":"WAPA 230kV","kV":"230","kV_Sort":230,"Owner":"WAPA","Status":"Operational","Circuit":"Double","TLine_Name":" ","Length_Mile":0}},{"type":"Feature","geometry":{"type":"LineString","coordinates":[[-121.3528,38.3731],[-121.3524,38.5069]]},"properties":{"Name":"WAPA 230kV","kV":"230","kV_Sort":230,"Owner":"WAPA","Status":"Operational","Circuit":"Double","TLine_Name":" ","Length_Mile":9}},{"type":"Feature","geometry":{"type":"LineString","coordinates":[[-121.317,42.0047],[-121.2897,41.7282],[-121.3446,41.5626],[-121.5091,41.3854],[-121.6891,41.1643],[-121.799,41.0774],[-121.8695,41.058],[-121.8909,41.0355],[-121.8947,41.0065],[-121.9145,40.9705],[-121.9199,40.8987],[-121.9118,40.831],[-121.9353,40.8076]]},"properties":{"Name":"WAPA 500kV","kV":"500","kV_Sort":500,"Owner":"WAPA","Status":"Operational","Circuit":"Single","TLine_Name":"Malin-Round Mt","Length_Mile":94}},{"type":"Feature","geometry":{"type":"LineString","coordinates":[[-121.9375,40.8083],[-121.9439,40.8076],[-121.9548,40.781],[-122.0243,40.7239],[-122.1921,40.5159],[-122.2111,40.4655],[-122.261,40.3982]]},"properties":{"Name":"WAPA 230kV","kV":"230","kV_Sort":230,"Owner":"WAPA","Status":"Operational","Circuit":"Single","TLine_Name":"Round Mt-Cottonwood","Length_Mile":34}},{"type":"Feature","geometry":{"type":"LineString","coordinates":[[-122.4437,40.6103],[-122.3795,40.6021],[-122.3625,40.5915],[-122.3266,40.5202]]},"properties":{"Name":"WAPA 230kV","kV":"230","kV_Sort":230,"Owner":"WAPA","Status":"Operational","Circuit":"Double","TLine_Name":"Keswick - Airport","Length_Mile":10}},{"type":"Feature","geometry":{"type":"LineString","coordinates":[[-122.3172,40.5195],[-122.3266,40.5202]]},"properties":{"Name":"WAPA 230kV","kV":"230","kV_Sort":230,"Owner":"WAPA","Status":"Operational","Circuit":"Double","TLine_Name":"Keswick - Airport","Length_Mile":1}},{"type":"Feature","geometry":{"type":"LineString","coordinates":[[-122.3266,40.5202],[-122.3266,40.5202]]},"properties":{"Name":"WAPA 230kV","kV":"230","kV_Sort":230,"Owner":"WAPA","Status":"Operational","Circuit":"Double","TLine_Name":"Keswick - Airport","Length_Mile":0}},{"type":"Feature","geometry":{"type":"LineString","coordinates":[[-122.4252,40.6788],[-122.4199,40.6516],[-122.4253,40.6052],[-122.4437,40.6102]]},"properties":{"Name":"WAPA 230kV","kV":"230","kV_Sort":230,"Owner":"WAPA","Status":"Operational","Circuit":"Single","TLine_Name":"Flanagan - Keswick","Length_Mile":6}},{"type":"Feature","geometry":{"type":"LineString","coordinates":[[-122.4254,40.679],[-122.4207,40.7149]]},"properties":{"Name":"WAPA 230kV","kV":"230","kV_Sort":230,"Owner":"WAPA","Status":"Operational","Circuit":"Single","TLine_Name":"Shasta - Flanagan","Length_Mile":3}},{"type":"Feature","geometry":{"type":"LineString","coordinates":[[-122.7623,40.7973],[-122.7045,40.7066],[-122.6261,40.6458]]},"properties":{"Name":"WAPA 230kV","kV":"230","kV_Sort":230,"Owner":"WAPA","Status":"Operational","Circuit":"Single","TLine_Name":"Trinity Hydra-Carr","Length_Mile":13}},{"type":"Feature","geometry":{"type":"LineString","coordinates":[[-121.7231,39.0241],[-121.6903,39.025],[-121.6901,39.0509],[-121.6967,39.0515]]},"properties":{"Name":"WAPA 230kV","kV":"230","kV_Sort":230,"Owner":"WAPA","Status":"Operational","Circuit":"Double","TLine_Name":"Obanion - Sutter","Length_Mile":4}},{"type":"Feature","geometry":{"type":"LineString","coordinates":[[-121.4801,38.7137],[-121.473,38.7746],[-121.4929,38.8026],[-121.5302,38.8286],[-121.6697,38.9656],[-121.7144,38.9952],[-121.7236,39.0235]]},"properties":{"Name":"WAPA 230kV","kV":"230","kV_Sort":230,"Owner":"WAPA","Status":"Operational","Circuit":"Double","TLine_Name":"Obanion - Elverta #1","Length_Mile":27}},{"type":"Feature","geometry":{"type":"LineString","coordinates":[[-121.3591,38.764],[-121.3574,38.7632]]},"properties":{"Name":"WAPA 230kV","kV":"230","kV_Sort":230,"Owner":"WAPA","Status":"Operational","Circuit":"Double","TLine_Name":"Fiddyment - Elverta","Length_Mile":0}},{"type":"Feature","geometry":{"type":"LineString","coordinates":[[-121.4336,38.7475],[-121.3946,38.7628],[-121.3591,38.764]]},"properties":{"Name":"WAPA 230kV","kV":"230","kV_Sort":230,"Owner":"WAPA","Status":"Operational","Circuit":"Double","TLine_Name":"Fiddyment - Elverta","Length_Mile":4}},{"type":"Feature","geometry":{"type":"LineString","coordinates":[[-121.4395,38.7452],[-121.4336,38.7475]]},"properties":{"Name":"WAPA 230kV","kV":"230","kV_Sort":230,"Owner":"WAPA","Status":"Operational","Circuit":"Double","TLine_Name":"Fiddyment - Elverta","Length_Mile":0}},{"type":"Feature","geometry":{"type":"LineString","coordinates":[[-121.4395,38.7452],[-121.4336,38.7475]]},"properties":{"Name":"WAPA 230kV","kV":"230","kV_Sort":230,"Owner":"WAPA","Status":"Operational","Circuit":"Double","TLine_Name":"Fiddyment - Elverta","Length_Mile":0}},{"type":"Feature","geometry":{"type":"LineString","coordinates":[[-121.4542,38.7395],[-121.4395,38.7452]]},"properties":{"Name":"WAPA 230kV","kV":"230","kV_Sort":230,"Owner":"WAPA","Status":"Operational","Circuit":"Double","TLine_Name":"Fiddyment - Elverta","Length_Mile":1}},{"type":"Feature","geometry":{"type":"LineString","coordinates":[[-121.4618,38.7365],[-121.4542,38.7395]]},"properties":{"Name":"WAPA 230kV","kV":"230","kV_Sort":230,"Owner":"WAPA","Status":"Operational","Circuit":"Double","TLine_Name":"Fiddyment - Elverta","Length_Mile":0}},{"type":"Feature","geometry":{"type":"LineString","coordinates":[[-121.4618,38.7365],[-121.4542,38.7395]]},"properties":{"Name":"WAPA 230kV","kV":"230","kV_Sort":230,"Owner":"WAPA","Status":"Operational","Circuit":"Double","TLine_Name":"Fiddyment - Elverta","Length_Mile":0}},{"type":"Feature","geometry":{"type":"LineString","coordinates":[[-121.4789,38.7152],[-121.4725,38.7323],[-121.4618,38.7365]]},"properties":{"Name":"WAPA 230kV","kV":"230","kV_Sort":230,"Owner":"WAPA","Status":"Operational","Circuit":"Double","TLine_Name":"Fiddyment - Elverta","Length_Mile":2}},{"type":"Feature","geometry":{"type":"LineString","coordinates":[[-121.479,38.7137],[-121.4789,38.7152]]},"properties":{"Name":"WAPA 230kV","kV":"230","kV_Sort":230,"Owner":"WAPA","Status":"Operational","Circuit":"Double","TLine_Name":"Fiddyment - Elverta","Length_Mile":0}},{"type":"Feature","geometry":{"type":"LineString","coordinates":[[-121.4789,38.7137],[-121.4789,38.7152]]},"properties":{"Name":"WAPA 230kV","kV":"230","kV_Sort":230,"Owner":"WAPA","Status":"Operational","Circuit":"Double","TLine_Name":"Fiddyment - Elverta","Length_Mile":0}},{"type":"Feature","geometry":{"type":"LineString","coordinates":[[-121.357,38.7632],[-121.2991,38.7677],[-121.2635,38.7616]]},"properties":{"Name":"WAPA 230kV","kV":"230","kV_Sort":230,"Owner":"WAPA","Status":"Operational","Circuit":"Double","TLine_Name":"Roseville - Fiddyment","Length_Mile":5}},{"type":"Feature","geometry":{"type":"LineString","coordinates":[[-121.2633,38.7618],[-121.214,38.7181],[-121.1612,38.7075]]},"properties":{"Name":"WAPA 230kV","kV":"230","kV_Sort":230,"Owner":"WAPA","Status":"Operational","Circuit":"Single","TLine_Name":"Folsom - Rosevillve","Length_Mile":7}},{"type":"Feature","geometry":{"type":"LineString","coordinates":[[-121.19,38.6563],[-121.1853,38.6791],[-121.1705,38.6867],[-121.1603,38.7075]]},"properties":{"Name":"WAPA 230kV","kV":"230","kV_Sort":230,"Owner":"WAPA","Status":"Operational","Circuit":"Double","TLine_Name":"Nimbus - Folsom","Length_Mile":4}},{"type":"Feature","geometry":{"type":"LineString","coordinates":[[-121.19,38.6563],[-121.1898,38.6564]]},"properties":{"Name":"WAPA 230kV","kV":"230","kV_Sort":230,"Owner":"WAPA","Status":"Operational","Circuit":"Double","TLine_Name":"Nimbus - Folsom","Length_Mile":0}},{"type":"Feature","geometry":{"type":"LineString","coordinates":[[-121.19,38.6563],[-121.19,38.6563]]},"properties":{"Name":"WAPA 230kV","kV":"230","kV_Sort":230,"Owner":"WAPA","Status":"Operational","Circuit":"Double","TLine_Name":"Nimbus - Folsom","Length_Mile":0}},{"type":"Feature","geometry":{"type":"LineString","coordinates":[[-121.2205,38.6377],[-121.19,38.6563]]},"properties":{"Name":"WAPA 230kV","kV":"230","kV_Sort":230,"Owner":"WAPA","Status":"Operational","Circuit":"Double","TLine_Name":"Nimbus - Folsom","Length_Mile":2}},{"type":"Feature","geometry":{"type":"LineString","coordinates":[[-120.1299,36.1435],[-120.1954,36.1461],[-120.2573,36.2125],[-120.282,36.2769],[-120.512,36.5176],[-120.5825,36.5583],[-120.6235,36.5928],[-120.669,36.6453],[-120.7257,36.738],[-120.845,36.8147],[-120.9876,36.9723],[-121.0282,37.0367],[-121.0222,37.0521]]},"properties":{"Name":"WAPA 500kV","kV":"500","kV_Sort":500,"Owner":"WAPA","Status":"Operational","Circuit":"Single","TLine_Name":"Los Banos - Gates","Length_Mile":83}},{"type":"Feature","geometry":{"type":"LineString","coordinates":[[-121.474,38.7296],[-121.4793,38.714]]},"properties":{"Name":"WAPA 230kV","kV":"230","kV_Sort":230,"Owner":"WAPA","Status":"Operational","Circuit":"Single","TLine_Name":" ","Length_Mile":1}},{"type":"Feature","geometry":{"type":"LineString","coordinates":[[-122.3791,40.3805],[-122.3797,40.3833]]},"properties":{"Name":"WAPA 230kV","kV":"230","kV_Sort":230,"Owner":"WAPA","Status":"Operational","Circuit":"Single","TLine_Name":"Olinda - Obanion","Length_Mile":0}},{"type":"Feature","geometry":{"type":"LineString","coordinates":[[-122.3791,40.3805],[-122.3791,40.3826]]},"properties":{"Name":"WAPA 230kV","kV":"230","kV_Sort":230,"Owner":"WAPA","Status":"Operational","Circuit":"Single","TLine_Name":"Olinda - Obanion","Length_Mile":0}},{"type":"Feature","geometry":{"type":"LineString","coordinates":[[-122.265,39.2187],[-122.2831,39.264],[-122.2861,39.5463],[-122.2732,39.6118],[-122.2804,40.1545],[-122.3791,40.3805]]},"properties":{"Name":"WAPA 230kV","kV":"230","kV_Sort":230,"Owner":"WAPA","Status":"Operational","Circuit":"Single","TLine_Name":"Olinda - Obanion","Length_Mile":81}},{"type":"Feature","geometry":{"type":"LineString","coordinates":[[-122.265,39.2187],[-122.2592,39.2187]]},"properties":{"Name":"WAPA 230kV","kV":"230","kV_Sort":230,"Owner":"WAPA","Status":"Operational","Circuit":"Single","TLine_Name":"Olinda - Obanion","Length_Mile":0}},{"type":"Feature","geometry":{"type":"LineString","coordinates":[[-122.2592,39.2187],[-122.265,39.2187]]},"properties":{"Name":"WAPA 230kV","kV":"230","kV_Sort":230,"Owner":"WAPA","Status":"Operational","Circuit":"Single","TLine_Name":"Olinda - Obanion","Length_Mile":0}},{"type":"Feature","geometry":{"type":"LineString","coordinates":[[-121.7256,39.0272],[-121.7596,39.1095],[-121.8784,39.1789],[-121.9096,39.1789],[-121.9917,39.1582],[-122.056,39.1992],[-122.1097,39.2004],[-122.1267,39.2112],[-122.1944,39.2178],[-122.2592,39.2187]]},"properties":{"Name":"WAPA 230kV","kV":"230","kV_Sort":230,"Owner":"WAPA","Status":"Operational","Circuit":"Single","TLine_Name":"Olinda - Obanion","Length_Mile":36}},{"type":"Feature","geometry":{"type":"LineString","coordinates":[[-121.7256,39.0272],[-121.7236,39.0244]]},"properties":{"Name":"WAPA 230kV","kV":"230","kV_Sort":230,"Owner":"WAPA","Status":"Operational","Circuit":"Single","TLine_Name":"Olinda - Obanion","Length_Mile":0}},{"type":"Feature","geometry":{"type":"LineString","coordinates":[[-121.7234,39.0244],[-121.7256,39.0272]]},"properties":{"Name":"WAPA 230kV","kV":"230","kV_Sort":230,"Owner":"WAPA","Status":"Operational","Circuit":"Single","TLine_Name":"Olinda - Obanion","Length_Mile":0}},{"type":"Feature","geometry":{"type":"LineString","coordinates":[[-121.5989,37.8018],[-121.5875,37.8017]]},"properties":{"Name":"WAPA 230kV","kV":"230","kV_Sort":230,"Owner":"WAPA","Status":"Operational","Circuit":"Single","TLine_Name":"Tracy - Lawrence Livermore Lab","Length_Mile":1}},{"type":"Feature","geometry":{"type":"LineString","coordinates":[[-121.5989,37.8018],[-121.6185,37.7974]]},"properties":{"Name":"WAPA 230kV","kV":"230","kV_Sort":230,"Owner":"WAPA","Status":"Operational","Circuit":"Single","TLine_Name":"Tracy - Lawrence Livermore Lab","Length_Mile":1}},{"type":"Feature","geometry":{"type":"LineString","coordinates":[[-121.5875,37.8017],[-121.5989,37.8018]]},"properties":{"Name":"WAPA 230kV","kV":"230","kV_Sort":230,"Owner":"WAPA","Status":"Operational","Circuit":"Single","TLine_Name":"Tracy - Lawrence Livermore Lab","Length_Mile":1}},{"type":"Feature","geometry":{"type":"LineString","coordinates":[[-121.5875,37.8017],[-121.5861,37.8005]]},"properties":{"Name":"WAPA 230kV","kV":"230","kV_Sort":230,"Owner":"WAPA","Status":"Operational","Circuit":"Single","TLine_Name":"Tracy - Lawrence Livermore Lab","Length_Mile":0}},{"type":"Feature","geometry":{"type":"LineString","coordinates":[[-121.5861,37.8005],[-121.5825,37.797]]},"properties":{"Name":"WAPA 230kV","kV":"230","kV_Sort":230,"Owner":"WAPA","Status":"Operational","Circuit":"Single","TLine_Name":"Tracy - Lawrence Livermore Lab","Length_Mile":0}},{"type":"Feature","geometry":{"type":"LineString","coordinates":[[-121.5836,37.7969],[-121.5861,37.8005]]},"properties":{"Name":"WAPA 230kV","kV":"230","kV_Sort":230,"Owner":"WAPA","Status":"Operational","Circuit":"Single","TLine_Name":"Tracy - Lawrence Livermore Lab","Length_Mile":0}},{"type":"Feature","geometry":{"type":"LineString","coordinates":[[-121.6185,37.7974],[-121.6198,37.7987]]},"properties":{"Name":"WAPA 230kV","kV":"230","kV_Sort":230,"Owner":"WAPA","Status":"Operational","Circuit":"Single","TLine_Name":"Tracy - Lawrence Livermore Lab","Length_Mile":0}},{"type":"Feature","geometry":{"type":"LineString","coordinates":[[-121.6941,37.6936],[-121.6784,37.696],[-121.6751,37.7392],[-121.6233,37.7515],[-121.6287,37.793],[-121.6185,37.7974]]},"properties":{"Name":"WAPA 230kV","kV":"230","kV_Sort":230,"Owner":"WAPA","Status":"Operational","Circuit":"Single","TLine_Name":"Tracy - Lawrence Livermore Lab","Length_Mile":11}},{"type":"Feature","geometry":{"type":"LineString","coordinates":[[-122.4444,40.6097],[-122.4448,40.6101]]},"properties":{"Name":"WAPA 230kV","kV":"230","kV_Sort":230,"Owner":"WAPA","Status":"Operational","Circuit":"Single","TLine_Name":"Keswick Pp-Keswick","Length_Mile":0}},{"type":"Feature","geometry":{"type":"LineString","coordinates":[[-122.4448,40.6099],[-122.4447,40.6102]]},"properties":{"Name":"WAPA 230kV","kV":"230","kV_Sort":230,"Owner":"WAPA","Status":"Operational","Circuit":"Single","TLine_Name":"Keswick Pp-Keswick","Length_Mile":0}},{"type":"Feature","geometry":{"type":"LineString","coordinates":[[-122.4448,40.6101],[-122.4447,40.6105]]},"properties":{"Name":"WAPA 230kV","kV":"230","kV_Sort":230,"Owner":"WAPA","Status":"Operational","Circuit":"Single","TLine_Name":"Keswick Pp-Keswick","Length_Mile":0}},{"type":"Feature","geometry":{"type":"LineString","coordinates":[[-122.3164,40.5193],[-122.3164,40.5195]]},"properties":{"Name":"WAPA 230kV","kV":"230","kV_Sort":230,"Owner":"WAPA","Status":"Operational","Circuit":"Single","TLine_Name":" ","Length_Mile":0}},{"type":"Feature","geometry":{"type":"LineString","coordinates":[[-122.4221,40.7155],[-122.4224,40.7174]]},"properties":{"Name":"WAPA 230kV","kV":"230","kV_Sort":230,"Owner":"WAPA","Status":"Operational","Circuit":"Single","TLine_Name":"Shasta Power Plant","Length_Mile":0}},{"type":"Feature","geometry":{"type":"LineString","coordinates":[[-122.4217,40.7155],[-122.4222,40.7174]]},"properties":{"Name":"WAPA 230kV","kV":"230","kV_Sort":230,"Owner":"WAPA","Status":"Operational","Circuit":"Single","TLine_Name":"Shasta Power Plant","Length_Mile":0}},{"type":"Feature","geometry":{"type":"LineString","coordinates":[[-122.4213,40.7155],[-122.422,40.7174]]},"properties":{"Name":"WAPA 230kV","kV":"230","kV_Sort":230,"Owner":"WAPA","Status":"Operational","Circuit":"Single","TLine_Name":"Shasta Power Plant","Length_Mile":0}},{"type":"Feature","geometry":{"type":"LineString","coordinates":[[-122.4209,40.7154],[-122.4218,40.7174]]},"properties":{"Name":"WAPA 230kV","kV":"230","kV_Sort":230,"Owner":"WAPA","Status":"Operational","Circuit":"Single","TLine_Name":"Shasta Power Plant","Length_Mile":0}},{"type":"Feature","geometry":{"type":"LineString","coordinates":[[-122.4204,40.7154],[-122.4216,40.7174]]},"properties":{"Name":"WAPA 230kV","kV":"230","kV_Sort":230,"Owner":"WAPA","Status":"Operational","Circuit":"Single","TLine_Name":"Shasta Power Plant","Length_Mile":0}},{"type":"Feature","geometry":{"type":"LineString","coordinates":[[-114.1418,34.2941],[-114.1411,34.291]]},"properties":{"Name":"WAPA 230kV","kV":"230","kV_Sort":230,"Owner":"WAPA","Status":"Operational","Circuit":"Single","TLine_Name":" ","Length_Mile":0}},{"type":"Feature","geometry":{"type":"LineString","coordinates":[[-114.1419,34.2939],[-114.1413,34.2912]]},"properties":{"Name":"WAPA 230kV","kV":"230","kV_Sort":230,"Owner":"WAPA","Status":"Operational","Circuit":"Single","TLine_Name":" ","Length_Mile":0}},{"type":"Feature","geometry":{"type":"LineString","coordinates":[[-114.1412,34.2907],[-114.1039,34.2886]]},"properties":{"Name":"WAPA 230kV","kV":"230","kV_Sort":230,"Owner":"WAPA","Status":"Operational","Circuit":"Single","TLine_Name":" ","Length_Mile":2}},{"type":"Feature","geometry":{"type":"LineString","coordinates":[[-114.1419,34.2915],[-114.1332,34.2894],[-114.1188,34.2587],[-114.1059,34.2504],[-114.0996,34.2278],[-114.0634,34.1935],[-114.0416,34.1469],[-113.9149,34.0873]]},"properties":{"Name":"WAPA 230kV","kV":"230","kV_Sort":230,"Owner":"WAPA","Status":"Operational","Circuit":"Single","TLine_Name":" ","Length_Mile":20}},{"type":"Feature","geometry":{"type":"LineString","coordinates":[[-114.1421,34.3003],[-114.1374,34.3094]]},"properties":{"Name":"WAPA 230kV","kV":"230","kV_Sort":230,"Owner":"WAPA","Status":"Operational","Circuit":"Single","TLine_Name":" ","Length_Mile":1}},{"type":"Feature","geometry":{"type":"LineString","coordinates":[[-114.1421,34.3003],[-114.1371,34.3089]]},"properties":{"Name":"WAPA 230kV","kV":"230","kV_Sort":230,"Owner":"WAPA","Status":"Operational","Circuit":"Single","TLine_Name":" ","Length_Mile":1}},{"type":"Feature","geometry":{"type":"LineString","coordinates":[[-114.142,34.2912],[-114.1421,34.3003]]},"properties":{"Name":"WAPA 230kV","kV":"230","kV_Sort":230,"Owner":"WAPA","Status":"Operational","Circuit":"Single","TLine_Name":" ","Length_Mile":1}},{"type":"Feature","geometry":{"type":"LineString","coordinates":[[-114.1415,34.2906],[-114.1383,34.3098]]},"properties":{"Name":"WAPA 230kV","kV":"230","kV_Sort":230,"Owner":"WAPA","Status":"Operational","Circuit":"Single","TLine_Name":" ","Length_Mile":2}},{"type":"Feature","geometry":{"type":"LineString","coordinates":[[-114.1418,34.2909],[-114.171,34.2912]]},"properties":{"Name":"WAPA 230kV","kV":"230","kV_Sort":230,"Owner":"WAPA","Status":"Operational","Circuit":"Single","TLine_Name":" ","Length_Mile":2}},{"type":"Feature","geometry":{"type":"LineString","coordinates":[[-114.1573,34.3157],[-114.1578,34.3151]]},"properties":{"Name":"WAPA 230kV","kV":"230","kV_Sort":230,"Owner":"WAPA","Status":"Operational","Circuit":"Single","TLine_Name":" ","Length_Mile":0}},{"type":"Feature","geometry":{"type":"LineString","coordinates":[[-114.1571,34.3156],[-114.1578,34.3151]]},"properties":{"Name":"WAPA 230kV","kV":"230","kV_Sort":230,"Owner":"WAPA","Status":"Operational","Circuit":"Single","TLine_Name":" ","Length_Mile":0}},{"type":"Feature","geometry":{"type":"LineString","coordinates":[[-114.1578,34.3151],[-114.1607,34.2958],[-114.1713,34.2911]]},"properties":{"Name":"WAPA 230kV","kV":"230","kV_Sort":230,"Owner":"WAPA","Status":"Operational","Circuit":"Single","TLine_Name":" ","Length_Mile":2}},{"type":"Feature","geometry":{"type":"LineString","coordinates":[[-122.6258,40.6459],[-122.5582,40.5969],[-122.5373,40.5982]]},"properties":{"Name":"WAPA 230kV","kV":"230","kV_Sort":230,"Owner":"WAPA","Status":"Operational","Circuit":"Double","TLine_Name":"Carr-Whiskeytown","Length_Mile":6}},{"type":"Feature","geometry":{"type":"LineString","coordinates":[[-122.4676,40.628],[-122.4439,40.6105]]},"properties":{"Name":"WAPA 230kV","kV":"230","kV_Sort":230,"Owner":"WAPA","Status":"Operational","Circuit":"Single","TLine_Name":"Spring Creek - Keswick","Length_Mile":2}},{"type":"Feature","geometry":{"type":"LineString","coordinates":[[-122.2619,40.3976],[-122.1943,40.2839],[-122.1661,40.2639],[-122.1554,40.2315],[-122.0843,40.1222],[-121.9558,39.9723],[-121.884,39.9106],[-121.854,39.8345],[-121.7957,39.7769],[-121.7506,39.6835],[-121.6847,39.6251],[-121.6211,39.593],[-121.5823,39.5421],[-121.5481,39.5403],[-121.5319,39.4925],[-121.527,39.4152],[-121.5023,39.3242],[-121.4942,39.2445],[-121.4838,39.2214],[-121.4849,39.0133],[-121.4728,38.9407],[-121.4728,38.7325],[-121.3947,38.7631],[-121.2991,38.7681],[-121.2646,38.7613]]},"properties":{"Name":"WAPA 230kV","kV":"230","kV_Sort":230,"Owner":"WAPA","Status":"Operational","Circuit":"Double","TLine_Name":"Cottonwood - Rosevillve","Length_Mile":141}},{"type":"Feature","geometry":{"type":"LineString","coordinates":[[-121.3523,38.5079],[-121.3828,38.5389],[-121.3913,38.5626],[-121.418,38.5745],[-121.4236,38.5844]]},"properties":{"Name":"WAPA 230kV","kV":"230","kV_Sort":230,"Owner":"WAPA","Status":"Operational","Circuit":"Single","TLine_Name":"Hurley - Tracy #1","Length_Mile":7}},{"type":"Feature","geometry":{"type":"LineString","coordinates":[[-121.5437,37.8303],[-121.3871,37.9476],[-121.378,38.068],[-121.4017,38.1165],[-121.3581,38.2755],[-121.3496,38.4071],[-121.3523,38.5079]]},"properties":{"Name":"WAPA 230kV","kV":"230","kV_Sort":230,"Owner":"WAPA","Status":"Operational","Circuit":"Single","TLine_Name":"Hurley - Tracy #1","Length_Mile":51}},{"type":"Feature","geometry":{"type":"LineString","coordinates":[[-121.5822,37.7971],[-121.5576,37.8279],[-121.5399,37.8312],[-121.3875,37.9478],[-121.3784,38.0679],[-121.4021,38.1165],[-121.3586,38.2756],[-121.3523,38.5079]]},"properties":{"Name":"WAPA 230kV","kV":"230","kV_Sort":230,"Owner":"WAPA","Status":"Operational","Circuit":"Single","TLine_Name":"Hurley - Tracy #1","Length_Mile":54}},{"type":"Feature","geometry":{"type":"LineString","coordinates":[[-121.474,38.7296],[-121.4728,38.7325]]},"properties":{"Name":"WAPA 230kV","kV":"230","kV_Sort":230,"Owner":"WAPA","Status":"Operational","Circuit":"Single","TLine_Name":" ","Length_Mile":0}},{"type":"Feature","geometry":{"type":"LineString","coordinates":[[-122.2772,40.4305],[-122.2792,40.4285]]},"properties":{"Name":"WAPA 230kV","kV":"230","kV_Sort":230,"Owner":"WAPA","Status":"Operational","Circuit":"Single","TLine_Name":" ","Length_Mile":0}},{"type":"Feature","geometry":{"type":"LineString","coordinates":[[-121.548,39.5283],[-121.5465,39.5288]]},"properties":{"Name":"WAPA 230kV","kV":"230","kV_Sort":230,"Owner":"WAPA","Status":"Operational","Circuit":"Single","TLine_Name":" ","Length_Mile":0}},{"type":"Feature","geometry":{"type":"LineString","coordinates":[[-122.2616,40.3977],[-122.2861,40.4458],[-122.3069,40.4693],[-122.3266,40.5202]]},"properties":{"Name":"WAPA 230kV","kV":"230","kV_Sort":230,"Owner":"WAPA","Status":"Operational","Circuit":"Double","TLine_Name":"Airport - Cottonwood","Length_Mile":9}},{"type":"Feature","geometry":{"type":"LineString","coordinates":[[-121.2637,38.7615],[-121.2991,38.7677],[-121.3591,38.764]]},"properties":{"Name":"WAPA 230kV","kV":"230","kV_Sort":230,"Owner":"WAPA","Status":"Operational","Circuit":"Double","TLine_Name":" ","Length_Mile":5}},{"type":"Feature","geometry":{"type":"LineString","coordinates":[[-122.44,40.6091],[-122.4437,40.61]]},"properties":{"Name":"WAPA 230kV","kV":"230","kV_Sort":230,"Owner":"WAPA","Status":"Operational","Circuit":"Single","TLine_Name":"Keswick - Olinda #2","Length_Mile":0}},{"type":"Feature","geometry":{"type":"LineString","coordinates":[[-122.44,40.6091],[-122.444,40.6099]]},"properties":{"Name":"WAPA 230kV","kV":"230","kV_Sort":230,"Owner":"WAPA","Status":"Operational","Circuit":"Single","TLine_Name":"Keswick - Olinda #2","Length_Mile":0}},{"type":"Feature","geometry":{"type":"LineString","coordinates":[[-122.3797,40.3833],[-122.4154,40.4398],[-122.4265,40.4759],[-122.4263,40.542],[-122.4379,40.5557],[-122.4388,40.5867],[-122.4313,40.6043],[-122.44,40.6091]]},"properties":{"Name":"WAPA 230kV","kV":"230","kV_Sort":230,"Owner":"WAPA","Status":"Operational","Circuit":"Double","TLine_Name":"Keswick - Olinda #2","Length_Mile":17}},{"type":"Feature","geometry":{"type":"LineString","coordinates":[[-122.7619,40.7964],[-122.767,40.7926]]},"properties":{"Name":"WAPA 230kV","kV":"230","kV_Sort":230,"Owner":"WAPA","Status":"Operational","Circuit":"Single","TLine_Name":"Trinity Hydra-Trinity","Length_Mile":0}},{"type":"Feature","geometry":{"type":"LineString","coordinates":[[-120.5366,37.9441],[-120.5297,37.9465]]},"properties":{"Name":"WAPA 230kV","kV":"230","kV_Sort":230,"Owner":"WAPA","Status":"Operational","Circuit":"Single","TLine_Name":"New Melones - New Melones 2","Length_Mile":0}},{"type":"Feature","geometry":{"type":"LineString","coordinates":[[-120.5303,37.9467],[-120.5359,37.945]]},"properties":{"Name":"WAPA 230kV","kV":"230","kV_Sort":230,"Owner":"WAPA","Status":"Operational","Circuit":"Single","TLine_Name":"New Melones Pp - New Melones Swyd","Length_Mile":0}},{"type":"Feature","geometry":{"type":"LineString","coordinates":[[-121.7161,38.9974],[-121.7234,39.0235]]},"properties":{"Name":"WAPA 230kV","kV":"230","kV_Sort":230,"Owner":"WAPA","Status":"Operational","Circuit":"Single","TLine_Name":"Obanion - Elverta #2","Length_Mile":2}},{"type":"Feature","geometry":{"type":"LineString","coordinates":[[-121.7161,38.9974],[-121.7161,38.9974]]},"properties":{"Name":"WAPA 230kV","kV":"230","kV_Sort":230,"Owner":"WAPA","Status":"Operational","Circuit":"Single","TLine_Name":"Obanion - Elverta #2","Length_Mile":0}},{"type":"Feature","geometry":{"type":"LineString","coordinates":[[-121.7161,38.9974],[-121.7161,38.9974]]},"properties":{"Name":"WAPA 230kV","kV":"230","kV_Sort":230,"Owner":"WAPA","Status":"Operational","Circuit":"Single","TLine_Name":"Obanion - Elverta #2","Length_Mile":0}},{"type":"Feature","geometry":{"type":"LineString","coordinates":[[-121.7036,38.9876],[-121.7161,38.9974]]},"properties":{"Name":"WAPA 230kV","kV":"230","kV_Sort":230,"Owner":"WAPA","Status":"Operational","Circuit":"Single","TLine_Name":"Obanion - Elverta #2","Length_Mile":1}},{"type":"Feature","geometry":{"type":"LineString","coordinates":[[-121.6592,38.9559],[-121.7036,38.9876]]},"properties":{"Name":"WAPA 230kV","kV":"230","kV_Sort":230,"Owner":"WAPA","Status":"Operational","Circuit":"Single","TLine_Name":"Obanion - Elverta #2","Length_Mile":3}},{"type":"Feature","geometry":{"type":"LineString","coordinates":[[-121.6566,38.9535],[-121.6592,38.9559]]},"properties":{"Name":"WAPA 230kV","kV":"230","kV_Sort":230,"Owner":"WAPA","Status":"Operational","Circuit":"Single","TLine_Name":"Obanion - Elverta #2","Length_Mile":0}},{"type":"Feature","geometry":{"type":"LineString","coordinates":[[-121.569,38.8685],[-121.6566,38.9535]]},"properties":{"Name":"WAPA 230kV","kV":"230","kV_Sort":230,"Owner":"WAPA","Status":"Operational","Circuit":"Single","TLine_Name":"Obanion - Elverta #2","Length_Mile":8}},{"type":"Feature","geometry":{"type":"LineString","coordinates":[[-121.5455,38.8436],[-121.569,38.8685]]},"properties":{"Name":"WAPA 230kV","kV":"230","kV_Sort":230,"Owner":"WAPA","Status":"Operational","Circuit":"Single","TLine_Name":"Obanion - Elverta #2","Length_Mile":2}},{"type":"Feature","geometry":{"type":"LineString","coordinates":[[-121.5455,38.8436],[-121.5455,38.8436]]},"properties":{"Name":"WAPA 230kV","kV":"230","kV_Sort":230,"Owner":"WAPA","Status":"Operational","Circuit":"Single","TLine_Name":"Obanion - Elverta #2","Length_Mile":0}},{"type":"Feature","geometry":{"type":"LineString","coordinates":[[-121.5455,38.8436],[-121.5455,38.8436]]},"properties":{"Name":"WAPA 230kV","kV":"230","kV_Sort":230,"Owner":"WAPA","Status":"Operational","Circuit":"Single","TLine_Name":"Obanion - Elverta #2","Length_Mile":0}},{"type":"Feature","geometry":{"type":"LineString","coordinates":[[-121.5354,38.8338],[-121.5455,38.8436]]},"properties":{"Name":"WAPA 230kV","kV":"230","kV_Sort":230,"Owner":"WAPA","Status":"Operational","Circuit":"Single","TLine_Name":"Obanion - Elverta #2","Length_Mile":1}},{"type":"Feature","geometry":{"type":"LineString","coordinates":[[-121.5045,38.8107],[-121.5354,38.8338]]},"properties":{"Name":"WAPA 230kV","kV":"230","kV_Sort":230,"Owner":"WAPA","Status":"Operational","Circuit":"Single","TLine_Name":"Obanion - Elverta #2","Length_Mile":2}},{"type":"Feature","geometry":{"type":"LineString","coordinates":[[-121.473,38.7646],[-121.4729,38.7746],[-121.5045,38.8107]]},"properties":{"Name":"WAPA 230kV","kV":"230","kV_Sort":230,"Owner":"WAPA","Status":"Operational","Circuit":"Single","TLine_Name":"Obanion - Elverta #2","Length_Mile":4}},{"type":"Feature","geometry":{"type":"LineString","coordinates":[[-121.4731,38.7614],[-121.473,38.7646]]},"properties":{"Name":"WAPA 230kV","kV":"230","kV_Sort":230,"Owner":"WAPA","Status":"Operational","Circuit":"Single","TLine_Name":"Obanion - Elverta #2","Length_Mile":0}},{"type":"Feature","geometry":{"type":"LineString","coordinates":[[-121.4733,38.7492],[-121.4731,38.7614]]},"properties":{"Name":"WAPA 230kV","kV":"230","kV_Sort":230,"Owner":"WAPA","Status":"Operational","Circuit":"Single","TLine_Name":"Obanion - Elverta #2","Length_Mile":1}},{"type":"Feature","geometry":{"type":"LineString","coordinates":[[-121.4733,38.74],[-121.4733,38.7492]]},"properties":{"Name":"WAPA 230kV","kV":"230","kV_Sort":230,"Owner":"WAPA","Status":"Operational","Circuit":"Single","TLine_Name":"Obanion - Elverta #2","Length_Mile":1}},{"type":"Feature","geometry":{"type":"LineString","coordinates":[[-121.4798,38.7137],[-121.4733,38.74]]},"properties":{"Name":"WAPA 230kV","kV":"230","kV_Sort":230,"Owner":"WAPA","Status":"Operational","Circuit":"Single","TLine_Name":"Obanion - Elverta #2","Length_Mile":2}},{"type":"Feature","geometry":{"type":"LineString","coordinates":[[-122.3788,40.3835],[-122.393,40.4032],[-122.275,40.4061],[-122.2621,40.3982]]},"properties":{"Name":"WAPA 230kV","kV":"230","kV_Sort":230,"Owner":"WAPA","Status":"Operational","Circuit":"Double","TLine_Name":"Cottonwood - Olinda #2","Length_Mile":9}},{"type":"Feature","geometry":{"type":"LineString","coordinates":[[-121.419,38.5866],[-121.4666,38.5941],[-121.4801,38.6052],[-121.488,38.703],[-121.4792,38.7137]]},"properties":{"Name":"WAPA 230kV","kV":"230","kV_Sort":230,"Owner":"WAPA","Status":"Operational","Circuit":"Double","TLine_Name":"Elverta - Hurley #1","Length_Mile":12}},{"type":"Feature","geometry":{"type":"LineString","coordinates":[[-121.4179,38.5866],[-121.4666,38.594],[-121.4802,38.6051],[-121.4881,38.703],[-121.48,38.7135]]},"properties":{"Name":"WAPA 230kV","kV":"230","kV_Sort":230,"Owner":"WAPA","Status":"Operational","Circuit":"Double","TLine_Name":"Elverta - Hurley #2","Length_Mile":12}},{"type":"Feature","geometry":{"type":"LineString","coordinates":[[-121.3524,38.5079],[-121.3829,38.5388],[-121.3913,38.5626],[-121.4181,38.5745],[-121.4236,38.5844]]},"properties":{"Name":"WAPA 230kV","kV":"230","kV_Sort":230,"Owner":"WAPA","Status":"Operational","Circuit":"Single","TLine_Name":"Hurley - Tracy #2","Length_Mile":7}},{"type":"Feature","geometry":{"type":"LineString","coordinates":[[-121.3524,38.5079],[-121.3524,38.5079]]},"properties":{"Name":"WAPA 230kV","kV":"230","kV_Sort":230,"Owner":"WAPA","Status":"Operational","Circuit":"Single","TLine_Name":"Hurley - Tracy #2","Length_Mile":0}},{"type":"Feature","geometry":{"type":"LineString","coordinates":[[-121.3524,38.5079],[-121.3524,38.5079]]},"properties":{"Name":"WAPA 230kV","kV":"230","kV_Sort":230,"Owner":"WAPA","Status":"Operational","Circuit":"Single","TLine_Name":"Hurley - Tracy #2","Length_Mile":0}},{"type":"Feature","geometry":{"type":"LineString","coordinates":[[-121.3524,38.5079],[-121.3524,38.5079]]},"properties":{"Name":"WAPA 230kV","kV":"230","kV_Sort":230,"Owner":"WAPA","Status":"Operational","Circuit":"Single","TLine_Name":"Hurley - Tracy #2","Length_Mile":0}},{"type":"Feature","geometry":{"type":"LineString","coordinates":[[-121.5726,37.8093],[-121.5577,37.828],[-121.5399,37.8313],[-121.3875,37.9478],[-121.3785,38.0679],[-121.4021,38.1165],[-121.3586,38.2756],[-121.3524,38.5079]]},"properties":{"Name":"WAPA 230kV","kV":"230","kV_Sort":230,"Owner":"WAPA","Status":"Operational","Circuit":"Single","TLine_Name":"Hurley - Tracy #2","Length_Mile":55}},{"type":"Feature","geometry":{"type":"LineString","coordinates":[[-121.3524,38.5079],[-121.3524,38.5079]]},"properties":{"Name":"WAPA 230kV","kV":"230","kV_Sort":230,"Owner":"WAPA","Status":"Operational","Circuit":"Single","TLine_Name":"Hurley - Tracy #2","Length_Mile":0}},{"type":"Feature","geometry":{"type":"LineString","coordinates":[[-121.5437,37.8303],[-121.3871,37.9476],[-121.3781,38.068],[-121.4017,38.1165],[-121.3582,38.2755],[-121.3497,38.4071],[-121.3524,38.5079]]},"properties":{"Name":"WAPA 230kV","kV":"230","kV_Sort":230,"Owner":"WAPA","Status":"Operational","Circuit":"Single","TLine_Name":"Hurley - Tracy #2","Length_Mile":51}},{"type":"Feature","geometry":{"type":"LineString","coordinates":[[-122.3872,40.404],[-122.3947,40.4039],[-122.4161,40.4396],[-122.4273,40.4759],[-122.4272,40.5418],[-122.4387,40.5555],[-122.4396,40.5868],[-122.4249,40.6165],[-122.4208,40.6516],[-122.4277,40.6939],[-122.422,40.715]]},"properties":{"Name":"WAPA 230kV","kV":"230","kV_Sort":230,"Owner":"WAPA","Status":"Operational","Circuit":"Double","TLine_Name":"Shasta - Cottonwood #1","Length_Mile":23}},{"type":"Feature","geometry":{"type":"LineString","coordinates":[[-122.2611,40.3982],[-122.2749,40.4065],[-122.3944,40.4043],[-122.4157,40.4398],[-122.4268,40.4759],[-122.4267,40.5419],[-122.4383,40.5556],[-122.4392,40.5867],[-122.4245,40.6165],[-122.4203,40.6516],[-122.4272,40.694],[-122.4212,40.7149]]},"properties":{"Name":"WAPA 230kV","kV":"230","kV_Sort":230,"Owner":"WAPA","Status":"Operational","Circuit":"Double","TLine_Name":"Shasta - Cottonwood #2","Length_Mile":29}},{"type":"Feature","geometry":{"type":"LineString","coordinates":[[-122.2653,40.4028],[-122.2653,40.4028]]},"properties":{"Name":"WAPA 230kV","kV":"230","kV_Sort":230,"Owner":"WAPA","Status":"Operational","Circuit":"Double","TLine_Name":"Shasta - Cottonwood #2","Length_Mile":0}},{"type":"Feature","geometry":{"type":"LineString","coordinates":[[-121.7231,39.0235],[-121.7139,38.9962],[-121.599,38.9023],[-121.5286,38.8287],[-121.4734,38.7364],[-121.4795,38.7139]]},"properties":{"Name":"WAPA 230kV","kV":"230","kV_Sort":230,"Owner":"WAPA","Status":"Operational","Circuit":"Double","TLine_Name":" ","Length_Mile":26}},{"type":"Feature","geometry":{"type":"LineString","coordinates":[[-121.4802,38.7134],[-121.4885,38.7032],[-121.4863,38.6504]]},"properties":{"Name":"WAPA 230kV","kV":"230","kV_Sort":230,"Owner":"WAPA","Status":"Operational","Circuit":"Double","TLine_Name":" ","Length_Mile":5}},{"type":"Feature","geometry":{"type":"LineString","coordinates":[[-114.1408,34.2907],[-114.1062,34.2502],[-114.0999,34.2277],[-114.0637,34.1934],[-114.0419,34.1467],[-113.9143,34.0867]]},"properties":{"Name":"WAPA 230kV","kV":"230","kV_Sort":230,"Owner":"WAPA","Status":"Operational","Circuit":"Single","TLine_Name":" ","Length_Mile":20}},{"type":"Feature","geometry":{"type":"LineString","coordinates":[[-122.2657,40.4025],[-122.2618,40.3982]]},"properties":{"Name":"WAPA 230kV","kV":"230","kV_Sort":230,"Owner":"WAPA","Status":"Operational","Circuit":"Double","TLine_Name":"Cottonwood - Olinda #1","Length_Mile":0}},{"type":"Feature","geometry":{"type":"LineString","coordinates":[[-122.6228,40.6432],[-122.6257,40.6459]]},"properties":{"Name":"WAPA 230kV","kV":"230","kV_Sort":230,"Owner":"WAPA","Status":"Operational","Circuit":"Single","TLine_Name":"Carr - Keswick #2","Length_Mile":0}},{"type":"Feature","geometry":{"type":"LineString","coordinates":[[-122.4519,40.609],[-122.4423,40.6107]]},"properties":{"Name":"WAPA 230kV","kV":"230","kV_Sort":230,"Owner":"WAPA","Status":"Operational","Circuit":"Single","TLine_Name":"Keswick Pp Tap-Keswick Tap","Length_Mile":1}},{"type":"Feature","geometry":{"type":"LineString","coordinates":[[-122.4442,40.6097],[-122.509,40.6073],[-122.5378,40.5984]]},"properties":{"Name":"WAPA 230kV","kV":"230","kV_Sort":230,"Owner":"WAPA","Status":"Operational","Circuit":"Double","TLine_Name":"Whiskeytown-Keswick","Length_Mile":5}},{"type":"Feature","geometry":{"type":"LineString","coordinates":[[-121.5358,39.5375],[-121.5375,39.5518],[-121.5046,39.6642],[-121.4865,39.6865],[-121.4811,39.7202],[-121.4741,39.7188]]},"properties":{"Name":"PG&E 230kV","kV":"230","kV_Sort":230,"Owner":"PG&E","Status":"Operational","Circuit":"Double","TLine_Name":" ","Length_Mile":39}},{"type":"Feature","geometry":{"type":"LineString","coordinates":[[-121.4744,39.7189],[-121.4701,39.7236]]},"properties":{"Name":"PG&E 230kV","kV":"230","kV_Sort":230,"Owner":"PG&E","Status":"Operational","Circuit":"Double","TLine_Name":" ","Length_Mile":1}},{"type":"Feature","geometry":{"type":"LineString","coordinates":[[-121.4699,39.7234],[-121.4741,39.7188]]},"properties":{"Name":"PG&E 230kV","kV":"230","kV_Sort":230,"Owner":"PG&E","Status":"Operational","Circuit":"Double","TLine_Name":" ","Length_Mile":1}}]}